Customer ID,Age,Gender,Item Purchased,Category,Purchase Amount (INR),Location,Size,Color,Season,Review Rating,Subscription Status,Shipping Type,Discount Applied,Promo Code Used,Previous Purchases,Payment Method,Frequency of Purchases
1,55,Male,Blouse,Clothing,2915,Delhi,L,Gray,Winter,3.1,Yes,Express,Yes,Yes,14,GooglePay,Fortnightly
2,19,Male,Sweater,Clothing,3520,Mumbai,L,Maroon,Winter,3.1,Yes,Express,Yes,Yes,2,Cash,Fortnightly
3,50,Male,Jeans,Clothing,4015,Kolkata,S,Maroon,Spring,3.1,Yes,Free Shipping,Yes,Yes,23,Credit Card,Weekly
4,21,Male,Sandals,Footwear,4950,Bangalore,M,Maroon,Spring,3.5,Yes,Next Day Air,Yes,Yes,49,PhonPe,Weekly
5,45,Male,Blouse,Clothing,2695,Chandigarh,M,Turquoise,Spring,2.7,Yes,Free Shipping,Yes,Yes,31,PhonPe,Annually
6,46,Male,Sneakers,Footwear,1100,Nagpur,M,White,Summer,2.9,Yes,Standard,Yes,Yes,14,GooglePay,Weekly
7,63,Male,Shirt,Clothing,4675,Ahmedabad,M,Gray,Fall,3.2,Yes,Free Shipping,Yes,Yes,49,Cash,Quarterly
8,27,Male,Shorts,Clothing,1870,Lucknow,L,Charcoal,Winter,3.2,Yes,Free Shipping,Yes,Yes,19,Credit Card,Weekly
9,26,Male,Coat,Outerwear,5335,Ranchi,L,Silver,Summer,2.6,Yes,Express,Yes,Yes,8,GooglePay,Annually
10,57,Male,Handbag,Accessories,1705,Mussoorie,M,Pink,Spring,4.8,Yes,2-Day Shipping,Yes,Yes,4,Cash,Quarterly
11,53,Male,Shoes,Footwear,1870,Gurgaon,L,Purple,Fall,4.1,Yes,Store Pickup,Yes,Yes,26,Bank Transfer,Bi-Weekly
12,30,Male,Shorts,Clothing,3740,Raipur,S,Olive,Winter,4.9,Yes,Store Pickup,Yes,Yes,10,Bank Transfer,Fortnightly
13,61,Male,Coat,Outerwear,3960,Chennai,M,Gold,Winter,4.5,Yes,Express,Yes,Yes,37,GooglePay,Fortnightly
14,65,Male,Dress,Clothing,2805,Hyderabad,M,Violet,Spring,4.7,Yes,Express,Yes,Yes,31,PhonPe,Weekly
15,64,Male,Coat,Outerwear,2915,Chandrapur,L,Teal,Winter,4.7,Yes,Free Shipping,Yes,Yes,34,Debit Card,Weekly
16,64,Male,Skirt,Clothing,4455,Bangalore,M,Teal,Winter,2.8,Yes,Store Pickup,Yes,Yes,8,PhonPe,Monthly
17,25,Male,Sunglasses,Accessories,1980,Nellore,S,Gray,Spring,4.1,Yes,Next Day Air,Yes,Yes,44,Debit Card,Bi-Weekly
18,53,Male,Dress,Clothing,2090,Indore,XL,Lavender,Winter,4.7,Yes,2-Day Shipping,Yes,Yes,36,GooglePay,Quarterly
19,52,Male,Sweater,Clothing,2640,Ahmedabad,S,Black,Summer,4.6,Yes,Free Shipping,Yes,Yes,17,Cash,Weekly
20,66,Male,Pants,Clothing,4950,Bangalore,M,Green,Summer,3.3,Yes,Standard,Yes,Yes,46,Debit Card,Bi-Weekly
21,21,Male,Pants,Clothing,2805,Lucknow,M,Black,Winter,2.8,Yes,Express,Yes,Yes,50,Cash,Every 3 Months
22,31,Male,Pants,Clothing,3410,Udaipur,M,Charcoal,Winter,4.1,Yes,Store Pickup,Yes,Yes,22,Debit Card,Quarterly
23,56,Male,Pants,Clothing,2035,Vadodara,M,Peach,Summer,3.2,Yes,Store Pickup,Yes,Yes,32,Debit Card,Annually
24,31,Male,Pants,Clothing,4840,Surat,XL,White,Winter,4.4,Yes,Express,Yes,Yes,40,Credit Card,Weekly
25,18,Male,Jacket,Outerwear,1210,Ghaziabad,M,Green,Fall,2.9,Yes,Store Pickup,Yes,Yes,16,Debit Card,Weekly
26,18,Male,Hoodie,Clothing,1375,Amritsar,M,Silver,Summer,3.6,Yes,Express,Yes,Yes,14,PhonPe,Annually
27,38,Male,Jewelry,Accessories,1100,Srinagar,M,Red,Spring,3.6,Yes,Next Day Air,Yes,Yes,13,Credit Card,Annually
28,56,Male,Shorts,Clothing,3080,Delhi,L,Cyan,Summer,5,Yes,Next Day Air,Yes,Yes,7,Bank Transfer,Every 3 Months
29,54,Male,Handbag,Accessories,5170,Udaipur,M,Gray,Fall,4.4,Yes,Free Shipping,Yes,Yes,41,PhonPe,Every 3 Months
30,31,Male,Dress,Clothing,2640,Nagpur,S,Black,Fall,4.1,Yes,Store Pickup,Yes,Yes,14,Credit Card,Weekly
31,57,Male,Jewelry,Accessories,1705,Udaipur,L,Black,Winter,4.7,Yes,Standard,Yes,Yes,16,Credit Card,Monthly
32,33,Male,Dress,Clothing,4345,Ranchi,L,Brown,Winter,4.7,Yes,Store Pickup,Yes,Yes,45,GooglePay,Monthly
33,36,Male,Jacket,Outerwear,3685,Varanasi,M,Silver,Summer,4.9,Yes,Free Shipping,Yes,Yes,37,GooglePay,Annually
34,54,Male,Pants,Clothing,2090,Dhanbad,L,Green,Summer,3.3,Yes,Store Pickup,Yes,Yes,45,Cash,Quarterly
35,36,Male,T-shirt,Clothing,5005,Bhubaneswar,L,Violet,Spring,4.6,Yes,2-Day Shipping,Yes,Yes,38,PhonPe,Quarterly
36,54,Male,Blouse,Clothing,1815,Kolkata,M,Cyan,Summer,4,Yes,2-Day Shipping,Yes,Yes,48,Credit Card,Bi-Weekly
37,35,Male,T-shirt,Clothing,3795,Visakhapatnam,M,Maroon,Winter,4.6,Yes,Free Shipping,Yes,Yes,44,PhonPe,Fortnightly
38,35,Male,Jeans,Clothing,2475,Vijaywada,S,Cyan,Summer,2.8,Yes,Store Pickup,Yes,Yes,10,PhonPe,Weekly
39,29,Male,Dress,Clothing,2035,Ghaziabad,M,Red,Winter,,Yes,2-Day Shipping,Yes,Yes,44,GooglePay,Every 3 Months
40,70,Male,Pants,Clothing,3300,Coimbatore,S,Turquoise,Summer,4.2,Yes,Express,Yes,Yes,18,Credit Card,Monthly
41,69,Male,Handbag,Accessories,4180,Lucknow,L,Beige,Winter,4.6,Yes,Next Day Air,Yes,Yes,31,Debit Card,Quarterly
42,67,Male,Scarf,Accessories,2145,Rameswaram,M,Orange,Spring,4.5,Yes,Standard,Yes,Yes,40,GooglePay,Annually
43,20,Male,Coat,Outerwear,5500,Kochi,M,Beige,Spring,4.1,Yes,Free Shipping,Yes,Yes,15,PhonPe,Annually
44,25,Male,Scarf,Accessories,3795,Mysuru,L,Lavender,Fall,3.7,Yes,Store Pickup,Yes,Yes,19,PhonPe,Fortnightly
45,39,Male,Hat,Accessories,2915,Delhi,S,Silver,Summer,4.6,Yes,Free Shipping,Yes,Yes,45,PhonPe,Weekly
46,50,Male,Socks,Clothing,1155,Kochi,XL,Indigo,Fall,2.9,Yes,2-Day Shipping,Yes,Yes,25,PhonPe,Annually
47,57,Male,Shirt,Clothing,2365,Vadodara,L,White,Summer,2.9,Yes,Store Pickup,Yes,Yes,45,Cash,Quarterly
48,55,Male,Jewelry,Accessories,2970,Ahmedabad,M,Charcoal,Winter,4.5,Yes,Free Shipping,Yes,Yes,36,Cash,Weekly
49,42,Male,Shirt,Clothing,3025,Srinagar,M,Orange,Summer,2.7,Yes,Store Pickup,Yes,Yes,38,Cash,Monthly
50,68,Male,Hoodie,Clothing,1650,Mangaluru,S,Indigo,Spring,4.6,Yes,Next Day Air,Yes,Yes,34,Debit Card,Bi-Weekly
51,49,Male,Blouse,Clothing,1540,Kolhapur,M,Red,Spring,,Yes,Store Pickup,Yes,Yes,39,Debit Card,Bi-Weekly
52,59,Male,Skirt,Clothing,3245,Pune,XL,Gray,Winter,4.7,Yes,2-Day Shipping,Yes,Yes,7,Credit Card,Quarterly
53,42,Male,T-shirt,Clothing,1100,Rameswaram,M,Green,Summer,2.6,Yes,Free Shipping,Yes,Yes,26,Credit Card,Weekly
54,29,Male,Skirt,Clothing,1320,Indore,S,Peach,Winter,3.9,Yes,Next Day Air,Yes,Yes,35,Credit Card,Weekly
55,47,Male,Coat,Outerwear,5170,Nanded,M,Brown,Summer,4.2,Yes,Next Day Air,Yes,Yes,35,Debit Card,Bi-Weekly
56,40,Male,Jacket,Outerwear,1540,Nashik,M,Lavender,Winter,3,Yes,2-Day Shipping,Yes,Yes,49,Credit Card,Annually
57,41,Male,Backpack,Accessories,4015,Indore,XL,Brown,Summer,4.7,Yes,Store Pickup,Yes,Yes,46,Credit Card,Weekly
58,21,Male,Coat,Outerwear,3520,Ranchi,M,White,Summer,4.4,Yes,Store Pickup,Yes,Yes,17,Debit Card,Fortnightly
59,69,Male,Hoodie,Clothing,2970,Mussoorie,M,Charcoal,Summer,4.2,Yes,Free Shipping,Yes,Yes,29,GooglePay,Monthly
60,63,Male,Belt,Accessories,4345,Lucknow,L,Yellow,Spring,4.6,Yes,Standard,Yes,Yes,4,Debit Card,Weekly
61,50,Male,Sweater,Clothing,2035,Ujjain,L,Brown,Summer,4,Yes,Express,Yes,Yes,17,Cash,Weekly
62,55,Male,Scarf,Accessories,3740,Amritsar,M,Orange,Winter,4.7,Yes,Store Pickup,Yes,Yes,21,Credit Card,Every 3 Months
63,30,Male,Sneakers,Footwear,1155,Indore,S,Magenta,Spring,3.8,Yes,Free Shipping,Yes,Yes,31,Credit Card,Fortnightly
64,33,Male,Sunglasses,Accessories,4345,Coimbatore,L,Lavender,Winter,2.7,Yes,2-Day Shipping,Yes,Yes,43,Credit Card,Weekly
65,65,Male,Boots,Footwear,4565,Nellore,S,Green,Fall,4.8,Yes,Standard,Yes,Yes,18,Debit Card,Fortnightly
66,65,Male,Backpack,Accessories,1980,Mangaluru,M,Purple,Spring,4.8,Yes,2-Day Shipping,Yes,Yes,44,GooglePay,Every 3 Months
67,31,Male,Blouse,Clothing,5170,Kota,S,Magenta,Winter,4.7,Yes,2-Day Shipping,Yes,Yes,3,GooglePay,Every 3 Months
68,45,Male,Coat,Outerwear,1815,Gwalior,L,Gray,Winter,4.4,Yes,Store Pickup,Yes,Yes,49,Debit Card,Monthly
69,57,Male,Handbag,Accessories,2530,Jalandhar,L,Silver,Summer,3.9,Yes,Next Day Air,Yes,Yes,21,Cash,Every 3 Months
70,48,Male,Belt,Accessories,3850,Kochi,S,Cyan,Summer,4.4,Yes,Express,Yes,Yes,5,Cash,Weekly
71,22,Male,Belt,Accessories,1595,Nellore,M,Magenta,Fall,4.2,Yes,Express,Yes,Yes,32,Debit Card,Every 3 Months
72,36,Male,Dress,Clothing,2640,Shimla,L,Gold,Summer,2.9,Yes,Express,Yes,Yes,34,Bank Transfer,Annually
73,18,Male,Dress,Clothing,1430,Bareily,M,Olive,Winter,2.9,Yes,Store Pickup,Yes,Yes,21,Bank Transfer,Every 3 Months
74,48,Male,Pants,Clothing,4675,Raipur,M,Teal,Spring,2.7,Yes,Free Shipping,Yes,Yes,43,Bank Transfer,Bi-Weekly
75,49,Male,Gloves,Accessories,3190,Vijaywada,L,Violet,Spring,4.5,Yes,Express,Yes,Yes,3,Cash,Monthly
76,64,Male,Scarf,Accessories,4675,Jalandhar,M,Blue,Summer,2.7,Yes,Free Shipping,Yes,Yes,21,Credit Card,Annually
77,50,Male,Hat,Accessories,2365,Chennai,S,Teal,Summer,4.2,Yes,Free Shipping,Yes,Yes,32,GooglePay,Monthly
78,22,Male,Dress,Clothing,2915,Chennai,L,Gold,Summer,3.3,Yes,Next Day Air,Yes,Yes,36,Debit Card,Fortnightly
79,50,Male,Skirt,Clothing,5005,Nainital,M,Maroon,Spring,4.7,Yes,Free Shipping,Yes,Yes,50,GooglePay,Fortnightly
80,38,Male,Jacket,Outerwear,5280,Sultanpur,M,Olive,Winter,2.6,Yes,2-Day Shipping,Yes,Yes,43,Bank Transfer,Every 3 Months
81,19,Male,Sandals,Footwear,3960,Chandrapur,XL,Blue,Summer,,Yes,Store Pickup,Yes,Yes,24,Credit Card,Every 3 Months
82,67,Male,Shoes,Footwear,5280,Shimla,L,Maroon,Summer,2.6,Yes,Express,Yes,Yes,36,Credit Card,Every 3 Months
83,19,Male,Pants,Clothing,1540,Bareily,S,Olive,Spring,4,Yes,2-Day Shipping,Yes,Yes,21,Credit Card,Every 3 Months
84,36,Male,Dress,Clothing,2200,Amritsar,M,Turquoise,Summer,4.1,Yes,Standard,Yes,Yes,34,Bank Transfer,Weekly
85,52,Male,Coat,Outerwear,1760,Coimbatore,S,Peach,Spring,4.4,Yes,Standard,Yes,Yes,42,Bank Transfer,Every 3 Months
86,53,Male,Sunglasses,Accessories,5225,Nanded,M,Charcoal,Winter,4.5,Yes,Next Day Air,Yes,Yes,2,Debit Card,Bi-Weekly
87,24,Male,Hoodie,Clothing,2255,Srinagar,L,Pink,Spring,3.7,Yes,2-Day Shipping,Yes,Yes,47,Cash,Bi-Weekly
88,52,Male,Shoes,Footwear,2915,Mysuru,M,Green,Fall,3.7,Yes,2-Day Shipping,Yes,Yes,44,Debit Card,Fortnightly
89,33,Male,T-shirt,Clothing,2585,Nagpur,M,Orange,Fall,3.5,Yes,Free Shipping,Yes,Yes,35,Credit Card,Monthly
90,47,Male,Jacket,Outerwear,4565,Vadodara,XL,Pink,Fall,3.6,Yes,Next Day Air,Yes,Yes,15,Cash,Quarterly
91,25,Male,Hat,Accessories,2640,Nashik,L,Violet,Summer,2.9,Yes,Express,Yes,Yes,29,Credit Card,Monthly
92,44,Male,Scarf,Accessories,5445,Nashik,S,Green,Winter,4.6,Yes,Standard,Yes,Yes,18,Credit Card,Every 3 Months
93,61,Male,Jacket,Outerwear,4785,Amritsar,M,Olive,Winter,4.4,Yes,2-Day Shipping,Yes,Yes,13,GooglePay,Every 3 Months
94,37,Male,Sweater,Clothing,3410,Ghaziabad,M,Purple,Fall,4.5,Yes,Standard,Yes,Yes,46,Credit Card,Weekly
95,58,Male,Skirt,Clothing,4180,Srinagar,S,Silver,Spring,4.6,Yes,Free Shipping,Yes,Yes,28,Credit Card,Weekly
96,37,Male,Sneakers,Footwear,5500,Mussoorie,L,Pink,Fall,3.8,Yes,Free Shipping,Yes,Yes,48,PhonPe,Monthly
97,32,Male,Gloves,Accessories,4015,Chennai,S,Gold,Spring,,Yes,Express,Yes,Yes,43,GooglePay,Every 3 Months
98,21,Male,Shoes,Footwear,5060,Shimla,M,Teal,Winter,4.8,Yes,Store Pickup,Yes,Yes,37,Cash,Annually
99,20,Male,Jeans,Clothing,3685,Chandrapur,XL,Teal,Spring,2.6,Yes,Next Day Air,Yes,Yes,20,Bank Transfer,Annually
100,26,Male,Hoodie,Clothing,2200,Mussoorie,XL,Indigo,Summer,3.7,Yes,Express,Yes,Yes,33,Debit Card,Quarterly
101,62,Male,Sunglasses,Accessories,5390,Ayodhya,M,Maroon,Fall,2.7,Yes,Express,Yes,Yes,31,Cash,Fortnightly
102,27,Male,Coat,Outerwear,4675,Bhubaneswar,XL,White,Spring,4.6,Yes,Express,Yes,Yes,50,Credit Card,Bi-Weekly
103,51,Male,Socks,Clothing,3685,Surat,L,Violet,Winter,4.8,Yes,Next Day Air,Yes,Yes,35,Credit Card,Quarterly
104,54,Male,Boots,Footwear,4895,Ranchi,L,Red,Winter,4,Yes,Next Day Air,Yes,Yes,22,GooglePay,Bi-Weekly
105,55,Male,Sunglasses,Accessories,1320,Hyderabad,L,Pink,Spring,4.4,Yes,2-Day Shipping,Yes,Yes,1,PhonPe,Monthly
106,69,Male,Backpack,Accessories,5280,Chandrapur,M,Charcoal,Fall,3.6,Yes,Next Day Air,Yes,Yes,4,Bank Transfer,Annually
107,64,Male,Jacket,Outerwear,1925,Prayagraj,L,White,Summer,3.7,Yes,Standard,Yes,Yes,31,Credit Card,Monthly
108,28,Male,Sneakers,Footwear,3685,Kolhapur,L,Olive,Winter,3.1,Yes,Next Day Air,Yes,Yes,46,PhonPe,Fortnightly
109,70,Male,Socks,Clothing,4345,Ahmedabad,L,Purple,Spring,3.4,Yes,Next Day Air,Yes,Yes,32,Bank Transfer,Bi-Weekly
110,58,Male,T-shirt,Clothing,4675,Nellore,M,Violet,Spring,2.6,Yes,Next Day Air,Yes,Yes,43,Bank Transfer,Fortnightly
111,56,Male,Backpack,Accessories,1430,Chandrapur,M,Black,Summer,4,Yes,Standard,Yes,Yes,26,GooglePay,Fortnightly
112,26,Male,Belt,Accessories,4125,Kolkata,L,Purple,Summer,5,Yes,Free Shipping,Yes,Yes,9,Credit Card,Annually
113,37,Male,Gloves,Accessories,3575,Ghaziabad,M,Red,Spring,4.3,Yes,Free Shipping,Yes,Yes,28,PhonPe,Bi-Weekly
114,44,Male,Hat,Accessories,2970,Mangaluru,L,Maroon,Winter,3.1,Yes,Next Day Air,Yes,Yes,20,PhonPe,Quarterly
115,70,Male,Coat,Outerwear,5225,Kolkata,S,Blue,Summer,3.7,Yes,Store Pickup,Yes,Yes,9,Cash,Weekly
116,53,Male,Skirt,Clothing,5170,Nagpur,M,Gray,Spring,3.8,Yes,Standard,Yes,Yes,48,Debit Card,Every 3 Months
117,55,Male,Shoes,Footwear,4730,Shimla,S,Blue,Spring,3.4,Yes,Free Shipping,Yes,Yes,12,GooglePay,Annually
118,50,Male,Sandals,Footwear,1760,Ayodhya,L,Yellow,Summer,4.6,Yes,Express,Yes,Yes,29,Cash,Fortnightly
119,50,Male,Sweater,Clothing,2475,Delhi,L,Orange,Fall,4.8,Yes,2-Day Shipping,Yes,Yes,27,Cash,Bi-Weekly
120,38,Male,Coat,Outerwear,4180,Nagpur,M,Orange,Fall,4.3,Yes,Express,Yes,Yes,44,Cash,Annually
121,64,Male,Hat,Accessories,4620,Ranchi,L,Red,Summer,4,Yes,Express,Yes,Yes,32,Bank Transfer,Annually
122,19,Male,Shorts,Clothing,3960,Shimla,M,Olive,Winter,4.2,Yes,Standard,Yes,Yes,11,Cash,Fortnightly
123,40,Male,Backpack,Accessories,2200,Patna,L,Brown,Spring,4.8,Yes,2-Day Shipping,Yes,Yes,44,Cash,Fortnightly
124,57,Male,Sweater,Clothing,4895,Lucknow,L,Brown,Fall,3.1,Yes,Free Shipping,Yes,Yes,46,Cash,Weekly
125,44,Male,Sweater,Clothing,4730,Srinagar,M,Gray,Spring,3.1,Yes,Next Day Air,Yes,Yes,50,PhonPe,Annually
126,49,Male,Shorts,Clothing,2970,Vadodara,M,Indigo,Winter,3.6,Yes,Next Day Air,Yes,Yes,45,GooglePay,Every 3 Months
127,43,Male,Shorts,Clothing,1980,Indore,L,Pink,Spring,3.9,Yes,Store Pickup,Yes,Yes,48,Cash,Every 3 Months
128,24,Male,Sweater,Clothing,4895,Indore,M,Gray,Winter,4.8,Yes,Next Day Air,Yes,Yes,26,Credit Card,Weekly
129,20,Male,Scarf,Accessories,1760,Vadodara,M,Gold,Spring,4.7,Yes,Standard,Yes,Yes,21,Credit Card,Fortnightly
130,24,Male,Dress,Clothing,3685,Kota,XL,Olive,Summer,4.2,Yes,2-Day Shipping,Yes,Yes,49,PhonPe,Bi-Weekly
131,44,Male,Scarf,Accessories,2145,Delhi,L,Violet,Fall,3.7,Yes,Next Day Air,Yes,Yes,13,PhonPe,Fortnightly
132,28,Male,Skirt,Clothing,1595,Mumbai,L,Indigo,Summer,3.9,Yes,Standard,Yes,Yes,46,Credit Card,Weekly
133,30,Male,Backpack,Accessories,3190,Nanded,M,Orange,Fall,4.7,Yes,2-Day Shipping,Yes,Yes,42,PhonPe,Weekly
134,52,Male,Sweater,Clothing,3575,Ahmedabad,M,Violet,Winter,2.5,Yes,Next Day Air,Yes,Yes,25,GooglePay,Annually
135,43,Male,Hat,Accessories,5170,Amritsar,L,Gray,Fall,4.9,Yes,Store Pickup,Yes,Yes,25,Cash,Monthly
136,43,Male,Sandals,Footwear,4455,Varanasi,M,Purple,Fall,4.1,Yes,Express,Yes,Yes,12,PhonPe,Quarterly
137,39,Male,Blouse,Clothing,4730,Nashik,M,White,Winter,3.3,Yes,Free Shipping,Yes,Yes,4,Debit Card,Quarterly
138,68,Male,Sneakers,Footwear,2365,Dhanbad,M,Turquoise,Spring,4.7,Yes,Free Shipping,Yes,Yes,38,PhonPe,Weekly
139,68,Male,Skirt,Clothing,1595,Bareily,M,Maroon,Winter,4.4,Yes,Store Pickup,Yes,Yes,42,Bank Transfer,Weekly
140,49,Male,Coat,Outerwear,5225,Ghaziabad,M,White,Fall,3.8,Yes,Store Pickup,Yes,Yes,30,GooglePay,Annually
141,63,Male,Shirt,Clothing,1540,Udaipur,L,Yellow,Fall,3.9,Yes,2-Day Shipping,Yes,Yes,50,Credit Card,Weekly
142,56,Male,Gloves,Accessories,2530,Shimla,M,Turquoise,Fall,4.9,Yes,Free Shipping,Yes,Yes,45,PhonPe,Weekly
143,37,Male,Jacket,Outerwear,3190,Nainital,L,Violet,Fall,3.1,Yes,Free Shipping,Yes,Yes,33,Credit Card,Fortnightly
144,30,Male,Coat,Outerwear,2640,Mussoorie,M,Beige,Fall,2.7,Yes,Store Pickup,Yes,Yes,25,PhonPe,Quarterly
145,19,Male,Shoes,Footwear,2365,Mangaluru,M,Silver,Fall,3.2,Yes,Express,Yes,Yes,25,Cash,Monthly
146,24,Male,Jewelry,Accessories,5225,Mussoorie,M,Teal,Fall,4.5,Yes,Standard,Yes,Yes,44,Debit Card,Quarterly
147,52,Male,Skirt,Clothing,1650,Dhanbad,S,Black,Fall,4,Yes,Standard,Yes,Yes,21,GooglePay,Fortnightly
148,63,Male,Shoes,Footwear,3520,Ujjain,M,Purple,Summer,3.5,Yes,2-Day Shipping,Yes,Yes,31,Bank Transfer,Fortnightly
149,37,Male,Gloves,Accessories,4950,Nagpur,M,Gray,Fall,2.6,Yes,Store Pickup,Yes,Yes,47,Debit Card,Annually
150,38,Male,Pants,Clothing,4180,Chennai,M,White,Summer,3.2,Yes,Free Shipping,Yes,Yes,14,PhonPe,Monthly
151,35,Male,Boots,Footwear,5280,Vadodara,L,Cyan,Fall,4.9,Yes,Standard,Yes,Yes,17,Debit Card,Every 3 Months
152,28,Male,Sunglasses,Accessories,2585,Bhubaneswar,L,Turquoise,Fall,4.5,Yes,Next Day Air,Yes,Yes,3,GooglePay,Annually
153,30,Male,Shirt,Clothing,4675,Nashik,S,Brown,Summer,4.3,Yes,Express,Yes,Yes,42,GooglePay,Annually
154,69,Male,Hoodie,Clothing,3025,Udaipur,M,Maroon,Winter,3.2,Yes,Standard,Yes,Yes,22,Debit Card,Annually
155,41,Male,Dress,Clothing,5390,Surat,M,Charcoal,Fall,3.6,Yes,Next Day Air,Yes,Yes,21,GooglePay,Quarterly
156,63,Male,Socks,Clothing,4235,Mumbai,S,Olive,Spring,4.3,Yes,Free Shipping,Yes,Yes,21,Bank Transfer,Quarterly
157,35,Male,Shorts,Clothing,1430,Mussoorie,M,Lavender,Fall,4,Yes,Standard,Yes,Yes,40,Debit Card,Annually
158,36,Male,Hat,Accessories,3740,Pune,S,Yellow,Fall,3,Yes,Next Day Air,Yes,Yes,1,Bank Transfer,Fortnightly
159,25,Male,Shirt,Clothing,4015,Gwalior,XL,Teal,Fall,4.1,Yes,Standard,Yes,Yes,50,Bank Transfer,Monthly
160,58,Male,Gloves,Accessories,1485,Hyderabad,M,Charcoal,Fall,3.8,Yes,Store Pickup,Yes,Yes,39,Bank Transfer,Every 3 Months
161,27,Male,Gloves,Accessories,1265,Amritsar,M,Orange,Summer,4.6,Yes,Free Shipping,Yes,Yes,34,GooglePay,Monthly
162,65,Male,Backpack,Accessories,2695,Bhubaneswar,M,Olive,Fall,3,Yes,Express,Yes,Yes,29,GooglePay,Fortnightly
163,54,Male,Sunglasses,Accessories,4070,Vadodara,M,Turquoise,Summer,3,Yes,Store Pickup,Yes,Yes,31,PhonPe,Bi-Weekly
164,54,Male,Skirt,Clothing,3685,Shimla,M,Purple,Summer,3.4,Yes,Standard,Yes,Yes,8,Debit Card,Weekly
165,59,Male,Handbag,Accessories,3575,Chennai,S,Purple,Spring,2.6,Yes,Free Shipping,Yes,Yes,5,Credit Card,Fortnightly
166,42,Male,Handbag,Accessories,3300,Delhi,S,Yellow,Winter,2.8,Yes,Store Pickup,Yes,Yes,7,Cash,Monthly
167,46,Male,Sneakers,Footwear,1705,Chennai,XL,Indigo,Fall,4,Yes,Store Pickup,Yes,Yes,30,Cash,Monthly
168,33,Male,Gloves,Accessories,1485,Gurgaon,M,Green,Fall,4,Yes,Express,Yes,Yes,14,Credit Card,Every 3 Months
169,34,Male,Shoes,Footwear,4400,Lucknow,M,Magenta,Summer,3,Yes,Express,Yes,Yes,5,Cash,Fortnightly
170,27,Male,Jacket,Outerwear,1650,Srinagar,S,Gold,Summer,3.3,Yes,Standard,Yes,Yes,3,PhonPe,Every 3 Months
171,52,Male,Shirt,Clothing,1375,Nagpur,M,Maroon,Fall,2.6,Yes,Store Pickup,Yes,Yes,46,GooglePay,Bi-Weekly
172,29,Male,Shorts,Clothing,1925,Shimla,M,Blue,Summer,3.6,Yes,Store Pickup,Yes,Yes,4,Credit Card,Weekly
173,54,Male,Jewelry,Accessories,3685,Nainital,M,Violet,Summer,3.9,Yes,Next Day Air,Yes,Yes,42,Credit Card,Bi-Weekly
174,25,Male,Hat,Accessories,2530,Raipur,M,Turquoise,Fall,3.4,Yes,Standard,Yes,Yes,30,Cash,Annually
175,41,Male,Shoes,Footwear,1925,Pune,L,Brown,Winter,3.5,Yes,Express,Yes,Yes,37,GooglePay,Annually
176,53,Male,Coat,Outerwear,4730,Surat,L,Violet,Fall,2.8,Yes,Next Day Air,Yes,Yes,2,Bank Transfer,Annually
177,53,Male,Backpack,Accessories,4455,Hyderabad,L,Black,Spring,2.7,Yes,Next Day Air,Yes,Yes,30,Credit Card,Quarterly
178,21,Male,Hoodie,Clothing,2310,Varanasi,L,Magenta,Fall,3.7,Yes,Next Day Air,Yes,Yes,47,Bank Transfer,Monthly
179,61,Male,Skirt,Clothing,2365,Ujjain,L,Lavender,Fall,4.3,Yes,2-Day Shipping,Yes,Yes,21,PhonPe,Quarterly
180,64,Male,Boots,Footwear,1705,Visakhapatnam,M,Violet,Fall,4.9,Yes,Store Pickup,Yes,Yes,9,Bank Transfer,Fortnightly
181,51,Male,Sandals,Footwear,4455,Ayodhya,L,Green,Fall,3.3,Yes,Store Pickup,Yes,Yes,12,Debit Card,Fortnightly
182,32,Male,Pants,Clothing,3355,Kolkata,M,Beige,Summer,4.7,Yes,Next Day Air,Yes,Yes,4,Bank Transfer,Weekly
183,38,Male,Gloves,Accessories,5280,Nellore,XL,Purple,Summer,2.8,Yes,Store Pickup,Yes,Yes,10,Debit Card,Annually
184,58,Male,Skirt,Clothing,1595,Mysuru,XL,Beige,Spring,3.6,Yes,2-Day Shipping,Yes,Yes,26,Credit Card,Weekly
185,32,Male,Sneakers,Footwear,1815,Raipur,L,Cyan,Spring,3,Yes,Express,Yes,Yes,40,Cash,Fortnightly
186,46,Male,T-shirt,Clothing,1760,Gaya,XL,Silver,Summer,4.5,Yes,Store Pickup,Yes,Yes,34,Bank Transfer,Fortnightly
187,39,Male,Backpack,Accessories,3080,Prayagraj,S,Lavender,Summer,2.9,Yes,Standard,Yes,Yes,31,Debit Card,Annually
188,19,Male,Shoes,Footwear,5170,Bareily,S,Purple,Spring,3.3,Yes,Store Pickup,Yes,Yes,1,Bank Transfer,Bi-Weekly
189,50,Male,Hoodie,Clothing,2915,Gurgaon,M,Pink,Spring,3.1,Yes,Express,Yes,Yes,5,Bank Transfer,Bi-Weekly
190,36,Male,Blouse,Clothing,4510,Ranchi,M,Maroon,Fall,4.4,Yes,Next Day Air,Yes,Yes,4,Credit Card,Weekly
191,65,Male,Coat,Outerwear,3850,Vijaywada,XL,Beige,Fall,3,Yes,Free Shipping,Yes,Yes,48,GooglePay,Quarterly
192,64,Male,Hat,Accessories,4180,Jalandhar,M,Gray,Fall,3.9,Yes,Free Shipping,Yes,Yes,29,Cash,Every 3 Months
193,46,Male,Shoes,Footwear,1595,Nainital,L,Turquoise,Summer,2.9,Yes,Express,Yes,Yes,12,PhonPe,Bi-Weekly
194,36,Male,Belt,Accessories,5500,Bhubaneswar,S,Silver,Fall,3,Yes,Standard,Yes,Yes,29,GooglePay,Annually
195,51,Male,Backpack,Accessories,5170,Mussoorie,M,Olive,Spring,3.1,Yes,Express,Yes,Yes,15,Debit Card,Quarterly
196,51,Male,Jacket,Outerwear,1375,Chandrapur,M,Magenta,Fall,4.3,Yes,Free Shipping,Yes,Yes,34,Credit Card,Monthly
197,38,Male,Boots,Footwear,4840,Patna,M,Lavender,Summer,3.9,Yes,Next Day Air,Yes,Yes,41,Credit Card,Fortnightly
198,59,Male,Scarf,Accessories,4290,Nashik,M,Black,Fall,3.2,Yes,2-Day Shipping,Yes,Yes,41,Credit Card,Monthly
199,57,Male,Jewelry,Accessories,2475,Jalandhar,M,Turquoise,Winter,4.8,Yes,Standard,Yes,Yes,39,Credit Card,Fortnightly
200,54,Male,Hat,Accessories,4015,Ujjain,XL,Green,Summer,3.8,Yes,Express,Yes,Yes,32,Cash,Weekly
201,25,Male,Dress,Clothing,3355,Kota,S,Teal,Summer,3.3,Yes,Next Day Air,Yes,Yes,29,GooglePay,Monthly
202,69,Male,Blouse,Clothing,1210,Mussoorie,S,Beige,Fall,4.3,Yes,Free Shipping,Yes,Yes,15,Bank Transfer,Annually
203,57,Male,Hat,Accessories,2090,Nainital,L,Magenta,Spring,2.7,Yes,Express,Yes,Yes,33,GooglePay,Annually
204,70,Male,Scarf,Accessories,2090,Vijaywada,S,Yellow,Fall,3.2,Yes,Next Day Air,Yes,Yes,18,Bank Transfer,Weekly
205,24,Male,Sneakers,Footwear,5500,Coimbatore,M,Yellow,Fall,4,Yes,Store Pickup,Yes,Yes,35,Cash,Bi-Weekly
206,67,Male,Shirt,Clothing,3520,Raipur,M,Silver,Winter,3,Yes,Standard,Yes,Yes,25,PhonPe,Weekly
207,24,Male,T-shirt,Clothing,3025,Gaya,L,Silver,Summer,4.2,Yes,Free Shipping,Yes,Yes,6,GooglePay,Fortnightly
208,62,Male,Gloves,Accessories,5005,Bangalore,M,Silver,Summer,2.9,Yes,Express,Yes,Yes,17,Bank Transfer,Bi-Weekly
209,57,Male,Skirt,Clothing,2090,Gaya,M,Gold,Spring,4.1,Yes,Store Pickup,Yes,Yes,17,Credit Card,Monthly
210,55,Male,Sandals,Footwear,5335,Prayagraj,S,Olive,Winter,3.2,Yes,Store Pickup,Yes,Yes,44,Cash,Every 3 Months
211,45,Male,Jacket,Outerwear,1210,Pune,L,Teal,Fall,3,Yes,2-Day Shipping,Yes,Yes,6,PhonPe,Fortnightly
212,69,Male,Skirt,Clothing,5060,Ayodhya,L,Maroon,Fall,4.2,Yes,2-Day Shipping,Yes,Yes,45,Debit Card,Fortnightly
213,67,Male,Handbag,Accessories,4620,Shimla,L,Blue,Fall,4.2,Yes,Express,Yes,Yes,7,Debit Card,Annually
214,30,Male,Handbag,Accessories,5115,Srinagar,L,Peach,Fall,4.4,Yes,Store Pickup,Yes,Yes,11,Debit Card,Every 3 Months
215,24,Male,Jacket,Outerwear,2750,Raipur,L,Blue,Summer,4.2,Yes,Next Day Air,Yes,Yes,41,Cash,Every 3 Months
216,62,Male,Scarf,Accessories,3520,Mangaluru,S,Orange,Spring,2.8,Yes,2-Day Shipping,Yes,Yes,24,PhonPe,Bi-Weekly
217,43,Male,Shorts,Clothing,3355,Kolkata,L,Yellow,Spring,3.7,Yes,Free Shipping,Yes,Yes,21,GooglePay,Weekly
218,35,Male,Sunglasses,Accessories,2640,Surat,M,Purple,Winter,3.5,Yes,Next Day Air,Yes,Yes,24,Bank Transfer,Annually
219,28,Male,T-shirt,Clothing,2475,Vadodara,S,Magenta,Spring,2.9,Yes,Store Pickup,Yes,Yes,8,Credit Card,Quarterly
220,32,Male,Belt,Accessories,4840,Srinagar,M,Cyan,Spring,3,Yes,Free Shipping,Yes,Yes,12,Cash,Fortnightly
221,39,Male,Sneakers,Footwear,3135,Coimbatore,S,Indigo,Spring,3.7,Yes,Express,Yes,Yes,48,Debit Card,Fortnightly
222,28,Male,Hat,Accessories,3740,Udaipur,XL,Magenta,Summer,4.4,Yes,Store Pickup,Yes,Yes,6,Bank Transfer,Quarterly
223,47,Male,Gloves,Accessories,5170,Chandrapur,XL,Gray,Spring,4.5,Yes,2-Day Shipping,Yes,Yes,14,PhonPe,Fortnightly
224,20,Male,Pants,Clothing,2255,Nagpur,M,Turquoise,Spring,4.8,Yes,Free Shipping,Yes,Yes,34,PhonPe,Annually
225,63,Male,Socks,Clothing,4565,Ayodhya,S,Beige,Summer,2.9,Yes,Free Shipping,Yes,Yes,12,Cash,Every 3 Months
226,25,Male,Jacket,Outerwear,1210,Gurgaon,M,Olive,Spring,3.2,Yes,Next Day Air,Yes,Yes,11,Bank Transfer,Annually
227,29,Male,Shoes,Footwear,4070,Amritsar,L,Violet,Spring,3.3,Yes,Free Shipping,Yes,Yes,5,PhonPe,Monthly
228,50,Male,Jeans,Clothing,4950,Bangalore,M,Turquoise,Winter,4.2,Yes,Standard,Yes,Yes,25,GooglePay,Fortnightly
229,18,Male,Socks,Clothing,4345,Hyderabad,M,White,Spring,2.9,Yes,Store Pickup,Yes,Yes,11,Credit Card,Annually
230,70,Male,Sandals,Footwear,1540,Mysuru,S,Silver,Spring,4.6,Yes,Next Day Air,Yes,Yes,27,PhonPe,Every 3 Months
231,66,Male,Scarf,Accessories,4840,Jalandhar,L,Olive,Fall,4.1,Yes,Standard,Yes,Yes,43,Credit Card,Annually
232,28,Male,Blouse,Clothing,1430,Kochi,M,Blue,Spring,3.1,Yes,2-Day Shipping,Yes,Yes,18,Debit Card,Every 3 Months
233,54,Male,Jewelry,Accessories,1485,Raipur,L,Purple,Winter,4.2,Yes,Express,Yes,Yes,32,Bank Transfer,Bi-Weekly
234,19,Male,Sweater,Clothing,4565,Coimbatore,XL,Yellow,Fall,4.5,Yes,Next Day Air,Yes,Yes,27,Bank Transfer,Every 3 Months
235,20,Male,Gloves,Accessories,2145,Ayodhya,S,Silver,Summer,3.7,Yes,Next Day Air,Yes,Yes,24,Credit Card,Weekly
236,43,Male,Sunglasses,Accessories,4895,Mangaluru,M,Cyan,Winter,3.7,Yes,Free Shipping,Yes,Yes,31,Debit Card,Quarterly
237,38,Male,Coat,Outerwear,3740,Bhubaneswar,L,Green,Winter,3.4,Yes,Next Day Air,Yes,Yes,39,PhonPe,Fortnightly
238,50,Male,Dress,Clothing,4950,Sultanpur,M,Beige,Summer,3,Yes,Store Pickup,Yes,Yes,36,Debit Card,Fortnightly
239,64,Male,Skirt,Clothing,1870,Mysuru,M,Peach,Fall,4.2,Yes,Free Shipping,Yes,Yes,5,Cash,Annually
240,49,Male,Pants,Clothing,2805,Pune,L,Yellow,Summer,2.9,Yes,Express,Yes,Yes,47,Credit Card,Bi-Weekly
241,47,Male,Sweater,Clothing,2475,Ahmedabad,XL,Turquoise,Winter,3.5,Yes,Free Shipping,Yes,Yes,29,Bank Transfer,Fortnightly
242,36,Male,Hoodie,Clothing,4840,Chennai,M,Peach,Winter,4.1,Yes,Free Shipping,Yes,Yes,43,GooglePay,Bi-Weekly
243,55,Male,Coat,Outerwear,4675,Chandrapur,L,Gray,Summer,4.3,Yes,Store Pickup,Yes,Yes,40,Debit Card,Every 3 Months
244,25,Male,Jewelry,Accessories,5500,Delhi,M,Olive,Winter,2.8,Yes,2-Day Shipping,Yes,Yes,4,Debit Card,Monthly
245,53,Male,Belt,Accessories,2310,Chandigarh,S,Indigo,Spring,4.9,Yes,2-Day Shipping,Yes,Yes,39,PhonPe,Weekly
246,49,Male,Sandals,Footwear,2915,Bangalore,L,Charcoal,Summer,3.3,Yes,Next Day Air,Yes,Yes,45,GooglePay,Fortnightly
247,35,Male,Sunglasses,Accessories,4730,Srinagar,XL,Beige,Spring,3.2,Yes,Express,Yes,Yes,20,GooglePay,Bi-Weekly
248,29,Male,Sweater,Clothing,3630,Ahmedabad,XL,Brown,Spring,4.4,Yes,Standard,Yes,Yes,14,Debit Card,Weekly
249,47,Male,Belt,Accessories,5500,Kota,M,Blue,Winter,4.8,Yes,Express,Yes,Yes,33,PhonPe,Weekly
250,53,Male,Handbag,Accessories,2585,Rameswaram,S,Teal,Fall,4.2,Yes,Standard,Yes,Yes,18,Credit Card,Annually
251,33,Male,Skirt,Clothing,1375,Indore,L,Black,Fall,4,Yes,Express,Yes,Yes,9,Bank Transfer,Weekly
252,21,Male,Handbag,Accessories,2805,Nagpur,XL,Gold,Winter,2.5,Yes,Standard,Yes,Yes,34,PhonPe,Annually
253,32,Male,Shorts,Clothing,2255,Chennai,M,Violet,Summer,3.9,Yes,Free Shipping,Yes,Yes,33,GooglePay,Fortnightly
254,52,Male,Boots,Footwear,4015,Surat,L,Cyan,Winter,4.9,Yes,2-Day Shipping,Yes,Yes,15,Bank Transfer,Bi-Weekly
255,67,Male,Sunglasses,Accessories,2310,Vijaywada,M,White,Winter,3.5,Yes,Store Pickup,Yes,Yes,4,PhonPe,Bi-Weekly
256,43,Male,Scarf,Accessories,1100,Kolhapur,M,Charcoal,Spring,4.2,Yes,Free Shipping,Yes,Yes,25,Debit Card,Annually
257,58,Male,Jewelry,Accessories,1650,Ayodhya,XL,Violet,Spring,4.7,Yes,Express,Yes,Yes,20,Credit Card,Every 3 Months
258,20,Male,Handbag,Accessories,2915,Ranchi,M,Red,Summer,4.5,Yes,Express,Yes,Yes,5,Credit Card,Quarterly
259,61,Male,Gloves,Accessories,4070,Nellore,S,Lavender,Spring,2.8,Yes,Express,Yes,Yes,16,Cash,Quarterly
260,32,Male,Jeans,Clothing,3135,Lucknow,M,Gold,Fall,2.9,Yes,Standard,Yes,Yes,13,Debit Card,Annually
261,38,Male,Hat,Accessories,3135,Ahmedabad,S,Red,Winter,3.2,Yes,2-Day Shipping,Yes,Yes,11,Credit Card,Every 3 Months
262,21,Male,Jeans,Clothing,4235,Vadodara,L,Magenta,Winter,4.9,Yes,Standard,Yes,Yes,21,Credit Card,Annually
263,37,Male,Pants,Clothing,2200,Raipur,M,Teal,Summer,,Yes,Next Day Air,Yes,Yes,6,Debit Card,Annually
264,27,Male,Shorts,Clothing,2530,Sultanpur,M,Purple,Summer,4.3,Yes,Store Pickup,Yes,Yes,29,GooglePay,Monthly
265,36,Male,Pants,Clothing,4290,Dhanbad,S,Charcoal,Fall,3.9,Yes,Store Pickup,Yes,Yes,15,Cash,Annually
266,32,Male,Backpack,Accessories,3245,Michigan,M,Gray,Spring,3.2,Yes,2-Day Shipping,Yes,Yes,17,Bank Transfer,Bi-Weekly
267,51,Male,Jewelry,Accessories,4125,Lucknow,L,White,Summer,3.1,Yes,Express,Yes,Yes,32,Credit Card,Weekly
268,64,Male,Sweater,Clothing,2970,Kolhapur,M,Olive,Spring,3.9,Yes,2-Day Shipping,Yes,Yes,42,GooglePay,Annually
269,68,Male,Shoes,Footwear,2310,Bareily,M,Charcoal,Spring,2.6,Yes,Store Pickup,Yes,Yes,21,Cash,Monthly
270,68,Male,Blouse,Clothing,2420,Bareily,M,Charcoal,Winter,3.3,Yes,Next Day Air,Yes,Yes,9,Cash,Bi-Weekly
271,33,Male,Jeans,Clothing,2860,Bhubaneswar,XL,Orange,Fall,4.6,Yes,Free Shipping,Yes,Yes,16,Bank Transfer,Annually
272,65,Male,Sunglasses,Accessories,3795,Kolhapur,XL,Yellow,Summer,4.6,Yes,Express,Yes,Yes,42,Credit Card,Fortnightly
273,48,Male,Jewelry,Accessories,1430,Chandigarh,M,Beige,Summer,4.4,Yes,2-Day Shipping,Yes,Yes,37,Debit Card,Bi-Weekly
274,69,Male,Coat,Outerwear,1815,Bhubaneswar,S,Silver,Spring,4.2,Yes,Express,Yes,Yes,32,Debit Card,Quarterly
275,59,Male,Jewelry,Accessories,1760,Kolhapur,M,Indigo,Spring,3,Yes,Express,Yes,Yes,28,Cash,Bi-Weekly
276,48,Male,Backpack,Accessories,4675,Shimla,XL,Lavender,Winter,4,Yes,Express,Yes,Yes,13,Credit Card,Weekly
277,25,Male,Skirt,Clothing,1650,Ayodhya,XL,Turquoise,Fall,3.5,Yes,Express,Yes,Yes,11,Bank Transfer,Fortnightly
278,29,Male,Shirt,Clothing,1595,Bareily,M,Green,Winter,3,Yes,Store Pickup,Yes,Yes,36,Bank Transfer,Bi-Weekly
279,57,Male,Sweater,Clothing,5225,Raipur,M,Orange,Spring,3.7,Yes,Express,Yes,Yes,23,Debit Card,Annually
280,23,Male,Sneakers,Footwear,3795,Gurgaon,L,Turquoise,Summer,4,Yes,Standard,Yes,Yes,37,Bank Transfer,Monthly
281,45,Male,Sandals,Footwear,3795,Ahmedabad,S,Cyan,Fall,4.2,Yes,2-Day Shipping,Yes,Yes,21,Cash,Bi-Weekly
282,38,Male,Belt,Accessories,3355,Surat,XL,Charcoal,Spring,2.5,Yes,Standard,Yes,Yes,22,Debit Card,Bi-Weekly
283,21,Male,Skirt,Clothing,5170,Prayagraj,M,Teal,Summer,3,Yes,2-Day Shipping,Yes,Yes,9,Cash,Monthly
284,32,Male,Sweater,Clothing,1650,Ahmedabad,S,Maroon,Fall,3.2,Yes,Next Day Air,Yes,Yes,16,GooglePay,Annually
285,63,Male,Skirt,Clothing,2475,Mysuru,M,Red,Summer,3.5,Yes,Standard,Yes,Yes,4,PhonPe,Quarterly
286,29,Male,Handbag,Accessories,2145,Delhi,XL,Yellow,Summer,4.8,Yes,Express,Yes,Yes,3,Debit Card,Bi-Weekly
287,27,Male,Jewelry,Accessories,2805,Nainital,L,Gray,Summer,2.6,Yes,Store Pickup,Yes,Yes,6,Debit Card,Annually
288,56,Male,Scarf,Accessories,2035,Chennai,L,Blue,Spring,3.4,Yes,2-Day Shipping,Yes,Yes,18,GooglePay,Fortnightly
289,30,Male,T-shirt,Clothing,3410,Udaipur,M,Lavender,Winter,3.7,Yes,2-Day Shipping,Yes,Yes,34,GooglePay,Bi-Weekly
290,49,Male,Coat,Outerwear,4675,Chandrapur,M,Yellow,Fall,4.5,Yes,2-Day Shipping,Yes,Yes,26,Credit Card,Monthly
291,58,Male,T-shirt,Clothing,1815,Dhanbad,M,Indigo,Winter,3.7,Yes,Standard,Yes,Yes,50,PhonPe,Weekly
292,57,Male,Dress,Clothing,1430,Chennai,XL,Violet,Fall,3.3,Yes,Next Day Air,Yes,Yes,40,Bank Transfer,Monthly
293,60,Male,Shoes,Footwear,5445,Jalandhar,M,Green,Spring,4.7,Yes,Free Shipping,Yes,Yes,24,Cash,Quarterly
294,69,Male,Handbag,Accessories,2145,Gwalior,M,White,Spring,2.7,Yes,Express,Yes,Yes,33,PhonPe,Annually
295,70,Male,Skirt,Clothing,1100,Mangaluru,M,Gold,Spring,4.6,Yes,Store Pickup,Yes,Yes,19,Credit Card,Every 3 Months
296,53,Male,Sunglasses,Accessories,2310,Ranchi,M,Indigo,Winter,2.7,Yes,Store Pickup,Yes,Yes,24,Credit Card,Quarterly
297,25,Male,Sandals,Footwear,4070,Vijaywada,S,Lavender,Spring,4.8,Yes,2-Day Shipping,Yes,Yes,19,Credit Card,Weekly
298,48,Male,Shoes,Footwear,1430,Chennai,XL,Purple,Summer,4.4,Yes,Standard,Yes,Yes,4,Credit Card,Bi-Weekly
299,69,Male,T-shirt,Clothing,2915,Kolhapur,M,Lavender,Winter,4,Yes,Standard,Yes,Yes,11,GooglePay,Every 3 Months
300,25,Male,Sneakers,Footwear,4400,Kota,M,Maroon,Summer,3.2,Yes,Next Day Air,Yes,Yes,28,PhonPe,Fortnightly
301,29,Male,Hat,Accessories,5390,Sultanpur,M,Teal,Spring,4.4,Yes,Store Pickup,Yes,Yes,24,PhonPe,Weekly
302,46,Male,Skirt,Clothing,5225,Kota,M,Green,Spring,3.8,Yes,Standard,Yes,Yes,25,Credit Card,Every 3 Months
303,37,Male,Sweater,Clothing,2420,Chennai,L,Olive,Summer,3.6,Yes,Express,Yes,Yes,27,Bank Transfer,Every 3 Months
304,20,Male,Sandals,Footwear,3300,Chandigarh,M,Turquoise,Summer,3.3,Yes,Next Day Air,Yes,Yes,49,GooglePay,Weekly
305,40,Male,Dress,Clothing,4620,Chandigarh,M,Green,Winter,3.4,Yes,Next Day Air,Yes,Yes,45,Credit Card,Bi-Weekly
306,60,Male,Sweater,Clothing,3245,Jalandhar,M,Teal,Fall,3.5,Yes,2-Day Shipping,Yes,Yes,26,PhonPe,Annually
307,26,Male,Jacket,Outerwear,2695,Bhubaneswar,S,White,Summer,3.6,Yes,Express,Yes,Yes,4,Cash,Annually
308,29,Male,Gloves,Accessories,1760,Ghaziabad,M,Orange,Winter,3.2,Yes,Free Shipping,Yes,Yes,3,Credit Card,Every 3 Months
309,66,Male,Handbag,Accessories,1595,Kolhapur,M,Beige,Fall,3.7,Yes,Standard,Yes,Yes,45,GooglePay,Bi-Weekly
310,66,Male,Dress,Clothing,1210,Prayagraj,M,Yellow,Spring,4.5,Yes,Standard,Yes,Yes,21,Cash,Fortnightly
311,56,Male,Pants,Clothing,4675,Ahmedabad,M,Charcoal,Winter,4.6,Yes,Standard,Yes,Yes,50,Cash,Fortnightly
312,69,Male,Jeans,Clothing,2860,Bangalore,L,Silver,Winter,4.1,Yes,Store Pickup,Yes,Yes,19,Bank Transfer,Monthly
313,38,Male,Pants,Clothing,4895,Kolkata,L,Green,Spring,3.4,Yes,Next Day Air,Yes,Yes,6,PhonPe,Annually
314,42,Male,Dress,Clothing,4235,Pune,M,Pink,Spring,3.7,Yes,Express,Yes,Yes,50,Credit Card,Every 3 Months
315,30,Male,Pants,Clothing,1320,Mangaluru,M,Purple,Summer,3.3,Yes,Store Pickup,Yes,Yes,17,Debit Card,Every 3 Months
316,66,Male,Jewelry,Accessories,1320,Gaya,XL,Orange,Spring,4.5,Yes,Express,Yes,Yes,24,Debit Card,Annually
317,36,Male,Handbag,Accessories,1210,Vadodara,M,Charcoal,Fall,3.3,Yes,Free Shipping,Yes,Yes,46,GooglePay,Monthly
318,58,Male,Sweater,Clothing,4510,Ranchi,L,Teal,Fall,4.3,Yes,Standard,Yes,Yes,42,Cash,Every 3 Months
319,45,Male,Backpack,Accessories,3685,Ayodhya,M,Beige,Winter,2.5,Yes,Standard,Yes,Yes,10,Cash,Annually
320,47,Male,Shorts,Clothing,4070,Mumbai,XL,White,Spring,2.6,Yes,Standard,Yes,Yes,1,Cash,Every 3 Months
321,66,Male,Jewelry,Accessories,3960,Varanasi,L,White,Summer,4.9,Yes,Standard,Yes,Yes,28,Debit Card,Quarterly
322,41,Male,Sneakers,Footwear,1980,Pune,L,Orange,Summer,4.7,Yes,Free Shipping,Yes,Yes,48,Debit Card,Quarterly
323,41,Male,Belt,Accessories,5225,Kochi,S,Cyan,Winter,3,Yes,Standard,Yes,Yes,47,Credit Card,Monthly
324,66,Male,Hoodie,Clothing,4290,Kochi,M,Orange,Winter,3.5,Yes,Next Day Air,Yes,Yes,29,PhonPe,Bi-Weekly
325,37,Male,Shirt,Clothing,4510,Nagpur,M,Olive,Summer,4.8,Yes,Standard,Yes,Yes,37,GooglePay,Quarterly
326,70,Male,Pants,Clothing,3850,Pune,M,Charcoal,Winter,4.3,Yes,Free Shipping,Yes,Yes,38,Debit Card,Annually
327,62,Male,Scarf,Accessories,2255,Mangaluru,M,White,Fall,3.2,Yes,Store Pickup,Yes,Yes,48,Bank Transfer,Weekly
328,61,Male,Coat,Outerwear,2310,Sultanpur,M,Teal,Summer,3.1,Yes,Free Shipping,Yes,Yes,36,PhonPe,Weekly
329,48,Male,Coat,Outerwear,2750,Ghaziabad,M,Yellow,Fall,2.8,Yes,Free Shipping,Yes,Yes,9,Credit Card,Weekly
330,70,Male,Socks,Clothing,1705,Srinagar,S,White,Summer,2.9,Yes,2-Day Shipping,Yes,Yes,34,Bank Transfer,Monthly
331,46,Male,Sweater,Clothing,2805,Bhubaneswar,M,Beige,Winter,,Yes,Express,Yes,Yes,43,GooglePay,Bi-Weekly
332,31,Male,Shirt,Clothing,5390,Ghaziabad,L,Beige,Fall,3.3,Yes,Store Pickup,Yes,Yes,46,PhonPe,Quarterly
333,19,Male,Shirt,Clothing,4730,Chandrapur,M,Maroon,Winter,2.8,Yes,2-Day Shipping,Yes,Yes,5,Credit Card,Monthly
334,39,Male,Sweater,Clothing,3520,Rameswaram,M,Teal,Winter,4.5,Yes,Standard,Yes,Yes,15,Bank Transfer,Bi-Weekly
335,41,Male,Blouse,Clothing,2530,Varanasi,M,Lavender,Fall,2.6,Yes,Next Day Air,Yes,Yes,30,Credit Card,Annually
336,20,Male,Sweater,Clothing,4675,Chandigarh,L,Maroon,Spring,3.7,Yes,Standard,Yes,Yes,44,GooglePay,Every 3 Months
337,36,Male,Hat,Accessories,4455,Bangalore,S,Orange,Fall,4.4,Yes,Express,Yes,Yes,16,PhonPe,Annually
338,32,Male,Sweater,Clothing,3245,Nanded,M,Cyan,Winter,4.3,Yes,2-Day Shipping,Yes,Yes,16,Bank Transfer,Annually
339,69,Male,Hoodie,Clothing,4345,Kolkata,M,Silver,Winter,3.5,Yes,Express,Yes,Yes,16,Cash,Weekly
340,40,Male,Shorts,Clothing,1815,Kota,M,Teal,Spring,3.8,Yes,2-Day Shipping,Yes,Yes,21,Credit Card,Every 3 Months
341,40,Male,Shorts,Clothing,2585,Mangaluru,L,Blue,Summer,3.5,Yes,Express,Yes,Yes,39,GooglePay,Every 3 Months
342,20,Male,Hat,Accessories,1100,Jalandhar,S,Blue,Summer,4.6,Yes,Store Pickup,Yes,Yes,40,Debit Card,Bi-Weekly
343,64,Male,Coat,Outerwear,1980,Delhi,M,Olive,Spring,2.6,Yes,Next Day Air,Yes,Yes,48,Credit Card,Every 3 Months
344,27,Male,Sandals,Footwear,2145,Nainital,M,Purple,Summer,4.4,Yes,Next Day Air,Yes,Yes,26,GooglePay,Monthly
345,24,Male,Skirt,Clothing,3905,Shimla,M,Charcoal,Winter,4,Yes,Standard,Yes,Yes,46,Debit Card,Monthly
346,48,Male,Shoes,Footwear,3245,Nagpur,S,Olive,Winter,4.4,Yes,Next Day Air,Yes,Yes,27,Bank Transfer,Annually
347,49,Male,Jeans,Clothing,2750,Nanded,L,Violet,Spring,4.7,Yes,Next Day Air,Yes,Yes,5,Cash,Weekly
348,36,Male,Sandals,Footwear,2255,Chandigarh,L,Red,Fall,3.9,Yes,Store Pickup,Yes,Yes,43,PhonPe,Fortnightly
349,56,Male,Blouse,Clothing,3245,Nashik,M,Beige,Fall,2.7,Yes,Free Shipping,Yes,Yes,17,PhonPe,Fortnightly
350,37,Male,Hat,Accessories,4785,Coimbatore,M,Green,Winter,3.7,Yes,2-Day Shipping,Yes,Yes,3,Bank Transfer,Bi-Weekly
351,42,Male,Sweater,Clothing,3740,Delhi,M,Violet,Spring,2.6,Yes,2-Day Shipping,Yes,Yes,47,Bank Transfer,Fortnightly
352,28,Male,Skirt,Clothing,4950,Chandrapur,M,Teal,Winter,3.9,Yes,Standard,Yes,Yes,24,Debit Card,Bi-Weekly
353,27,Male,Jeans,Clothing,3905,Amritsar,XL,Yellow,Fall,4.9,Yes,Next Day Air,Yes,Yes,12,Cash,Every 3 Months
354,63,Male,Sneakers,Footwear,3520,Mussoorie,L,Yellow,Fall,4.1,Yes,Store Pickup,Yes,Yes,35,Debit Card,Monthly
355,58,Male,Jewelry,Accessories,4180,Kota,S,Olive,Fall,3,Yes,Free Shipping,Yes,Yes,42,GooglePay,Weekly
356,37,Male,Jewelry,Accessories,2310,Chandigarh,XL,Magenta,Fall,4.1,Yes,2-Day Shipping,Yes,Yes,1,PhonPe,Every 3 Months
357,56,Male,Pants,Clothing,4400,Srinagar,L,Black,Spring,,Yes,Standard,Yes,Yes,27,Cash,Weekly
358,18,Male,Belt,Accessories,3080,Gurgaon,M,Olive,Spring,4,Yes,Standard,Yes,Yes,16,Credit Card,Bi-Weekly
359,48,Male,Hat,Accessories,1375,Prayagraj,XL,Magenta,Summer,3.6,Yes,Express,Yes,Yes,36,Credit Card,Every 3 Months
360,31,Male,Sneakers,Footwear,4070,Bareily,M,Olive,Winter,3,Yes,Store Pickup,Yes,Yes,30,Credit Card,Every 3 Months
361,51,Male,Pants,Clothing,1650,Bangalore,M,Teal,Summer,3,Yes,Standard,Yes,Yes,18,Debit Card,Fortnightly
362,65,Male,T-shirt,Clothing,5280,Srinagar,M,White,Spring,2.6,Yes,Free Shipping,Yes,Yes,45,Cash,Annually
363,53,Male,Sneakers,Footwear,3520,Amritsar,M,Charcoal,Fall,3.4,Yes,Free Shipping,Yes,Yes,1,GooglePay,Fortnightly
364,55,Male,Shorts,Clothing,4840,Ghaziabad,L,Yellow,Winter,3.1,Yes,Free Shipping,Yes,Yes,42,Bank Transfer,Fortnightly
365,62,Male,Shoes,Footwear,4840,Bhubaneswar,L,Charcoal,Summer,3,Yes,Free Shipping,Yes,Yes,7,GooglePay,Every 3 Months
366,55,Male,Gloves,Accessories,4840,Ranchi,XL,Gray,Summer,3.7,Yes,Standard,Yes,Yes,50,PhonPe,Quarterly
367,64,Male,Socks,Clothing,1980,Nainital,M,Turquoise,Spring,3.5,Yes,Store Pickup,Yes,Yes,37,GooglePay,Fortnightly
368,52,Male,Dress,Clothing,2200,Kochi,XL,Cyan,Spring,2.8,Yes,Store Pickup,Yes,Yes,18,Bank Transfer,Monthly
369,24,Male,Handbag,Accessories,2145,Surat,M,Charcoal,Spring,4.5,Yes,Standard,Yes,Yes,29,Cash,Monthly
370,38,Male,Belt,Accessories,2200,Gaya,M,Silver,Summer,3.3,Yes,Store Pickup,Yes,Yes,45,PhonPe,Quarterly
371,59,Male,Scarf,Accessories,1870,Chandigarh,M,Olive,Winter,3.4,Yes,Express,Yes,Yes,13,PhonPe,Weekly
372,27,Male,Sneakers,Footwear,4565,Udaipur,S,Pink,Winter,3.2,Yes,2-Day Shipping,Yes,Yes,47,PhonPe,Monthly
373,24,Male,Sweater,Clothing,4675,Kota,L,Orange,Summer,3.7,Yes,Standard,Yes,Yes,7,Debit Card,Weekly
374,23,Male,Coat,Outerwear,1485,Bhubaneswar,L,White,Summer,4.6,Yes,Express,Yes,Yes,11,GooglePay,Bi-Weekly
375,69,Male,Jewelry,Accessories,4290,Mysuru,S,Purple,Spring,5,Yes,Store Pickup,Yes,Yes,39,Bank Transfer,Monthly
376,59,Male,Sunglasses,Accessories,1760,Surat,M,Olive,Summer,4.4,Yes,Standard,Yes,Yes,6,Debit Card,Quarterly
377,51,Male,Shoes,Footwear,2805,Nashik,S,Gray,Fall,4.9,Yes,Express,Yes,Yes,2,GooglePay,Bi-Weekly
378,63,Male,Scarf,Accessories,1760,Mumbai,M,Silver,Spring,4.1,Yes,Standard,Yes,Yes,39,Credit Card,Every 3 Months
379,54,Male,Dress,Clothing,3410,Srinagar,L,Orange,Winter,4.9,Yes,Next Day Air,Yes,Yes,23,Credit Card,Monthly
380,32,Male,T-shirt,Clothing,1595,Ahmedabad,S,Magenta,Fall,4.7,Yes,2-Day Shipping,Yes,Yes,46,Debit Card,Bi-Weekly
381,39,Male,Backpack,Accessories,3795,Hyderabad,XL,Beige,Fall,3,Yes,Store Pickup,Yes,Yes,19,Bank Transfer,Weekly
382,66,Male,Jewelry,Accessories,1375,Mumbai,L,Lavender,Winter,3.4,Yes,Store Pickup,Yes,Yes,3,Credit Card,Every 3 Months
383,28,Male,Jeans,Clothing,4180,Vadodara,M,Peach,Winter,3.2,Yes,Store Pickup,Yes,Yes,47,PhonPe,Quarterly
384,50,Male,Sunglasses,Accessories,4235,Ranchi,S,Magenta,Fall,,Yes,Standard,Yes,Yes,6,PhonPe,Quarterly
385,70,Male,Sweater,Clothing,1815,Vadodara,M,Beige,Fall,4.5,Yes,2-Day Shipping,Yes,Yes,6,GooglePay,Annually
386,67,Male,Shorts,Clothing,5115,Ranchi,S,Yellow,Fall,2.7,Yes,Next Day Air,Yes,Yes,12,Credit Card,Bi-Weekly
387,64,Male,Jewelry,Accessories,2145,Lucknow,L,Brown,Spring,3.4,Yes,Express,Yes,Yes,40,PhonPe,Quarterly
388,45,Male,Coat,Outerwear,5115,Bareily,L,Silver,Summer,4.6,Yes,Store Pickup,Yes,Yes,38,PhonPe,Fortnightly
389,22,Male,Handbag,Accessories,4510,Patna,M,Orange,Summer,2.7,Yes,Store Pickup,Yes,Yes,10,PhonPe,Quarterly
390,27,Male,Boots,Footwear,2310,Shimla,L,Purple,Spring,4.2,Yes,Standard,Yes,Yes,28,Bank Transfer,Monthly
391,25,Male,Gloves,Accessories,3905,Vijaywada,M,Indigo,Winter,3.2,Yes,2-Day Shipping,Yes,Yes,19,PhonPe,Annually
392,37,Male,Sweater,Clothing,4730,Prayagraj,L,Gray,Spring,4.8,Yes,Standard,Yes,Yes,25,Cash,Fortnightly
393,26,Male,T-shirt,Clothing,4510,Ujjain,XL,Black,Spring,3.3,Yes,Next Day Air,Yes,Yes,38,Credit Card,Annually
394,33,Male,Shoes,Footwear,3575,Pune,L,Maroon,Fall,4.2,Yes,Standard,Yes,Yes,6,PhonPe,Fortnightly
395,43,Male,Scarf,Accessories,1595,Bhubaneswar,M,Beige,Spring,4.8,Yes,Store Pickup,Yes,Yes,7,Debit Card,Bi-Weekly
396,37,Male,Sneakers,Footwear,3575,Bangalore,L,Brown,Winter,4.9,Yes,Store Pickup,Yes,Yes,2,PhonPe,Annually
397,46,Male,Dress,Clothing,4840,Nashik,S,Black,Fall,3.9,Yes,Standard,Yes,Yes,24,Bank Transfer,Annually
398,22,Male,Belt,Accessories,2530,Indore,M,Indigo,Fall,3,Yes,Free Shipping,Yes,Yes,26,Cash,Annually
399,20,Male,Boots,Footwear,3685,Ahmedabad,S,Silver,Winter,4.6,Yes,Free Shipping,Yes,Yes,25,Debit Card,Every 3 Months
400,60,Male,Scarf,Accessories,1925,Ujjain,L,Blue,Fall,3.5,Yes,2-Day Shipping,Yes,Yes,10,Debit Card,Monthly
401,39,Male,Boots,Footwear,3630,Jalandhar,M,Green,Winter,4.8,Yes,Free Shipping,Yes,Yes,14,PhonPe,Fortnightly
402,43,Male,T-shirt,Clothing,5005,Surat,L,Orange,Fall,4.8,Yes,Standard,Yes,Yes,21,Cash,Quarterly
403,31,Male,Backpack,Accessories,4290,Vadodara,L,Cyan,Fall,3,Yes,Express,Yes,Yes,26,PhonPe,Monthly
404,19,Male,Sneakers,Footwear,2475,Srinagar,M,Orange,Winter,4.5,Yes,Next Day Air,Yes,Yes,12,Bank Transfer,Annually
405,35,Male,T-shirt,Clothing,5115,Chennai,M,Indigo,Spring,4.8,Yes,Store Pickup,Yes,Yes,11,Credit Card,Monthly
406,41,Male,Jeans,Clothing,4070,Nashik,S,Silver,Summer,3.8,Yes,Standard,Yes,Yes,15,Cash,Annually
407,52,Male,Gloves,Accessories,3025,Kolhapur,M,Peach,Spring,4.6,Yes,Express,Yes,Yes,13,Cash,Monthly
408,45,Male,Hoodie,Clothing,4180,Udaipur,XL,Teal,Spring,3.1,Yes,Next Day Air,Yes,Yes,5,Credit Card,Bi-Weekly
409,34,Male,Sneakers,Footwear,3630,Nellore,L,White,Spring,3.4,Yes,Express,Yes,Yes,36,Cash,Fortnightly
410,35,Male,Shorts,Clothing,2805,Prayagraj,M,Brown,Winter,3.3,Yes,2-Day Shipping,Yes,Yes,32,Bank Transfer,Monthly
411,29,Male,Sweater,Clothing,1430,Shimla,L,Lavender,Spring,4.8,Yes,2-Day Shipping,Yes,Yes,1,Credit Card,Quarterly
412,59,Male,Jeans,Clothing,1595,Michigan,M,Indigo,Summer,2.8,Yes,Express,Yes,Yes,15,PhonPe,Annually
413,24,Male,Jacket,Outerwear,4070,Mumbai,M,Yellow,Summer,3.1,Yes,Store Pickup,Yes,Yes,3,Bank Transfer,Weekly
414,70,Male,Jewelry,Accessories,5445,Srinagar,S,White,Summer,4.6,Yes,Free Shipping,Yes,Yes,48,Cash,Monthly
415,29,Male,Backpack,Accessories,4840,Nagpur,L,Violet,Winter,2.6,Yes,Store Pickup,Yes,Yes,30,Debit Card,Weekly
416,67,Male,Coat,Outerwear,1705,Gwalior,M,Lavender,Winter,2.6,Yes,Express,Yes,Yes,40,Bank Transfer,Monthly
417,36,Male,Belt,Accessories,3025,Chandigarh,L,Olive,Spring,3.8,Yes,Free Shipping,Yes,Yes,24,Bank Transfer,Fortnightly
418,23,Male,Sandals,Footwear,4455,Indore,L,Beige,Fall,4.5,Yes,Free Shipping,Yes,Yes,48,Debit Card,Quarterly
419,18,Male,Sweater,Clothing,4015,Visakhapatnam,L,Purple,Spring,3,Yes,Standard,Yes,Yes,27,GooglePay,Bi-Weekly
420,53,Male,Shorts,Clothing,5005,Jalandhar,S,Teal,Winter,,Yes,Free Shipping,Yes,Yes,14,Credit Card,Every 3 Months
421,32,Male,Socks,Clothing,2970,Udaipur,S,Peach,Spring,3.8,Yes,Free Shipping,Yes,Yes,18,Debit Card,Bi-Weekly
422,38,Male,Shirt,Clothing,2200,Delhi,M,Violet,Winter,3.5,Yes,Standard,Yes,Yes,48,Cash,Bi-Weekly
423,47,Male,Pants,Clothing,3245,Prayagraj,M,Purple,Fall,3.1,Yes,Store Pickup,Yes,Yes,32,Debit Card,Annually
424,46,Male,Scarf,Accessories,1430,Chandrapur,L,Teal,Spring,3,Yes,Store Pickup,Yes,Yes,21,Credit Card,Bi-Weekly
425,66,Male,Sweater,Clothing,1265,Visakhapatnam,M,Gold,Winter,4.3,Yes,Standard,Yes,Yes,42,PhonPe,Fortnightly
426,40,Male,Jeans,Clothing,4785,Bhubaneswar,S,Teal,Winter,3.3,Yes,Store Pickup,Yes,Yes,4,Credit Card,Quarterly
427,43,Male,Pants,Clothing,3905,Lucknow,M,Violet,Winter,4.7,Yes,Express,Yes,Yes,19,Credit Card,Quarterly
428,58,Male,Backpack,Accessories,5005,Visakhapatnam,L,Black,Winter,4.5,Yes,Store Pickup,Yes,Yes,6,Credit Card,Quarterly
429,21,Male,Coat,Outerwear,3520,Nagpur,XL,Gold,Winter,2.9,Yes,Free Shipping,Yes,Yes,2,Debit Card,Fortnightly
430,42,Male,Sandals,Footwear,5170,Patna,M,Gold,Winter,4.1,Yes,2-Day Shipping,Yes,Yes,21,Cash,Fortnightly
431,24,Male,Shirt,Clothing,2200,Amritsar,M,Brown,Summer,3.5,Yes,Store Pickup,Yes,Yes,40,Debit Card,Annually
432,43,Male,Hat,Accessories,4180,Hyderabad,L,Cyan,Winter,3.4,Yes,Store Pickup,Yes,Yes,33,Cash,Fortnightly
433,47,Male,Shirt,Clothing,4730,Vijaywada,S,Indigo,Fall,3.3,Yes,Free Shipping,Yes,Yes,26,GooglePay,Weekly
434,49,Male,Skirt,Clothing,5060,Nellore,M,Orange,Fall,3.2,Yes,Store Pickup,Yes,Yes,23,Credit Card,Fortnightly
435,50,Male,Shoes,Footwear,2860,Surat,L,Pink,Spring,4,Yes,Store Pickup,Yes,Yes,39,PhonPe,Every 3 Months
436,51,Male,Coat,Outerwear,1540,Ahmedabad,XL,Olive,Winter,3.6,Yes,Next Day Air,Yes,Yes,42,Bank Transfer,Monthly
437,40,Male,Pants,Clothing,2530,Kochi,L,Cyan,Summer,4.6,Yes,Free Shipping,Yes,Yes,41,Bank Transfer,Weekly
438,45,Male,Jewelry,Accessories,2750,Nanded,M,Peach,Summer,2.6,Yes,Next Day Air,Yes,Yes,41,PhonPe,Annually
439,52,Male,Belt,Accessories,1265,Sultanpur,M,Turquoise,Winter,4.3,Yes,Express,Yes,Yes,12,Credit Card,Fortnightly
440,62,Male,Jacket,Outerwear,2750,Ujjain,M,Turquoise,Summer,3.4,Yes,Free Shipping,Yes,Yes,31,Cash,Monthly
441,20,Male,Shirt,Clothing,4895,Surat,XL,Maroon,Winter,3.5,Yes,Store Pickup,Yes,Yes,34,Debit Card,Fortnightly
442,43,Male,Hoodie,Clothing,4455,Ghaziabad,M,Maroon,Winter,4.2,Yes,Standard,Yes,Yes,32,Credit Card,Annually
443,29,Male,Sunglasses,Accessories,3795,Michigan,M,Olive,Fall,,Yes,Store Pickup,Yes,Yes,31,Credit Card,Quarterly
444,22,Male,Sunglasses,Accessories,3685,Raipur,M,Magenta,Summer,3.6,Yes,Free Shipping,Yes,Yes,24,PhonPe,Annually
445,48,Male,Dress,Clothing,1100,Vadodara,M,Red,Summer,4.3,Yes,Store Pickup,Yes,Yes,31,Debit Card,Annually
446,42,Male,Boots,Footwear,1595,Sultanpur,M,Olive,Fall,4.9,Yes,Standard,Yes,Yes,18,GooglePay,Annually
447,19,Male,Shirt,Clothing,4070,Ranchi,M,Silver,Summer,4.1,Yes,Store Pickup,Yes,Yes,15,GooglePay,Monthly
448,60,Male,Shorts,Clothing,4510,Patna,S,Turquoise,Spring,3.6,Yes,Standard,Yes,Yes,7,Bank Transfer,Every 3 Months
449,32,Male,Gloves,Accessories,1265,Mussoorie,M,Yellow,Summer,3.4,Yes,Next Day Air,Yes,Yes,35,Bank Transfer,Fortnightly
450,26,Male,Jewelry,Accessories,2475,Chandrapur,L,Peach,Summer,2.9,Yes,2-Day Shipping,Yes,Yes,35,Bank Transfer,Monthly
451,25,Male,Boots,Footwear,1155,Gwalior,L,Beige,Summer,2.7,Yes,Store Pickup,Yes,Yes,19,Credit Card,Monthly
452,66,Male,Jewelry,Accessories,1705,Shimla,M,Pink,Summer,4.3,Yes,Express,Yes,Yes,26,Credit Card,Fortnightly
453,45,Male,Pants,Clothing,2475,Mussoorie,M,Violet,Summer,,Yes,Express,Yes,Yes,39,PhonPe,Fortnightly
454,54,Male,Jewelry,Accessories,3080,Nainital,XL,Peach,Winter,2.8,Yes,Next Day Air,Yes,Yes,22,Credit Card,Weekly
455,37,Male,Jacket,Outerwear,5335,Mangaluru,S,Gold,Summer,3.2,Yes,Next Day Air,Yes,Yes,14,Cash,Bi-Weekly
456,54,Male,Blouse,Clothing,5500,Jalandhar,XL,Gold,Fall,3.6,Yes,Store Pickup,Yes,Yes,50,Debit Card,Fortnightly
457,50,Male,Blouse,Clothing,5280,Udaipur,S,Indigo,Fall,4,Yes,2-Day Shipping,Yes,Yes,33,Credit Card,Quarterly
458,25,Male,Gloves,Accessories,5445,Bangalore,M,Blue,Spring,4.9,Yes,Next Day Air,Yes,Yes,48,Debit Card,Every 3 Months
459,47,Male,Shorts,Clothing,5005,Gurgaon,L,Black,Winter,4,Yes,2-Day Shipping,Yes,Yes,48,PhonPe,Monthly
460,63,Male,Hat,Accessories,1650,Kolhapur,L,Black,Winter,3.8,Yes,Standard,Yes,Yes,27,PhonPe,Fortnightly
461,64,Male,Shoes,Footwear,3575,Nashik,L,Teal,Summer,,Yes,Store Pickup,Yes,Yes,27,Bank Transfer,Weekly
462,18,Male,Boots,Footwear,5115,Mysuru,M,Yellow,Winter,3.9,Yes,Express,Yes,Yes,20,GooglePay,Weekly
463,59,Male,Jacket,Outerwear,4455,Visakhapatnam,M,White,Fall,3.3,Yes,Express,Yes,Yes,48,GooglePay,Every 3 Months
464,37,Male,Jewelry,Accessories,4455,Bareily,S,Orange,Summer,2.7,Yes,Standard,Yes,Yes,29,GooglePay,Weekly
465,23,Male,Sunglasses,Accessories,2860,Nellore,M,Silver,Winter,4.7,Yes,Next Day Air,Yes,Yes,45,PhonPe,Monthly
466,54,Male,Skirt,Clothing,4840,Surat,M,Pink,Summer,2.8,Yes,Next Day Air,Yes,Yes,25,Cash,Quarterly
467,38,Male,Jeans,Clothing,1320,Pune,L,Turquoise,Winter,4.6,Yes,Free Shipping,Yes,Yes,25,PhonPe,Weekly
468,19,Male,Backpack,Accessories,2805,Nainital,S,Orange,Spring,4.5,Yes,2-Day Shipping,Yes,Yes,37,Debit Card,Every 3 Months
469,34,Male,Backpack,Accessories,2090,Bareily,S,Peach,Fall,5,Yes,Free Shipping,Yes,Yes,16,Cash,Quarterly
470,21,Male,Shorts,Clothing,2530,Nellore,L,Pink,Fall,4.1,Yes,2-Day Shipping,Yes,Yes,30,Debit Card,Bi-Weekly
471,50,Male,Dress,Clothing,3465,Prayagraj,L,Teal,Summer,4.6,Yes,Express,Yes,Yes,6,Cash,Every 3 Months
472,55,Male,Scarf,Accessories,3960,Mussoorie,XL,White,Winter,4.9,Yes,2-Day Shipping,Yes,Yes,36,Bank Transfer,Quarterly
473,20,Male,Jeans,Clothing,2145,Bareily,L,Gray,Winter,3.9,Yes,Free Shipping,Yes,Yes,3,Bank Transfer,Quarterly
474,34,Male,Coat,Outerwear,2310,Ranchi,L,Olive,Spring,3.9,Yes,Store Pickup,Yes,Yes,29,PhonPe,Every 3 Months
475,62,Male,Sweater,Clothing,4180,Gurgaon,XL,Maroon,Summer,2.6,Yes,2-Day Shipping,Yes,Yes,15,Cash,Quarterly
476,21,Male,Sneakers,Footwear,3630,Mysuru,L,Magenta,Summer,2.7,Yes,Free Shipping,Yes,Yes,18,Debit Card,Annually
477,21,Male,Scarf,Accessories,4950,Gwalior,M,Magenta,Spring,3.5,Yes,Free Shipping,Yes,Yes,2,Debit Card,Fortnightly
478,42,Male,Sweater,Clothing,3080,Bhubaneswar,M,Green,Summer,3.7,Yes,Free Shipping,Yes,Yes,49,Debit Card,Weekly
479,35,Male,Jewelry,Accessories,2365,Varanasi,XL,Turquoise,Winter,3.2,Yes,Free Shipping,Yes,Yes,48,GooglePay,Annually
480,39,Male,Handbag,Accessories,4620,Sultanpur,L,Yellow,Winter,3.3,Yes,Store Pickup,Yes,Yes,43,GooglePay,Monthly
481,68,Male,Hoodie,Clothing,4840,Pune,M,Gray,Summer,4.8,Yes,Standard,Yes,Yes,30,Debit Card,Bi-Weekly
482,46,Male,Hat,Accessories,4840,Gaya,L,Peach,Fall,3.2,Yes,2-Day Shipping,Yes,Yes,10,PhonPe,Fortnightly
483,41,Male,Belt,Accessories,2310,Gwalior,M,Yellow,Winter,2.5,Yes,2-Day Shipping,Yes,Yes,11,GooglePay,Annually
484,23,Male,Hoodie,Clothing,4015,Surat,M,White,Fall,3.9,Yes,Store Pickup,Yes,Yes,12,Debit Card,Weekly
485,68,Male,Hat,Accessories,4015,Mussoorie,L,Lavender,Summer,4.7,Yes,Free Shipping,Yes,Yes,28,Bank Transfer,Quarterly
486,48,Male,Shoes,Footwear,2420,Kochi,S,Blue,Spring,2.6,Yes,Next Day Air,Yes,Yes,36,Debit Card,Fortnightly
487,38,Male,Sandals,Footwear,3465,Nanded,M,Charcoal,Fall,2.8,Yes,Store Pickup,Yes,Yes,37,GooglePay,Every 3 Months
488,41,Male,Jacket,Outerwear,3740,Sultanpur,L,Red,Winter,4.4,Yes,Store Pickup,Yes,Yes,22,Credit Card,Quarterly
489,58,Male,Sweater,Clothing,1595,Mumbai,L,Olive,Spring,4.6,Yes,Standard,Yes,Yes,32,GooglePay,Weekly
490,49,Male,Socks,Clothing,4675,Ayodhya,M,Green,Summer,3.2,Yes,Standard,Yes,Yes,40,PhonPe,Annually
491,57,Male,Sneakers,Footwear,2310,Dhanbad,M,Silver,Winter,4.2,Yes,2-Day Shipping,Yes,Yes,47,Cash,Monthly
492,49,Male,Coat,Outerwear,3795,Pune,M,Silver,Summer,,Yes,2-Day Shipping,Yes,Yes,24,Credit Card,Bi-Weekly
493,50,Male,Shirt,Clothing,3410,Michigan,M,Black,Fall,3.9,Yes,Standard,Yes,Yes,11,Debit Card,Weekly
494,28,Male,Backpack,Accessories,2640,Srinagar,XL,Red,Summer,4.7,Yes,Store Pickup,Yes,Yes,19,Cash,Bi-Weekly
495,38,Male,Boots,Footwear,3740,Vijaywada,M,Indigo,Winter,4.5,Yes,Express,Yes,Yes,42,Debit Card,Weekly
496,33,Male,Handbag,Accessories,1980,Michigan,XL,Cyan,Fall,3.3,Yes,Free Shipping,Yes,Yes,6,Debit Card,Fortnightly
497,30,Male,Dress,Clothing,3465,Vadodara,S,Maroon,Fall,3.3,Yes,Express,Yes,Yes,31,GooglePay,Fortnightly
498,43,Male,Sneakers,Footwear,2145,Surat,S,Silver,Winter,4.6,Yes,Free Shipping,Yes,Yes,31,Cash,Weekly
499,43,Male,Boots,Footwear,4290,Sultanpur,M,Lavender,Spring,3.6,Yes,Free Shipping,Yes,Yes,27,Bank Transfer,Monthly
500,36,Male,Shoes,Footwear,5445,Bangalore,L,Silver,Winter,4.8,Yes,Express,Yes,Yes,24,PhonPe,Monthly
501,36,Male,T-shirt,Clothing,1705,Patna,L,Purple,Fall,4.8,Yes,Next Day Air,Yes,Yes,35,GooglePay,Every 3 Months
502,64,Male,Boots,Footwear,2475,Ghaziabad,M,Cyan,Spring,2.9,Yes,Next Day Air,Yes,Yes,21,GooglePay,Annually
503,59,Male,Pants,Clothing,1650,Nashik,S,Cyan,Fall,2.8,Yes,Express,Yes,Yes,8,PhonPe,Fortnightly
504,55,Male,Shoes,Footwear,1320,Ranchi,M,Lavender,Summer,3.2,Yes,Next Day Air,Yes,Yes,26,Bank Transfer,Quarterly
505,42,Male,Shoes,Footwear,1210,Mussoorie,M,Maroon,Winter,3.9,Yes,Free Shipping,Yes,Yes,26,PhonPe,Annually
506,61,Male,T-shirt,Clothing,3465,Mumbai,L,Gray,Spring,4.3,Yes,Express,Yes,Yes,9,Cash,Bi-Weekly
507,28,Male,Scarf,Accessories,2200,Bareily,M,Olive,Fall,2.7,Yes,2-Day Shipping,Yes,Yes,48,Debit Card,Annually
508,65,Male,Shorts,Clothing,1100,Mumbai,M,Magenta,Spring,5,Yes,Store Pickup,Yes,Yes,33,Debit Card,Fortnightly
509,27,Male,Jewelry,Accessories,1100,Visakhapatnam,S,Yellow,Winter,3.7,Yes,Store Pickup,Yes,Yes,31,PhonPe,Quarterly
510,41,Male,T-shirt,Clothing,4400,Chennai,L,Cyan,Summer,3.9,Yes,Free Shipping,Yes,Yes,17,Debit Card,Weekly
511,21,Male,Shirt,Clothing,4785,Ranchi,M,Teal,Fall,3.9,Yes,2-Day Shipping,Yes,Yes,22,GooglePay,Annually
512,61,Male,Shirt,Clothing,2530,Raipur,L,Yellow,Fall,3.1,Yes,Free Shipping,Yes,Yes,8,PhonPe,Annually
513,19,Male,Gloves,Accessories,2695,Chandrapur,L,Peach,Winter,,Yes,Next Day Air,Yes,Yes,2,Bank Transfer,Monthly
514,22,Male,Scarf,Accessories,3575,Nanded,M,Peach,Fall,3.6,Yes,Store Pickup,Yes,Yes,45,GooglePay,Annually
515,64,Male,Skirt,Clothing,3410,Vijaywada,S,Olive,Winter,4.3,Yes,Standard,Yes,Yes,47,PhonPe,Quarterly
516,28,Male,Hat,Accessories,3685,Delhi,L,Charcoal,Spring,4.5,Yes,Next Day Air,Yes,Yes,7,Cash,Monthly
517,34,Male,Hoodie,Clothing,2255,Ranchi,L,Indigo,Fall,2.8,Yes,2-Day Shipping,Yes,Yes,19,Debit Card,Bi-Weekly
518,61,Male,Boots,Footwear,2695,Bhubaneswar,L,Silver,Fall,2.7,Yes,Free Shipping,Yes,Yes,44,Cash,Every 3 Months
519,24,Male,Blouse,Clothing,5500,Chandigarh,M,Beige,Fall,2.9,Yes,Next Day Air,Yes,Yes,16,GooglePay,Every 3 Months
520,19,Male,Belt,Accessories,2970,Prayagraj,L,Blue,Summer,4.4,Yes,2-Day Shipping,Yes,Yes,17,Bank Transfer,Quarterly
521,51,Male,Sunglasses,Accessories,4620,Nashik,M,White,Spring,3.9,Yes,Free Shipping,Yes,Yes,20,Debit Card,Quarterly
522,36,Male,Shorts,Clothing,2255,Pune,L,Gold,Winter,3.5,Yes,Standard,Yes,Yes,50,Bank Transfer,Annually
523,65,Male,Gloves,Accessories,4840,Prayagraj,M,Blue,Spring,2.5,Yes,Store Pickup,Yes,Yes,37,Cash,Quarterly
524,46,Male,Sandals,Footwear,2200,Chennai,M,Orange,Spring,4.9,Yes,Express,Yes,Yes,5,PhonPe,Quarterly
525,59,Male,Shirt,Clothing,2145,Kota,M,Gold,Summer,4.8,Yes,Free Shipping,Yes,Yes,44,PhonPe,Annually
526,51,Male,Coat,Outerwear,2035,Sultanpur,M,Cyan,Spring,3.2,Yes,Next Day Air,Yes,Yes,41,Debit Card,Monthly
527,51,Male,Pants,Clothing,2860,Mangaluru,S,Red,Winter,4.9,Yes,Standard,Yes,Yes,19,Cash,Monthly
528,21,Male,T-shirt,Clothing,1265,Nashik,L,Yellow,Winter,4.3,Yes,Next Day Air,Yes,Yes,47,Bank Transfer,Every 3 Months
529,34,Male,Sneakers,Footwear,4840,Kolhapur,S,Beige,Winter,3.2,Yes,Express,Yes,Yes,40,Cash,Annually
530,32,Male,Shorts,Clothing,4620,Vadodara,M,Orange,Fall,3.7,Yes,Standard,Yes,Yes,6,Credit Card,Monthly
531,48,Male,Coat,Outerwear,2035,Ahmedabad,XL,Magenta,Winter,3.2,Yes,Store Pickup,Yes,Yes,25,Credit Card,Bi-Weekly
532,50,Male,Sandals,Footwear,2805,Pune,L,Purple,Fall,3.4,Yes,Next Day Air,Yes,Yes,42,Cash,Weekly
533,26,Male,Pants,Clothing,4180,Amritsar,L,Black,Winter,4.1,Yes,Express,Yes,Yes,35,Bank Transfer,Every 3 Months
534,57,Male,Sandals,Footwear,3300,Udaipur,L,Pink,Spring,4.5,Yes,Next Day Air,Yes,Yes,17,Debit Card,Weekly
535,65,Male,Gloves,Accessories,3960,Ghaziabad,L,Pink,Fall,4.5,Yes,Next Day Air,Yes,Yes,4,PhonPe,Quarterly
536,56,Male,T-shirt,Clothing,2475,Ranchi,L,Maroon,Spring,3.2,Yes,Free Shipping,Yes,Yes,24,Bank Transfer,Weekly
537,44,Male,Jacket,Outerwear,4620,Visakhapatnam,S,Maroon,Fall,4.4,Yes,Store Pickup,Yes,Yes,16,Debit Card,Every 3 Months
538,50,Male,Blouse,Clothing,2695,Shimla,S,Turquoise,Summer,3,Yes,Store Pickup,Yes,Yes,14,Debit Card,Annually
539,27,Male,Socks,Clothing,1210,Shimla,XL,Green,Spring,3.2,Yes,Free Shipping,Yes,Yes,43,Cash,Weekly
540,49,Male,Coat,Outerwear,2640,Nagpur,M,Violet,Winter,4,Yes,Store Pickup,Yes,Yes,49,Debit Card,Weekly
541,49,Male,Dress,Clothing,2035,Nashik,M,Lavender,Spring,3.1,Yes,Next Day Air,Yes,Yes,33,Cash,Every 3 Months
542,52,Male,Jacket,Outerwear,1485,Gwalior,L,Gray,Fall,2.8,Yes,Next Day Air,Yes,Yes,45,Cash,Bi-Weekly
543,27,Male,Boots,Footwear,4345,Visakhapatnam,XL,Teal,Spring,4.6,Yes,Next Day Air,Yes,Yes,35,Cash,Bi-Weekly
544,53,Male,Skirt,Clothing,5390,Nellore,S,Red,Spring,4.3,Yes,Express,Yes,Yes,11,Credit Card,Monthly
545,34,Male,Sandals,Footwear,3520,Patna,S,Yellow,Summer,3.3,Yes,Standard,Yes,Yes,30,Bank Transfer,Every 3 Months
546,33,Male,Coat,Outerwear,1760,Nellore,L,Magenta,Summer,3.5,Yes,2-Day Shipping,Yes,Yes,48,Debit Card,Annually
547,62,Male,Hoodie,Clothing,4070,Nanded,M,Brown,Winter,3.4,Yes,Free Shipping,Yes,Yes,45,GooglePay,Bi-Weekly
548,38,Male,Jacket,Outerwear,2750,Srinagar,M,Blue,Winter,2.8,Yes,Free Shipping,Yes,Yes,26,GooglePay,Weekly
549,36,Male,Backpack,Accessories,3520,Nainital,M,Black,Winter,4.6,Yes,Store Pickup,Yes,Yes,41,Debit Card,Every 3 Months
550,31,Male,Backpack,Accessories,1595,Coimbatore,S,Olive,Fall,3.6,Yes,Express,Yes,Yes,37,GooglePay,Bi-Weekly
551,62,Male,Belt,Accessories,3410,Bareily,M,Olive,Summer,3.3,Yes,Store Pickup,Yes,Yes,12,PhonPe,Weekly
552,29,Male,Coat,Outerwear,4290,Ujjain,XL,Green,Fall,3.1,Yes,2-Day Shipping,Yes,Yes,27,Cash,Bi-Weekly
553,24,Male,T-shirt,Clothing,5170,Mussoorie,M,Peach,Fall,3.5,Yes,Express,Yes,Yes,18,Bank Transfer,Weekly
554,63,Male,Sunglasses,Accessories,3245,Ghaziabad,M,White,Winter,3.2,Yes,Express,Yes,Yes,15,Credit Card,Quarterly
555,56,Male,Sneakers,Footwear,2585,Prayagraj,M,Red,Summer,3,Yes,Express,Yes,Yes,34,Bank Transfer,Weekly
556,63,Male,Gloves,Accessories,3135,Mumbai,M,White,Fall,4.8,Yes,Express,Yes,Yes,37,GooglePay,Annually
557,40,Male,Coat,Outerwear,4950,Ahmedabad,L,Indigo,Winter,5,Yes,Store Pickup,Yes,Yes,21,Cash,Fortnightly
558,18,Male,Shirt,Clothing,3300,Rameswaram,M,White,Spring,2.9,Yes,Free Shipping,Yes,Yes,31,Debit Card,Weekly
559,50,Male,Sneakers,Footwear,4235,Sultanpur,L,Teal,Fall,3.2,Yes,Express,Yes,Yes,43,Debit Card,Every 3 Months
560,66,Male,Scarf,Accessories,2255,Coimbatore,M,Indigo,Fall,2.9,Yes,Store Pickup,Yes,Yes,22,Bank Transfer,Monthly
561,25,Male,Jewelry,Accessories,2640,Lucknow,L,Red,Fall,,Yes,Free Shipping,Yes,Yes,12,Debit Card,Annually
562,65,Male,Jacket,Outerwear,3575,Nellore,M,Blue,Fall,2.6,Yes,Next Day Air,Yes,Yes,25,PhonPe,Fortnightly
563,53,Male,Jeans,Clothing,3410,Mussoorie,M,Blue,Summer,3.5,Yes,Standard,Yes,Yes,40,Debit Card,Annually
564,61,Male,Shoes,Footwear,5445,Ujjain,M,Black,Fall,4.4,Yes,Standard,Yes,Yes,16,Debit Card,Quarterly
565,67,Male,Hoodie,Clothing,3190,Ghaziabad,M,Olive,Winter,3.4,Yes,Next Day Air,Yes,Yes,30,Bank Transfer,Weekly
566,59,Male,Backpack,Accessories,2365,Ujjain,L,Lavender,Fall,4.2,Yes,Store Pickup,Yes,Yes,10,GooglePay,Weekly
567,55,Male,Sneakers,Footwear,5115,Nellore,M,Indigo,Spring,3.6,Yes,Store Pickup,Yes,Yes,1,Debit Card,Fortnightly
568,21,Male,Blouse,Clothing,2750,Hyderabad,S,Red,Winter,3,Yes,Next Day Air,Yes,Yes,24,GooglePay,Fortnightly
569,44,Male,Pants,Clothing,4840,Jalandhar,L,Red,Summer,4,Yes,Free Shipping,Yes,Yes,36,PhonPe,Monthly
570,65,Male,Skirt,Clothing,1815,Nellore,M,Pink,Fall,4.4,Yes,Express,Yes,Yes,46,Credit Card,Every 3 Months
571,65,Male,T-shirt,Clothing,5445,Sultanpur,XL,Purple,Fall,4.1,Yes,Standard,Yes,Yes,20,Cash,Annually
572,54,Male,Jacket,Outerwear,4180,Delhi,XL,Cyan,Spring,3.6,Yes,Free Shipping,Yes,Yes,37,GooglePay,Weekly
573,56,Male,Scarf,Accessories,5335,Nashik,XL,Cyan,Summer,4.6,Yes,Next Day Air,Yes,Yes,26,Bank Transfer,Annually
574,58,Male,Pants,Clothing,3740,Vadodara,M,Charcoal,Summer,3.2,Yes,2-Day Shipping,Yes,Yes,23,Credit Card,Bi-Weekly
575,54,Male,Sneakers,Footwear,4345,Mumbai,L,Red,Fall,4.8,Yes,Free Shipping,Yes,Yes,20,Bank Transfer,Bi-Weekly
576,58,Male,Jeans,Clothing,4730,Nainital,M,Peach,Fall,4.8,Yes,Express,Yes,Yes,38,PhonPe,Monthly
577,48,Male,Hat,Accessories,3740,Patna,M,Black,Winter,5,Yes,2-Day Shipping,Yes,Yes,5,Credit Card,Every 3 Months
578,19,Male,Skirt,Clothing,2860,Nellore,M,Black,Fall,3.7,Yes,Store Pickup,Yes,Yes,41,GooglePay,Annually
579,69,Male,Sandals,Footwear,4950,Mumbai,M,Purple,Fall,4.6,Yes,Next Day Air,Yes,Yes,22,Credit Card,Fortnightly
580,58,Male,Sandals,Footwear,2255,Vadodara,M,Violet,Winter,3.7,Yes,Free Shipping,Yes,Yes,48,Credit Card,Annually
581,49,Male,Sweater,Clothing,4400,Sultanpur,M,Orange,Spring,4.1,Yes,Free Shipping,Yes,Yes,10,PhonPe,Weekly
582,32,Male,Sweater,Clothing,5500,Sultanpur,XL,Charcoal,Winter,2.7,Yes,Store Pickup,Yes,Yes,12,Bank Transfer,Every 3 Months
583,40,Male,Jacket,Outerwear,4235,Dhanbad,L,Turquoise,Spring,4.9,Yes,Store Pickup,Yes,Yes,2,Bank Transfer,Quarterly
584,25,Male,Shorts,Clothing,4290,Vadodara,L,Yellow,Spring,4,Yes,Store Pickup,Yes,Yes,38,PhonPe,Monthly
585,70,Male,Socks,Clothing,5170,Vijaywada,M,White,Spring,4.7,Yes,Free Shipping,Yes,Yes,20,Debit Card,Monthly
586,69,Male,Socks,Clothing,1265,Nashik,M,Gray,Fall,2.8,Yes,Next Day Air,Yes,Yes,5,Cash,Every 3 Months
587,45,Male,Hoodie,Clothing,1100,Gaya,S,Blue,Winter,4.9,Yes,2-Day Shipping,Yes,Yes,9,GooglePay,Annually
588,29,Male,Socks,Clothing,4730,Patna,S,Maroon,Fall,4.2,Yes,Express,Yes,Yes,48,Debit Card,Every 3 Months
589,47,Male,Boots,Footwear,3300,Ayodhya,M,Violet,Fall,3,Yes,Standard,Yes,Yes,9,Debit Card,Quarterly
590,28,Male,Shirt,Clothing,3850,Prayagraj,M,Orange,Fall,3.4,Yes,2-Day Shipping,Yes,Yes,40,PhonPe,Annually
591,64,Male,Belt,Accessories,2145,Rameswaram,S,Turquoise,Fall,4.6,Yes,Standard,Yes,Yes,30,GooglePay,Fortnightly
592,47,Male,Backpack,Accessories,2035,Delhi,L,Olive,Fall,4.2,Yes,Store Pickup,Yes,Yes,6,Debit Card,Bi-Weekly
593,60,Male,Boots,Footwear,1595,Bhubaneswar,M,Brown,Fall,3.2,Yes,Free Shipping,Yes,Yes,42,GooglePay,Every 3 Months
594,67,Male,Coat,Outerwear,1925,Rameswaram,S,Green,Winter,4.4,Yes,Store Pickup,Yes,Yes,9,PhonPe,Every 3 Months
595,35,Male,Hoodie,Clothing,4565,Surat,S,Brown,Winter,2.5,Yes,Next Day Air,Yes,Yes,6,Debit Card,Monthly
596,30,Male,Shoes,Footwear,4235,Chennai,M,Silver,Summer,3.6,Yes,Next Day Air,Yes,Yes,47,PhonPe,Quarterly
597,23,Male,Shoes,Footwear,2035,Ahmedabad,XL,White,Summer,4.5,Yes,Store Pickup,Yes,Yes,36,GooglePay,Annually
598,70,Male,Jewelry,Accessories,3795,Rameswaram,L,Gold,Summer,3.4,Yes,Standard,Yes,Yes,19,Bank Transfer,Fortnightly
599,21,Male,Dress,Clothing,3630,Vadodara,L,Green,Winter,3.2,Yes,2-Day Shipping,Yes,Yes,30,Cash,Every 3 Months
600,51,Male,Boots,Footwear,1430,Kolkata,L,Teal,Spring,4.2,Yes,Standard,Yes,Yes,27,Debit Card,Every 3 Months
601,22,Male,Hat,Accessories,3465,Nashik,M,Charcoal,Spring,5,Yes,2-Day Shipping,Yes,Yes,25,GooglePay,Monthly
602,32,Male,Backpack,Accessories,2090,Ranchi,M,Maroon,Summer,4.7,Yes,Store Pickup,Yes,Yes,5,Cash,Fortnightly
603,37,Male,Shoes,Footwear,3190,Chandigarh,L,Lavender,Summer,4.2,Yes,Next Day Air,Yes,Yes,10,Cash,Every 3 Months
604,31,Male,Handbag,Accessories,2530,Kolkata,L,Green,Winter,3.4,Yes,2-Day Shipping,Yes,Yes,26,PhonPe,Every 3 Months
605,44,Male,Sunglasses,Accessories,5060,Ranchi,S,Pink,Fall,4.4,Yes,Store Pickup,Yes,Yes,11,Credit Card,Every 3 Months
606,40,Male,Hat,Accessories,1760,Vadodara,XL,Charcoal,Winter,4.2,Yes,Standard,Yes,Yes,17,Bank Transfer,Weekly
607,27,Male,Scarf,Accessories,4950,Dhanbad,M,Blue,Spring,4.5,Yes,Standard,Yes,Yes,44,PhonPe,Monthly
608,47,Male,Hoodie,Clothing,1265,Vijaywada,L,Purple,Fall,2.8,Yes,Next Day Air,Yes,Yes,44,Cash,Monthly
609,41,Male,Backpack,Accessories,1375,Chennai,S,Gold,Fall,3.3,Yes,Next Day Air,Yes,Yes,21,GooglePay,Every 3 Months
610,51,Male,Sweater,Clothing,2970,Mysuru,L,Purple,Fall,4.6,Yes,Next Day Air,Yes,Yes,49,Credit Card,Fortnightly
611,53,Male,Shorts,Clothing,3960,Surat,M,Charcoal,Summer,2.5,Yes,Free Shipping,Yes,Yes,27,Bank Transfer,Every 3 Months
612,43,Male,Scarf,Accessories,1815,Vadodara,M,Black,Winter,4.7,Yes,Store Pickup,Yes,Yes,19,Cash,Monthly
613,67,Male,Hat,Accessories,2365,Hyderabad,L,Lavender,Fall,4.6,Yes,Express,Yes,Yes,33,Credit Card,Quarterly
614,61,Male,Coat,Outerwear,2805,Kota,L,Lavender,Fall,2.6,Yes,Standard,Yes,Yes,46,Cash,Bi-Weekly
615,68,Male,Jewelry,Accessories,4675,Ujjain,M,Lavender,Winter,4,Yes,Standard,Yes,Yes,21,Credit Card,Bi-Weekly
616,67,Male,Sandals,Footwear,5500,Kolhapur,L,Olive,Summer,2.6,Yes,Next Day Air,Yes,Yes,23,GooglePay,Annually
617,29,Male,Gloves,Accessories,3960,Kota,L,Teal,Spring,4.6,Yes,Free Shipping,Yes,Yes,38,Credit Card,Every 3 Months
618,50,Male,Backpack,Accessories,3135,Dhanbad,M,Maroon,Fall,2.6,Yes,Standard,Yes,Yes,2,Bank Transfer,Quarterly
619,61,Male,Jacket,Outerwear,5170,Vijaywada,L,Cyan,Spring,4,Yes,Express,Yes,Yes,21,Debit Card,Bi-Weekly
620,19,Male,Backpack,Accessories,1870,Nainital,M,Charcoal,Summer,4.6,Yes,Store Pickup,Yes,Yes,1,Debit Card,Every 3 Months
621,33,Male,Backpack,Accessories,4895,Bangalore,M,Black,Fall,3.7,Yes,2-Day Shipping,Yes,Yes,10,GooglePay,Every 3 Months
622,51,Male,Sunglasses,Accessories,1485,Varanasi,S,Red,Fall,4.4,Yes,Store Pickup,Yes,Yes,45,Credit Card,Weekly
623,69,Male,Socks,Clothing,3465,Bareily,S,Peach,Spring,4,Yes,Next Day Air,Yes,Yes,44,Bank Transfer,Fortnightly
624,19,Male,Shoes,Footwear,3850,Srinagar,M,White,Fall,4.7,Yes,Standard,Yes,Yes,48,PhonPe,Bi-Weekly
625,55,Male,Pants,Clothing,4785,Nashik,XL,Pink,Fall,3.4,Yes,Express,Yes,Yes,21,PhonPe,Annually
626,49,Male,Jewelry,Accessories,4345,Chennai,M,Red,Fall,4,Yes,Next Day Air,Yes,Yes,1,GooglePay,Weekly
627,31,Male,Sunglasses,Accessories,4345,Hyderabad,M,Indigo,Spring,3.9,Yes,Standard,Yes,Yes,10,GooglePay,Annually
628,42,Male,Sandals,Footwear,2420,Chandigarh,L,Black,Winter,4.1,Yes,Express,Yes,Yes,24,PhonPe,Monthly
629,69,Male,Sweater,Clothing,4675,Kolkata,M,White,Fall,,Yes,2-Day Shipping,Yes,Yes,29,Credit Card,Monthly
630,26,Male,Shoes,Footwear,4950,Pune,L,Beige,Spring,4.7,Yes,Standard,Yes,Yes,11,Debit Card,Annually
631,41,Male,Jewelry,Accessories,5170,Indore,S,Silver,Fall,4.3,Yes,2-Day Shipping,Yes,Yes,33,Debit Card,Annually
632,55,Male,Boots,Footwear,3740,Patna,S,Violet,Summer,4.1,Yes,Store Pickup,Yes,Yes,27,Cash,Fortnightly
633,35,Male,Backpack,Accessories,2805,Nagpur,M,Red,Winter,3.9,Yes,Next Day Air,Yes,Yes,19,GooglePay,Fortnightly
634,66,Male,Sandals,Footwear,1815,Prayagraj,M,Orange,Spring,2.9,Yes,Express,Yes,Yes,50,Debit Card,Quarterly
635,36,Male,Sneakers,Footwear,3300,Mysuru,M,Teal,Summer,3.9,Yes,Standard,Yes,Yes,46,PhonPe,Weekly
636,27,Male,Hoodie,Clothing,3245,Nashik,M,Brown,Fall,4.3,Yes,2-Day Shipping,Yes,Yes,28,Cash,Quarterly
637,41,Male,Handbag,Accessories,1650,Gaya,M,Indigo,Summer,2.8,Yes,Store Pickup,Yes,Yes,14,Bank Transfer,Every 3 Months
638,21,Male,Sweater,Clothing,1100,Kochi,M,Cyan,Winter,3.4,Yes,2-Day Shipping,Yes,Yes,46,Cash,Fortnightly
639,53,Male,Sandals,Footwear,1100,Kolhapur,S,Blue,Summer,2.7,Yes,Express,Yes,Yes,41,PhonPe,Monthly
640,54,Male,Dress,Clothing,1320,Indore,L,Olive,Spring,4,Yes,2-Day Shipping,Yes,Yes,50,Credit Card,Annually
641,53,Male,Skirt,Clothing,4840,Prayagraj,M,Gray,Summer,4.4,Yes,Store Pickup,Yes,Yes,28,Debit Card,Fortnightly
642,47,Male,Blouse,Clothing,4290,Rameswaram,M,Red,Winter,3.9,Yes,2-Day Shipping,Yes,Yes,23,Credit Card,Every 3 Months
643,64,Male,Skirt,Clothing,1375,Gurgaon,L,Red,Spring,2.8,Yes,2-Day Shipping,Yes,Yes,14,Debit Card,Bi-Weekly
644,18,Male,Sweater,Clothing,3135,Chandigarh,XL,Green,Winter,3.2,Yes,Next Day Air,Yes,Yes,10,Bank Transfer,Every 3 Months
645,68,Male,Backpack,Accessories,5115,Lucknow,S,Blue,Summer,4.3,Yes,Next Day Air,Yes,Yes,37,Cash,Weekly
646,62,Male,Hoodie,Clothing,2310,Surat,S,Purple,Summer,4.2,Yes,Express,Yes,Yes,15,GooglePay,Bi-Weekly
647,51,Male,Boots,Footwear,2970,Vijaywada,XL,Pink,Spring,4.9,Yes,Standard,Yes,Yes,19,GooglePay,Bi-Weekly
648,54,Male,Blouse,Clothing,3850,Indore,XL,Charcoal,Summer,3.7,Yes,Express,Yes,Yes,23,Credit Card,Fortnightly
649,22,Male,Hoodie,Clothing,1705,Michigan,M,Brown,Winter,4.1,Yes,Store Pickup,Yes,Yes,35,Credit Card,Weekly
650,53,Male,Pants,Clothing,5115,Chennai,L,Orange,Spring,4.2,Yes,Store Pickup,Yes,Yes,33,PhonPe,Every 3 Months
651,34,Male,Gloves,Accessories,2200,Ghaziabad,M,Magenta,Spring,3.9,Yes,Next Day Air,Yes,Yes,12,Bank Transfer,Annually
652,32,Male,Hat,Accessories,1760,Gurgaon,L,Yellow,Summer,2.9,Yes,Next Day Air,Yes,Yes,41,GooglePay,Fortnightly
653,64,Male,Sunglasses,Accessories,1485,Prayagraj,M,Beige,Winter,3.1,Yes,Free Shipping,Yes,Yes,27,GooglePay,Weekly
654,20,Male,Scarf,Accessories,3740,Bhubaneswar,M,Olive,Winter,3.6,Yes,2-Day Shipping,Yes,Yes,45,Cash,Fortnightly
655,24,Male,Handbag,Accessories,3245,Vadodara,L,Gray,Summer,4.4,Yes,2-Day Shipping,Yes,Yes,23,GooglePay,Annually
656,20,Male,Handbag,Accessories,1980,Indore,S,Purple,Fall,3.1,Yes,Free Shipping,Yes,Yes,19,GooglePay,Monthly
657,42,Male,Jeans,Clothing,1265,Kota,M,Beige,Summer,3.9,Yes,Standard,Yes,Yes,6,PhonPe,Quarterly
658,48,Male,Jacket,Outerwear,4400,Coimbatore,M,White,Winter,4.3,Yes,Free Shipping,Yes,Yes,6,PhonPe,Quarterly
659,62,Male,Backpack,Accessories,2035,Lucknow,S,White,Fall,4.9,Yes,Store Pickup,Yes,Yes,20,GooglePay,Weekly
660,62,Male,Shorts,Clothing,2860,Shimla,S,Gold,Spring,3.6,Yes,2-Day Shipping,Yes,Yes,8,Cash,Weekly
661,50,Male,Coat,Outerwear,4345,Ahmedabad,M,Olive,Fall,5,Yes,2-Day Shipping,Yes,Yes,39,Credit Card,Quarterly
662,57,Male,Shirt,Clothing,3740,Sultanpur,XL,Green,Fall,4.1,Yes,Store Pickup,Yes,Yes,39,Credit Card,Quarterly
663,24,Male,Gloves,Accessories,5390,Visakhapatnam,L,Magenta,Fall,2.8,Yes,Express,Yes,Yes,39,GooglePay,Bi-Weekly
664,59,Male,Dress,Clothing,4565,Rameswaram,M,Charcoal,Fall,4.7,Yes,Express,Yes,Yes,23,Credit Card,Monthly
665,63,Male,Pants,Clothing,4565,Dhanbad,M,Indigo,Winter,4.4,Yes,Express,Yes,Yes,41,PhonPe,Bi-Weekly
666,41,Male,Pants,Clothing,3025,Nanded,M,Peach,Spring,4.9,Yes,2-Day Shipping,Yes,Yes,50,Credit Card,Annually
667,35,Male,Hoodie,Clothing,1430,Dhanbad,L,Turquoise,Winter,3.1,Yes,Free Shipping,Yes,Yes,30,Debit Card,Quarterly
668,34,Male,Sunglasses,Accessories,4180,Coimbatore,S,Blue,Winter,2.6,Yes,Standard,Yes,Yes,32,Bank Transfer,Quarterly
669,49,Male,T-shirt,Clothing,4675,Raipur,S,Turquoise,Fall,2.9,Yes,Express,Yes,Yes,35,Bank Transfer,Monthly
670,43,Male,Jacket,Outerwear,4895,Visakhapatnam,M,Gray,Spring,3.3,Yes,Free Shipping,Yes,Yes,45,GooglePay,Bi-Weekly
671,63,Male,Sweater,Clothing,2255,Lucknow,XL,Purple,Spring,4.8,Yes,Next Day Air,Yes,Yes,37,Cash,Bi-Weekly
672,38,Male,Jacket,Outerwear,1650,Sultanpur,L,Black,Winter,4.7,Yes,Express,Yes,Yes,45,Cash,Weekly
673,59,Male,Socks,Clothing,2915,Patna,M,Peach,Winter,3.3,Yes,2-Day Shipping,Yes,Yes,29,Cash,Quarterly
674,35,Male,Shirt,Clothing,3630,Surat,M,Indigo,Spring,4.2,Yes,Free Shipping,Yes,Yes,27,GooglePay,Bi-Weekly
675,48,Male,Jewelry,Accessories,1815,Patna,XL,Beige,Winter,4.7,Yes,Store Pickup,Yes,Yes,36,Bank Transfer,Annually
676,64,Male,Sunglasses,Accessories,4730,Gurgaon,M,Yellow,Spring,2.6,Yes,2-Day Shipping,Yes,Yes,9,Cash,Annually
677,28,Male,Pants,Clothing,3300,Gwalior,M,Peach,Winter,2.9,Yes,2-Day Shipping,Yes,Yes,38,GooglePay,Bi-Weekly
678,60,Male,Socks,Clothing,3410,Patna,S,Turquoise,Summer,2.7,Yes,Express,Yes,Yes,41,PhonPe,Annually
679,27,Male,Blouse,Clothing,4070,Mumbai,M,Teal,Fall,3.3,Yes,Store Pickup,Yes,Yes,25,Debit Card,Every 3 Months
680,56,Male,Sandals,Footwear,5225,Michigan,M,Turquoise,Fall,3.4,Yes,Express,Yes,Yes,37,GooglePay,Fortnightly
681,58,Male,Sneakers,Footwear,1375,Kochi,M,Magenta,Spring,4.2,Yes,Express,Yes,Yes,3,PhonPe,Annually
682,30,Male,Shirt,Clothing,3245,Lucknow,XL,Purple,Winter,3.8,Yes,2-Day Shipping,Yes,Yes,24,Credit Card,Every 3 Months
683,23,Male,Jacket,Outerwear,1595,Mussoorie,M,Brown,Summer,4,Yes,Standard,Yes,Yes,49,Credit Card,Bi-Weekly
684,33,Male,Sandals,Footwear,1980,Michigan,S,Violet,Winter,2.7,Yes,Free Shipping,Yes,Yes,3,Bank Transfer,Monthly
685,63,Male,Hat,Accessories,4510,Nellore,M,Yellow,Summer,4.7,Yes,Express,Yes,Yes,42,Debit Card,Monthly
686,70,Male,Blouse,Clothing,3905,Kolkata,XL,Magenta,Winter,3.5,Yes,Standard,Yes,Yes,32,Cash,Fortnightly
687,70,Male,Sweater,Clothing,1925,Vijaywada,L,Beige,Fall,3,Yes,2-Day Shipping,Yes,Yes,33,GooglePay,Fortnightly
688,19,Male,Gloves,Accessories,2090,Ranchi,XL,Turquoise,Winter,3.3,Yes,Free Shipping,Yes,Yes,46,Bank Transfer,Quarterly
689,25,Male,Scarf,Accessories,3245,Michigan,S,Peach,Summer,4.7,Yes,Store Pickup,Yes,Yes,44,GooglePay,Monthly
690,19,Male,Hoodie,Clothing,5005,Kota,M,Orange,Summer,4.7,Yes,Express,Yes,Yes,35,Credit Card,Every 3 Months
691,25,Male,Shorts,Clothing,3740,Rameswaram,XL,Red,Spring,4.8,Yes,Standard,Yes,Yes,45,Bank Transfer,Weekly
692,60,Male,Backpack,Accessories,1155,Kolkata,L,Silver,Summer,2.9,Yes,Standard,Yes,Yes,37,PhonPe,Bi-Weekly
693,35,Male,Sunglasses,Accessories,5225,Bhubaneswar,M,Cyan,Spring,4,Yes,2-Day Shipping,Yes,Yes,40,Debit Card,Every 3 Months
694,46,Male,Shorts,Clothing,2860,Pune,L,Turquoise,Spring,3.1,Yes,Free Shipping,Yes,Yes,30,Cash,Every 3 Months
695,41,Male,Dress,Clothing,1155,Delhi,S,Charcoal,Fall,3.5,Yes,2-Day Shipping,Yes,Yes,38,GooglePay,Every 3 Months
696,30,Male,Shorts,Clothing,3685,Srinagar,XL,Peach,Summer,3.7,Yes,Next Day Air,Yes,Yes,15,Debit Card,Every 3 Months
697,44,Male,Belt,Accessories,2310,Jalandhar,L,Green,Fall,2.8,Yes,Standard,Yes,Yes,49,Cash,Monthly
698,61,Male,Scarf,Accessories,3465,Bhubaneswar,XL,Brown,Summer,4.6,Yes,Free Shipping,Yes,Yes,40,Debit Card,Quarterly
699,55,Male,Boots,Footwear,2255,Sultanpur,M,Yellow,Winter,3.8,Yes,Standard,Yes,Yes,40,Debit Card,Weekly
700,50,Male,Handbag,Accessories,2530,Gwalior,M,Charcoal,Fall,2.6,Yes,2-Day Shipping,Yes,Yes,5,PhonPe,Weekly
701,57,Male,Pants,Clothing,4345,Gaya,L,Olive,Winter,4.1,Yes,Standard,Yes,Yes,5,PhonPe,Monthly
702,51,Male,Boots,Footwear,4950,Ujjain,L,Red,Fall,3.3,Yes,Next Day Air,Yes,Yes,5,Debit Card,Every 3 Months
703,18,Male,Shirt,Clothing,3905,Ahmedabad,M,White,Winter,3.4,Yes,Store Pickup,Yes,Yes,1,Cash,Weekly
704,63,Male,Dress,Clothing,4785,Gwalior,L,Pink,Summer,3,Yes,Standard,Yes,Yes,21,GooglePay,Weekly
705,34,Male,Hoodie,Clothing,3630,Ujjain,S,Black,Spring,3.2,Yes,Express,Yes,Yes,18,PhonPe,Annually
706,25,Male,Pants,Clothing,4950,Gurgaon,XL,Indigo,Summer,4.5,Yes,Free Shipping,Yes,Yes,49,Cash,Quarterly
707,46,Male,Jeans,Clothing,2585,Sultanpur,L,Turquoise,Summer,4.8,Yes,Express,Yes,Yes,27,Debit Card,Weekly
708,59,Male,Shirt,Clothing,2090,Lucknow,L,Purple,Spring,3.7,Yes,Next Day Air,Yes,Yes,21,GooglePay,Annually
709,37,Male,Backpack,Accessories,2750,Delhi,L,Beige,Summer,3.4,Yes,Store Pickup,Yes,Yes,19,Cash,Fortnightly
710,49,Male,Jacket,Outerwear,4345,Kolkata,L,Charcoal,Summer,4.6,Yes,Standard,Yes,Yes,23,Debit Card,Monthly
711,22,Male,Scarf,Accessories,5005,Shimla,L,Turquoise,Spring,4.1,Yes,Standard,Yes,Yes,26,PhonPe,Fortnightly
712,64,Male,Boots,Footwear,3300,Hyderabad,M,Maroon,Spring,3.5,Yes,2-Day Shipping,Yes,Yes,13,Bank Transfer,Bi-Weekly
713,42,Male,Blouse,Clothing,4455,Hyderabad,XL,Black,Summer,3.8,Yes,Next Day Air,Yes,Yes,36,Bank Transfer,Quarterly
714,37,Male,Hoodie,Clothing,4950,Chandigarh,M,Lavender,Summer,2.6,Yes,Express,Yes,Yes,39,Bank Transfer,Bi-Weekly
715,26,Male,Jacket,Outerwear,3850,Ayodhya,M,Magenta,Fall,4.4,Yes,Store Pickup,Yes,Yes,40,Debit Card,Fortnightly
716,33,Male,Jeans,Clothing,3465,Chennai,L,Green,Spring,2.6,Yes,Express,Yes,Yes,37,Debit Card,Quarterly
717,30,Male,Jewelry,Accessories,1595,Mussoorie,M,Olive,Spring,3.6,Yes,Express,Yes,Yes,9,GooglePay,Bi-Weekly
718,21,Male,Socks,Clothing,4950,Rameswaram,L,Green,Spring,4.2,Yes,Express,Yes,Yes,7,GooglePay,Every 3 Months
719,22,Male,Shirt,Clothing,1210,Ghaziabad,M,Peach,Summer,4.6,Yes,Standard,Yes,Yes,25,Bank Transfer,Annually
720,63,Male,Shorts,Clothing,1210,Indore,L,Turquoise,Summer,3.3,Yes,Next Day Air,Yes,Yes,42,GooglePay,Bi-Weekly
721,33,Male,Jewelry,Accessories,3410,Nanded,L,Orange,Fall,3.4,Yes,Free Shipping,Yes,Yes,19,Debit Card,Weekly
722,43,Male,Blouse,Clothing,3135,Vadodara,L,Silver,Summer,4.4,Yes,Next Day Air,Yes,Yes,41,Debit Card,Every 3 Months
723,27,Male,Sweater,Clothing,1760,Nagpur,S,Blue,Summer,4.3,Yes,Store Pickup,Yes,Yes,50,Cash,Bi-Weekly
724,35,Male,Jewelry,Accessories,2915,Mussoorie,L,Cyan,Fall,3.5,Yes,Express,Yes,Yes,43,PhonPe,Monthly
725,37,Male,T-shirt,Clothing,4345,Hyderabad,XL,Green,Fall,4.7,Yes,Store Pickup,Yes,Yes,36,GooglePay,Every 3 Months
726,61,Male,Hat,Accessories,3355,Amritsar,L,Silver,Winter,3.1,Yes,Standard,Yes,Yes,33,Debit Card,Fortnightly
727,32,Male,Shorts,Clothing,4290,Bhubaneswar,L,Yellow,Summer,3.6,Yes,Next Day Air,Yes,Yes,20,Bank Transfer,Every 3 Months
728,62,Male,Sweater,Clothing,5335,Gurgaon,S,Gray,Winter,4.8,Yes,Next Day Air,Yes,Yes,37,GooglePay,Every 3 Months
729,29,Male,Jeans,Clothing,4290,Nainital,M,Pink,Winter,3.7,Yes,Next Day Air,Yes,Yes,12,PhonPe,Every 3 Months
730,41,Male,Sunglasses,Accessories,3080,Prayagraj,L,Beige,Summer,3.2,Yes,Express,Yes,Yes,46,PhonPe,Every 3 Months
731,48,Male,Boots,Footwear,1375,Kolkata,M,Indigo,Summer,3.9,Yes,Standard,Yes,Yes,28,GooglePay,Fortnightly
732,43,Male,Coat,Outerwear,1540,Gurgaon,M,Red,Spring,3.5,Yes,Free Shipping,Yes,Yes,30,PhonPe,Fortnightly
733,34,Male,Shirt,Clothing,3135,Hyderabad,L,Blue,Spring,2.8,Yes,Express,Yes,Yes,28,Cash,Bi-Weekly
734,45,Male,Dress,Clothing,1980,Bangalore,L,Cyan,Fall,2.7,Yes,2-Day Shipping,Yes,Yes,20,Debit Card,Bi-Weekly
735,65,Male,Shirt,Clothing,3795,Mangaluru,S,Violet,Winter,3.1,Yes,Express,Yes,Yes,39,Bank Transfer,Every 3 Months
736,61,Male,Sunglasses,Accessories,2640,Ahmedabad,M,Orange,Fall,3.6,Yes,2-Day Shipping,Yes,Yes,48,Cash,Bi-Weekly
737,18,Male,Dress,Clothing,3190,Dhanbad,L,Maroon,Spring,2.9,Yes,2-Day Shipping,Yes,Yes,32,Credit Card,Every 3 Months
738,47,Male,Sunglasses,Accessories,1320,Nainital,M,Teal,Spring,3.6,Yes,Store Pickup,Yes,Yes,28,PhonPe,Annually
739,56,Male,Sunglasses,Accessories,1705,Prayagraj,L,Orange,Winter,3.5,Yes,2-Day Shipping,Yes,Yes,27,GooglePay,Quarterly
740,64,Male,Shorts,Clothing,1595,Prayagraj,S,Purple,Summer,3.5,Yes,Free Shipping,Yes,Yes,26,GooglePay,Bi-Weekly
741,26,Male,Jeans,Clothing,3795,Ayodhya,M,Orange,Summer,2.8,Yes,Next Day Air,Yes,Yes,22,Credit Card,Fortnightly
742,22,Male,T-shirt,Clothing,4345,Ranchi,XL,Yellow,Summer,4.7,Yes,Free Shipping,Yes,Yes,23,Bank Transfer,Every 3 Months
743,64,Male,Pants,Clothing,2145,Srinagar,M,Charcoal,Summer,3.1,Yes,Express,Yes,Yes,21,Debit Card,Quarterly
744,21,Male,Sunglasses,Accessories,4620,Udaipur,L,Gray,Fall,4.9,Yes,Free Shipping,Yes,Yes,36,Cash,Weekly
745,67,Male,Boots,Footwear,3630,Visakhapatnam,S,Charcoal,Spring,4.1,Yes,Next Day Air,Yes,Yes,42,Debit Card,Bi-Weekly
746,46,Male,T-shirt,Clothing,5060,Michigan,L,Orange,Fall,4.7,Yes,Standard,Yes,Yes,4,GooglePay,Monthly
747,40,Male,Sandals,Footwear,2475,Michigan,M,Red,Winter,2.5,Yes,Free Shipping,Yes,Yes,47,Credit Card,Annually
748,51,Male,Shorts,Clothing,4070,Surat,L,Gold,Spring,4.4,Yes,Next Day Air,Yes,Yes,13,Bank Transfer,Weekly
749,35,Male,Hat,Accessories,2145,Ayodhya,L,Brown,Fall,3.9,Yes,Free Shipping,Yes,Yes,8,Bank Transfer,Quarterly
750,56,Male,Scarf,Accessories,3905,Surat,M,Olive,Winter,3.7,Yes,Standard,Yes,Yes,11,Debit Card,Quarterly
751,25,Male,T-shirt,Clothing,5225,Kolhapur,L,Violet,Fall,3.4,Yes,Free Shipping,Yes,Yes,5,GooglePay,Annually
752,65,Male,Gloves,Accessories,3960,Mysuru,L,Indigo,Fall,4.8,Yes,Free Shipping,Yes,Yes,1,Credit Card,Monthly
753,39,Male,Scarf,Accessories,4675,Mysuru,L,Yellow,Fall,4.2,Yes,2-Day Shipping,Yes,Yes,17,PhonPe,Every 3 Months
754,47,Male,Boots,Footwear,2970,Kolkata,M,Teal,Fall,3.4,Yes,Store Pickup,Yes,Yes,27,GooglePay,Quarterly
755,36,Male,Gloves,Accessories,2255,Udaipur,L,Pink,Spring,2.9,Yes,Store Pickup,Yes,Yes,3,Debit Card,Quarterly
756,66,Male,Coat,Outerwear,1320,Ghaziabad,M,Violet,Spring,3.3,Yes,Free Shipping,Yes,Yes,22,PhonPe,Weekly
757,62,Male,Belt,Accessories,5445,Ahmedabad,S,Orange,Summer,4.8,Yes,Standard,Yes,Yes,24,Cash,Fortnightly
758,41,Male,Hoodie,Clothing,1760,Prayagraj,M,Red,Fall,3.8,Yes,Store Pickup,Yes,Yes,18,Debit Card,Quarterly
759,66,Male,Shoes,Footwear,3905,Kolkata,L,Peach,Summer,4.6,Yes,2-Day Shipping,Yes,Yes,39,Bank Transfer,Every 3 Months
760,51,Male,Dress,Clothing,2695,Bangalore,XL,Green,Winter,2.6,Yes,Next Day Air,Yes,Yes,25,Credit Card,Fortnightly
761,33,Male,Gloves,Accessories,2750,Prayagraj,XL,Violet,Fall,3.4,Yes,Free Shipping,Yes,Yes,6,Cash,Annually
762,57,Male,Jewelry,Accessories,5005,Srinagar,L,Yellow,Fall,4.2,Yes,Express,Yes,Yes,26,Bank Transfer,Weekly
763,45,Male,Belt,Accessories,2530,Nanded,M,Pink,Fall,3.9,Yes,Standard,Yes,Yes,43,Debit Card,Fortnightly
764,61,Male,Sweater,Clothing,2750,Udaipur,M,Brown,Spring,2.9,Yes,2-Day Shipping,Yes,Yes,6,Credit Card,Monthly
765,55,Male,Skirt,Clothing,2145,Shimla,XL,Silver,Fall,4.2,Yes,Free Shipping,Yes,Yes,6,Debit Card,Quarterly
766,54,Male,Sneakers,Footwear,5445,Rameswaram,M,Pink,Summer,3,Yes,Store Pickup,Yes,Yes,13,Cash,Quarterly
767,57,Male,Gloves,Accessories,2640,Srinagar,M,Cyan,Winter,3.6,Yes,Next Day Air,Yes,Yes,13,PhonPe,Monthly
768,27,Male,Coat,Outerwear,4235,Kota,M,Brown,Fall,2.5,Yes,Next Day Air,Yes,Yes,11,Cash,Annually
769,64,Male,Backpack,Accessories,5225,Visakhapatnam,XL,Red,Spring,2.6,Yes,Express,Yes,Yes,45,GooglePay,Weekly
770,52,Male,Socks,Clothing,5500,Chennai,M,Silver,Spring,4.3,Yes,Store Pickup,Yes,Yes,8,PhonPe,Monthly
771,19,Male,Sneakers,Footwear,2970,Pune,M,Gray,Spring,3.3,Yes,Express,Yes,Yes,8,Credit Card,Annually
772,22,Male,Sweater,Clothing,3740,Raipur,L,Cyan,Fall,2.6,Yes,Next Day Air,Yes,Yes,34,Bank Transfer,Fortnightly
773,18,Male,Jeans,Clothing,1210,Visakhapatnam,L,Teal,Fall,3.6,Yes,Free Shipping,Yes,Yes,40,Debit Card,Bi-Weekly
774,29,Male,Hat,Accessories,4620,Vadodara,L,Indigo,Winter,2.6,Yes,Express,Yes,Yes,14,Debit Card,Bi-Weekly
775,42,Male,Hat,Accessories,2530,Srinagar,M,Yellow,Summer,3.5,Yes,Standard,Yes,Yes,11,Credit Card,Quarterly
776,49,Male,Handbag,Accessories,2915,Delhi,S,Gold,Winter,3,Yes,Store Pickup,Yes,Yes,8,PhonPe,Monthly
777,49,Male,Shirt,Clothing,3300,Nellore,M,Maroon,Spring,5,Yes,Standard,Yes,Yes,8,GooglePay,Every 3 Months
778,55,Male,Socks,Clothing,1760,Nagpur,XL,Silver,Spring,2.5,Yes,Express,Yes,Yes,37,GooglePay,Weekly
779,29,Male,Socks,Clothing,2750,Kolkata,M,Yellow,Summer,2.9,Yes,Store Pickup,Yes,Yes,23,Debit Card,Annually
780,60,Male,Dress,Clothing,5170,Jalandhar,M,Blue,Spring,4.6,Yes,Express,Yes,Yes,38,Cash,Annually
781,34,Male,Shoes,Footwear,1430,Chandrapur,M,Turquoise,Spring,3.6,Yes,Free Shipping,Yes,Yes,38,Cash,Quarterly
782,30,Male,Scarf,Accessories,2420,Pune,L,Indigo,Winter,3,Yes,Store Pickup,Yes,Yes,12,Credit Card,Fortnightly
783,28,Male,Hoodie,Clothing,3135,Raipur,M,Green,Summer,4.5,Yes,Standard,Yes,Yes,15,Cash,Weekly
784,63,Male,T-shirt,Clothing,3575,Lucknow,L,Purple,Winter,4.5,Yes,Next Day Air,Yes,Yes,38,PhonPe,Fortnightly
785,31,Male,Jeans,Clothing,3960,Nellore,M,Peach,Winter,3.2,Yes,Store Pickup,Yes,Yes,41,Bank Transfer,Every 3 Months
786,46,Male,Shorts,Clothing,3410,Lucknow,S,Purple,Spring,4,Yes,Next Day Air,Yes,Yes,37,PhonPe,Fortnightly
787,70,Male,Hat,Accessories,1155,Vijaywada,S,Teal,Winter,4.8,Yes,Express,Yes,Yes,16,Bank Transfer,Every 3 Months
788,53,Male,Handbag,Accessories,4675,Michigan,S,Green,Spring,3.7,Yes,Free Shipping,Yes,Yes,25,GooglePay,Weekly
789,50,Male,Pants,Clothing,2805,Bangalore,XL,Yellow,Summer,3.8,Yes,Store Pickup,Yes,Yes,18,Bank Transfer,Quarterly
790,33,Male,Handbag,Accessories,4620,Ujjain,S,Purple,Fall,2.7,Yes,Standard,Yes,Yes,4,Credit Card,Bi-Weekly
791,22,Male,Sweater,Clothing,2035,Lucknow,M,Indigo,Summer,4.9,Yes,Store Pickup,Yes,Yes,12,Bank Transfer,Quarterly
792,50,Male,Scarf,Accessories,2420,Udaipur,S,Magenta,Summer,3.1,Yes,2-Day Shipping,Yes,Yes,35,PhonPe,Fortnightly
793,34,Male,Sneakers,Footwear,2475,Mangaluru,M,Violet,Spring,4.2,Yes,Next Day Air,Yes,Yes,45,GooglePay,Weekly
794,24,Male,Pants,Clothing,1925,Nellore,L,Maroon,Summer,3.8,Yes,Free Shipping,Yes,Yes,16,Credit Card,Monthly
795,69,Male,Backpack,Accessories,2750,Delhi,XL,Yellow,Winter,4.2,Yes,Store Pickup,Yes,Yes,10,Debit Card,Fortnightly
796,39,Male,Sandals,Footwear,1430,Chandrapur,M,Beige,Summer,4.6,Yes,Store Pickup,Yes,Yes,34,GooglePay,Annually
797,42,Male,Socks,Clothing,4290,Coimbatore,XL,Black,Fall,4,Yes,2-Day Shipping,Yes,Yes,43,Credit Card,Annually
798,42,Male,Coat,Outerwear,4510,Kolhapur,M,Violet,Fall,4,Yes,2-Day Shipping,Yes,Yes,38,Debit Card,Weekly
799,29,Male,Socks,Clothing,2145,Rameswaram,M,Violet,Spring,3.8,Yes,2-Day Shipping,Yes,Yes,48,PhonPe,Every 3 Months
800,55,Male,Belt,Accessories,3025,Srinagar,L,Brown,Summer,,Yes,Free Shipping,Yes,Yes,31,PhonPe,Annually
801,32,Male,Socks,Clothing,1100,Jalandhar,S,Gold,Summer,2.6,Yes,Free Shipping,Yes,Yes,20,Cash,Every 3 Months
802,25,Male,Belt,Accessories,1595,Nanded,L,Blue,Fall,4.9,Yes,Express,Yes,Yes,12,Credit Card,Fortnightly
803,38,Male,Pants,Clothing,2255,Chennai,M,Teal,Winter,3.5,Yes,Next Day Air,Yes,Yes,2,Bank Transfer,Weekly
804,32,Male,Shorts,Clothing,2090,Gwalior,L,Silver,Winter,2.8,Yes,Express,Yes,Yes,30,GooglePay,Every 3 Months
805,43,Male,Boots,Footwear,2585,Indore,M,Maroon,Summer,2.6,Yes,Store Pickup,Yes,Yes,28,GooglePay,Quarterly
806,41,Male,Dress,Clothing,1650,Gwalior,L,White,Summer,3.7,Yes,Next Day Air,Yes,Yes,40,Debit Card,Monthly
807,56,Male,Jeans,Clothing,3080,Ghaziabad,L,Charcoal,Summer,2.7,Yes,Standard,Yes,Yes,46,PhonPe,Quarterly
808,27,Male,T-shirt,Clothing,4895,Chandrapur,S,Brown,Winter,3.3,Yes,Express,Yes,Yes,15,Credit Card,Weekly
809,46,Male,Shoes,Footwear,5280,Gaya,L,Lavender,Fall,4.6,Yes,Next Day Air,Yes,Yes,38,Cash,Every 3 Months
810,48,Male,Boots,Footwear,4455,Nashik,M,Violet,Fall,4.9,Yes,Next Day Air,Yes,Yes,30,PhonPe,Bi-Weekly
811,52,Male,Scarf,Accessories,4565,Ayodhya,S,Lavender,Fall,4.9,Yes,Store Pickup,Yes,Yes,32,Debit Card,Bi-Weekly
812,18,Male,Sneakers,Footwear,1925,Visakhapatnam,M,Green,Winter,2.7,Yes,Free Shipping,Yes,Yes,36,GooglePay,Quarterly
813,64,Male,Boots,Footwear,3080,Rameswaram,M,Olive,Summer,3.2,Yes,Standard,Yes,Yes,32,Credit Card,Weekly
814,54,Male,Handbag,Accessories,2475,Ahmedabad,S,Olive,Summer,2.9,Yes,Store Pickup,Yes,Yes,14,Debit Card,Annually
815,31,Male,Shirt,Clothing,3410,Prayagraj,M,Pink,Winter,3.8,Yes,Express,Yes,Yes,8,PhonPe,Monthly
816,30,Male,Hat,Accessories,4620,Ranchi,L,Teal,Spring,3,Yes,Next Day Air,Yes,Yes,27,GooglePay,Bi-Weekly
817,26,Male,Sweater,Clothing,1320,Visakhapatnam,L,Cyan,Summer,3.9,Yes,Store Pickup,Yes,Yes,24,Debit Card,Monthly
818,25,Male,Handbag,Accessories,1155,Srinagar,S,Gray,Spring,4.7,Yes,Store Pickup,Yes,Yes,30,PhonPe,Fortnightly
819,59,Male,Shirt,Clothing,5005,Ujjain,M,Peach,Winter,4.9,Yes,Store Pickup,Yes,Yes,34,Debit Card,Monthly
820,55,Male,Sunglasses,Accessories,1980,Dhanbad,S,Teal,Winter,4.8,Yes,Next Day Air,Yes,Yes,28,Debit Card,Quarterly
821,56,Male,Sneakers,Footwear,2145,Lucknow,M,Turquoise,Spring,2.5,Yes,2-Day Shipping,Yes,Yes,27,Debit Card,Monthly
822,62,Male,Hoodie,Clothing,2145,Pune,M,Green,Spring,3.9,Yes,Standard,Yes,Yes,31,Credit Card,Bi-Weekly
823,35,Male,Shirt,Clothing,3245,Indore,L,Magenta,Winter,3.4,Yes,Standard,Yes,Yes,23,Bank Transfer,Annually
824,51,Male,Sunglasses,Accessories,1485,Bareily,M,Green,Winter,2.5,Yes,Free Shipping,Yes,Yes,11,Credit Card,Quarterly
825,61,Male,Blouse,Clothing,5170,Bareily,M,White,Spring,3,Yes,Store Pickup,Yes,Yes,48,Cash,Quarterly
826,27,Male,Belt,Accessories,5170,Nainital,XL,Brown,Fall,3.6,Yes,Next Day Air,Yes,Yes,17,Cash,Monthly
827,54,Male,Dress,Clothing,5170,Kolkata,M,Purple,Winter,3.6,Yes,Standard,Yes,Yes,36,PhonPe,Weekly
828,31,Male,Shoes,Footwear,2805,Dhanbad,S,Green,Fall,4.1,Yes,Free Shipping,Yes,Yes,33,Bank Transfer,Fortnightly
829,24,Male,Socks,Clothing,3410,Srinagar,M,Peach,Fall,3.7,Yes,2-Day Shipping,Yes,Yes,27,PhonPe,Bi-Weekly
830,42,Male,Socks,Clothing,3135,Ujjain,S,Silver,Spring,,Yes,2-Day Shipping,Yes,Yes,14,Credit Card,Fortnightly
831,41,Male,Shorts,Clothing,4180,Nagpur,M,Maroon,Fall,4.2,Yes,Express,Yes,Yes,5,Credit Card,Annually
832,66,Male,Gloves,Accessories,3465,Patna,M,Red,Summer,4.3,Yes,Express,Yes,Yes,47,Cash,Every 3 Months
833,58,Male,Jacket,Outerwear,4400,Vadodara,L,Blue,Fall,2.5,Yes,Express,Yes,Yes,28,Cash,Bi-Weekly
834,43,Male,Handbag,Accessories,3740,Surat,M,Purple,Fall,3.5,Yes,Standard,Yes,Yes,11,Credit Card,Annually
835,52,Male,Backpack,Accessories,4895,Srinagar,M,Indigo,Summer,3.1,Yes,Free Shipping,Yes,Yes,18,Credit Card,Weekly
836,35,Male,Boots,Footwear,1430,Kolhapur,L,Indigo,Summer,2.5,Yes,Next Day Air,Yes,Yes,21,Debit Card,Weekly
837,23,Male,Gloves,Accessories,4950,Ranchi,L,Violet,Winter,3.9,Yes,Store Pickup,Yes,Yes,22,Cash,Bi-Weekly
838,25,Male,Hoodie,Clothing,1540,Visakhapatnam,L,Brown,Spring,4.9,Yes,Express,Yes,Yes,33,Cash,Every 3 Months
839,33,Male,Coat,Outerwear,1595,Delhi,M,Gray,Spring,4.3,Yes,Express,Yes,Yes,49,Credit Card,Annually
840,48,Male,Shirt,Clothing,1705,Visakhapatnam,L,Teal,Spring,2.6,Yes,Free Shipping,Yes,Yes,10,Debit Card,Every 3 Months
841,42,Male,Shirt,Clothing,1320,Nellore,L,Teal,Summer,4.2,Yes,2-Day Shipping,Yes,Yes,18,PhonPe,Weekly
842,55,Male,Sweater,Clothing,4840,Amritsar,M,Beige,Summer,2.6,Yes,Store Pickup,Yes,Yes,28,PhonPe,Fortnightly
843,59,Male,Shirt,Clothing,4785,Mussoorie,M,Violet,Spring,3.6,Yes,Express,Yes,Yes,25,PhonPe,Weekly
844,65,Male,Hoodie,Clothing,4400,Kota,S,Beige,Summer,3.2,Yes,Express,Yes,Yes,6,PhonPe,Weekly
845,59,Male,Sandals,Footwear,2640,Mussoorie,L,Purple,Winter,4.4,Yes,Express,Yes,Yes,44,GooglePay,Bi-Weekly
846,31,Male,Belt,Accessories,1155,Michigan,XL,Charcoal,Winter,3.7,Yes,Standard,Yes,Yes,30,GooglePay,Monthly
847,49,Male,Boots,Footwear,3960,Delhi,M,Pink,Spring,3.7,Yes,Express,Yes,Yes,42,Debit Card,Quarterly
848,53,Male,Hoodie,Clothing,2420,Mangaluru,L,Blue,Fall,4.1,Yes,Standard,Yes,Yes,30,PhonPe,Monthly
849,48,Male,Sandals,Footwear,4015,Chennai,M,Lavender,Fall,3.6,Yes,Store Pickup,Yes,Yes,33,Credit Card,Bi-Weekly
850,23,Male,Jeans,Clothing,3355,Mussoorie,S,Charcoal,Spring,4.3,Yes,Express,Yes,Yes,24,PhonPe,Quarterly
851,68,Male,Shoes,Footwear,1100,Gwalior,L,Turquoise,Winter,2.6,Yes,Store Pickup,Yes,Yes,13,GooglePay,Monthly
852,35,Male,Sandals,Footwear,4730,Kolkata,M,Red,Summer,2.9,Yes,Express,Yes,Yes,19,Debit Card,Monthly
853,34,Male,Dress,Clothing,3300,Ghaziabad,L,Yellow,Spring,4.2,Yes,Next Day Air,Yes,Yes,23,Debit Card,Every 3 Months
854,62,Male,Hat,Accessories,2365,Chennai,L,Orange,Winter,4,Yes,Free Shipping,Yes,Yes,35,Cash,Monthly
855,21,Male,Pants,Clothing,2420,Vadodara,L,Blue,Spring,4.3,Yes,Free Shipping,Yes,Yes,22,GooglePay,Monthly
856,70,Male,Socks,Clothing,4180,Chandigarh,L,Gold,Spring,3,Yes,2-Day Shipping,Yes,Yes,14,Credit Card,Quarterly
857,55,Male,Shirt,Clothing,1815,Rameswaram,M,Gold,Summer,3.5,Yes,Express,Yes,Yes,47,Debit Card,Fortnightly
858,43,Male,Shorts,Clothing,3300,Mussoorie,L,Cyan,Fall,3,Yes,Standard,Yes,Yes,50,Debit Card,Every 3 Months
859,19,Male,Jacket,Outerwear,1430,Surat,L,Olive,Fall,3.1,Yes,Free Shipping,Yes,Yes,33,PhonPe,Weekly
860,47,Male,Hoodie,Clothing,4015,Gaya,M,Teal,Winter,4,Yes,Next Day Air,Yes,Yes,7,Debit Card,Monthly
861,26,Male,Shoes,Footwear,4785,Nashik,M,Maroon,Spring,4.1,Yes,Standard,Yes,Yes,3,Cash,Monthly
862,46,Male,Skirt,Clothing,5500,Shimla,XL,Green,Spring,,Yes,2-Day Shipping,Yes,Yes,35,Credit Card,Every 3 Months
863,19,Male,Coat,Outerwear,4620,Gurgaon,M,Charcoal,Winter,4.9,Yes,Standard,Yes,Yes,13,PhonPe,Fortnightly
864,49,Male,Sneakers,Footwear,2255,Pune,M,Cyan,Summer,3.9,Yes,Standard,Yes,Yes,42,PhonPe,Fortnightly
865,51,Male,Jeans,Clothing,3245,Delhi,S,Charcoal,Winter,3.9,Yes,Next Day Air,Yes,Yes,5,PhonPe,Annually
866,64,Male,Blouse,Clothing,1430,Dhanbad,L,Charcoal,Winter,4.8,Yes,Store Pickup,Yes,Yes,23,GooglePay,Annually
867,67,Male,Sunglasses,Accessories,3795,Nanded,M,Lavender,Summer,2.7,Yes,Free Shipping,Yes,Yes,11,PhonPe,Bi-Weekly
868,37,Male,Jacket,Outerwear,1100,Dhanbad,M,Turquoise,Spring,3.1,Yes,Free Shipping,Yes,Yes,23,Bank Transfer,Fortnightly
869,40,Male,Dress,Clothing,4565,Udaipur,M,Green,Summer,3.2,Yes,Next Day Air,Yes,Yes,2,Credit Card,Every 3 Months
870,38,Male,Hat,Accessories,2970,Hyderabad,M,Silver,Spring,2.7,Yes,2-Day Shipping,Yes,Yes,33,PhonPe,Weekly
871,66,Male,Hoodie,Clothing,3630,Ranchi,M,Blue,Fall,2.5,Yes,Standard,Yes,Yes,6,Bank Transfer,Bi-Weekly
872,47,Male,Handbag,Accessories,2310,Raipur,M,Charcoal,Spring,2.6,Yes,Next Day Air,Yes,Yes,45,Debit Card,Quarterly
873,56,Male,Jeans,Clothing,1815,Bhubaneswar,M,Pink,Spring,2.9,Yes,Standard,Yes,Yes,25,Cash,Quarterly
874,51,Male,Boots,Footwear,4235,Indore,M,Pink,Summer,4.2,Yes,Free Shipping,Yes,Yes,24,GooglePay,Quarterly
875,25,Male,Jacket,Outerwear,3575,Mumbai,M,Magenta,Fall,4.4,Yes,Free Shipping,Yes,Yes,10,GooglePay,Every 3 Months
876,37,Male,Sandals,Footwear,2145,Bhubaneswar,L,Gray,Summer,4.1,Yes,Free Shipping,Yes,Yes,7,Bank Transfer,Every 3 Months
877,41,Male,Belt,Accessories,2805,Nainital,L,Gray,Summer,3.8,Yes,2-Day Shipping,Yes,Yes,1,Debit Card,Weekly
878,64,Male,Handbag,Accessories,3575,Nainital,M,Orange,Winter,4.9,Yes,Next Day Air,Yes,Yes,45,GooglePay,Every 3 Months
879,23,Male,Sunglasses,Accessories,4895,Kochi,S,Black,Summer,4.9,Yes,Express,Yes,Yes,37,Debit Card,Weekly
880,62,Male,Skirt,Clothing,4180,Nagpur,S,Lavender,Spring,4.1,Yes,Free Shipping,Yes,Yes,14,PhonPe,Quarterly
881,39,Male,Backpack,Accessories,4125,Srinagar,L,Red,Spring,3.1,Yes,Express,Yes,Yes,25,Debit Card,Monthly
882,52,Male,Sandals,Footwear,3355,Nashik,M,Silver,Summer,2.7,Yes,Next Day Air,Yes,Yes,18,GooglePay,Annually
883,50,Male,Boots,Footwear,1925,Shimla,M,Cyan,Fall,3.8,Yes,Next Day Air,Yes,Yes,37,Cash,Every 3 Months
884,28,Male,Sneakers,Footwear,2035,Kota,S,Gold,Fall,4.3,Yes,Free Shipping,Yes,Yes,30,Bank Transfer,Monthly
885,67,Male,Skirt,Clothing,5005,Raipur,L,Yellow,Winter,4.1,Yes,Express,Yes,Yes,34,Bank Transfer,Weekly
886,41,Male,Dress,Clothing,5445,Mysuru,L,Purple,Fall,4.4,Yes,Free Shipping,Yes,Yes,49,Debit Card,Every 3 Months
887,19,Male,Shorts,Clothing,2970,Jalandhar,S,Brown,Summer,3.6,Yes,Express,Yes,Yes,48,Bank Transfer,Monthly
888,70,Male,Handbag,Accessories,2585,Prayagraj,L,Turquoise,Winter,3.3,Yes,2-Day Shipping,Yes,Yes,33,PhonPe,Fortnightly
889,49,Male,Scarf,Accessories,4235,Hyderabad,S,Gold,Spring,,Yes,Express,Yes,Yes,44,Cash,Annually
890,59,Male,Belt,Accessories,4620,Coimbatore,S,Olive,Fall,2.8,Yes,Free Shipping,Yes,Yes,50,GooglePay,Weekly
891,52,Male,Gloves,Accessories,2805,Chandrapur,S,Purple,Spring,4.3,Yes,2-Day Shipping,Yes,Yes,47,Credit Card,Monthly
892,20,Male,Skirt,Clothing,1430,Kota,S,Lavender,Summer,3.9,Yes,Store Pickup,Yes,Yes,24,PhonPe,Every 3 Months
893,31,Male,Shorts,Clothing,3520,Nanded,L,Gray,Summer,2.7,Yes,Free Shipping,Yes,Yes,43,Debit Card,Monthly
894,33,Male,Backpack,Accessories,2805,Nainital,M,Red,Spring,4.7,Yes,Express,Yes,Yes,14,GooglePay,Monthly
895,44,Male,Hoodie,Clothing,3300,Nagpur,L,Purple,Spring,3.8,Yes,Free Shipping,Yes,Yes,3,Debit Card,Quarterly
896,40,Male,Hat,Accessories,3795,Indore,XL,Olive,Spring,4.7,Yes,Next Day Air,Yes,Yes,33,Debit Card,Quarterly
897,69,Male,Jewelry,Accessories,1595,Gurgaon,M,Lavender,Spring,4.7,Yes,Express,Yes,Yes,38,Cash,Fortnightly
898,29,Male,Shirt,Clothing,5005,Visakhapatnam,M,Gray,Spring,3.4,Yes,Express,Yes,Yes,46,GooglePay,Weekly
899,54,Male,Belt,Accessories,3850,Srinagar,L,Red,Spring,3.5,Yes,2-Day Shipping,Yes,Yes,19,Bank Transfer,Every 3 Months
900,65,Male,Sweater,Clothing,3190,Bangalore,M,Peach,Summer,4,Yes,Standard,Yes,Yes,20,PhonPe,Annually
901,54,Male,Hat,Accessories,5390,Ranchi,L,Gray,Fall,3.3,Yes,Free Shipping,Yes,Yes,42,Bank Transfer,Quarterly
902,60,Male,Scarf,Accessories,3740,Mussoorie,L,Violet,Summer,4.7,Yes,2-Day Shipping,Yes,Yes,34,Cash,Monthly
903,43,Male,Hat,Accessories,2420,Delhi,M,Beige,Summer,2.8,Yes,Next Day Air,Yes,Yes,5,Cash,Monthly
904,44,Male,Jacket,Outerwear,2475,Patna,M,Blue,Winter,3.3,Yes,Express,Yes,Yes,3,PhonPe,Quarterly
905,69,Male,T-shirt,Clothing,5445,Rameswaram,L,Magenta,Spring,2.9,Yes,Free Shipping,Yes,Yes,46,PhonPe,Every 3 Months
906,46,Male,Dress,Clothing,3740,Indore,S,Cyan,Spring,2.8,Yes,Standard,Yes,Yes,16,GooglePay,Annually
907,41,Male,Pants,Clothing,3080,Nashik,M,Red,Spring,4.2,Yes,Standard,Yes,Yes,21,Debit Card,Bi-Weekly
908,32,Male,Sweater,Clothing,2365,Mussoorie,L,Cyan,Winter,4.4,Yes,Express,Yes,Yes,34,Credit Card,Bi-Weekly
909,26,Male,Sunglasses,Accessories,5445,Mangaluru,M,Turquoise,Winter,3.6,Yes,Free Shipping,Yes,Yes,9,PhonPe,Every 3 Months
910,61,Male,Belt,Accessories,3080,Lucknow,L,Silver,Fall,2.7,Yes,Express,Yes,Yes,36,PhonPe,Weekly
911,49,Male,Hoodie,Clothing,1375,Nashik,S,Pink,Spring,3.4,Yes,Express,Yes,Yes,22,Credit Card,Monthly
912,53,Male,Pants,Clothing,4070,Pune,M,Black,Winter,2.8,Yes,2-Day Shipping,Yes,Yes,2,Bank Transfer,Quarterly
913,24,Male,Hoodie,Clothing,3080,Gurgaon,M,Green,Winter,3.4,Yes,Next Day Air,Yes,Yes,32,Bank Transfer,Monthly
914,37,Male,Sneakers,Footwear,2585,Jalandhar,M,Yellow,Fall,2.6,Yes,Next Day Air,Yes,Yes,29,Cash,Every 3 Months
915,43,Male,Dress,Clothing,3685,Patna,L,Purple,Summer,4.1,Yes,Standard,Yes,Yes,27,GooglePay,Every 3 Months
916,31,Male,Dress,Clothing,1210,Bangalore,L,Purple,Winter,2.9,Yes,Store Pickup,Yes,Yes,33,Credit Card,Fortnightly
917,49,Male,Jeans,Clothing,1870,Visakhapatnam,S,Blue,Spring,2.7,Yes,Standard,Yes,Yes,16,GooglePay,Monthly
918,69,Male,Sweater,Clothing,3520,Mussoorie,M,Maroon,Spring,3.7,Yes,Standard,Yes,Yes,11,Bank Transfer,Quarterly
919,65,Male,Shorts,Clothing,2310,Udaipur,M,Orange,Spring,4.3,Yes,2-Day Shipping,Yes,Yes,11,Cash,Fortnightly
920,41,Male,Shirt,Clothing,4510,Kolkata,L,Green,Winter,2.6,Yes,2-Day Shipping,Yes,Yes,17,Debit Card,Bi-Weekly
921,37,Male,Belt,Accessories,4455,Gurgaon,XL,Gold,Summer,4.3,Yes,Free Shipping,Yes,Yes,37,Cash,Weekly
922,70,Male,Coat,Outerwear,1320,Ayodhya,L,Silver,Summer,4.1,Yes,Express,Yes,Yes,18,PhonPe,Weekly
923,63,Male,Sneakers,Footwear,3300,Bareily,M,Cyan,Fall,4.2,Yes,Standard,Yes,Yes,13,Credit Card,Monthly
924,55,Male,Shirt,Clothing,1320,Gurgaon,M,Silver,Spring,4.2,Yes,2-Day Shipping,Yes,Yes,7,PhonPe,Weekly
925,52,Male,Socks,Clothing,4290,Varanasi,XL,Beige,Winter,3.1,Yes,Standard,Yes,Yes,37,Cash,Quarterly
926,22,Male,Jeans,Clothing,4840,Coimbatore,L,Teal,Winter,4.9,Yes,Express,Yes,Yes,8,Cash,Monthly
927,54,Male,Jeans,Clothing,3465,Kolkata,XL,Green,Spring,4.4,Yes,Express,Yes,Yes,11,Cash,Bi-Weekly
928,28,Male,Sneakers,Footwear,4290,Nanded,L,Black,Summer,4.4,Yes,Standard,Yes,Yes,8,GooglePay,Bi-Weekly
929,67,Male,Dress,Clothing,2035,Gurgaon,XL,Yellow,Winter,3.4,Yes,Store Pickup,Yes,Yes,31,Cash,Every 3 Months
930,59,Male,Boots,Footwear,5170,Nainital,M,White,Fall,4.5,Yes,2-Day Shipping,Yes,Yes,26,Debit Card,Fortnightly
931,26,Male,T-shirt,Clothing,4290,Raipur,L,Green,Fall,4.5,Yes,Store Pickup,Yes,Yes,20,Credit Card,Bi-Weekly
932,24,Male,Coat,Outerwear,1980,Nainital,M,Silver,Winter,4.1,Yes,Standard,Yes,Yes,24,Bank Transfer,Fortnightly
933,62,Male,Skirt,Clothing,1320,Vijaywada,L,Blue,Winter,3.2,Yes,Standard,Yes,Yes,45,Debit Card,Bi-Weekly
934,70,Male,Sneakers,Footwear,4620,Dhanbad,M,Magenta,Spring,2.7,Yes,Store Pickup,Yes,Yes,33,Debit Card,Monthly
935,45,Male,Jeans,Clothing,2585,Chandigarh,S,Yellow,Spring,3.7,Yes,Express,Yes,Yes,21,Bank Transfer,Monthly
936,58,Male,Hoodie,Clothing,2805,Mysuru,L,White,Fall,2.6,Yes,Store Pickup,Yes,Yes,2,Bank Transfer,Fortnightly
937,31,Male,Shoes,Footwear,4620,Mumbai,M,Pink,Summer,2.7,Yes,Free Shipping,Yes,Yes,28,Cash,Weekly
938,32,Male,Shorts,Clothing,1320,Sultanpur,M,Magenta,Summer,2.7,Yes,Express,Yes,Yes,18,GooglePay,Quarterly
939,36,Male,Blouse,Clothing,5335,Gaya,S,Teal,Fall,4.8,Yes,Free Shipping,Yes,Yes,21,Debit Card,Fortnightly
940,25,Male,T-shirt,Clothing,4895,Chandrapur,L,Indigo,Winter,4.8,Yes,Next Day Air,Yes,Yes,24,Credit Card,Monthly
941,48,Male,Belt,Accessories,2420,Dhanbad,S,Maroon,Spring,2.6,Yes,Store Pickup,Yes,Yes,15,PhonPe,Every 3 Months
942,39,Male,Handbag,Accessories,1925,Visakhapatnam,L,Black,Winter,4.5,Yes,2-Day Shipping,Yes,Yes,38,PhonPe,Every 3 Months
943,26,Male,Dress,Clothing,5005,Coimbatore,M,Cyan,Winter,3.2,Yes,Express,Yes,Yes,38,PhonPe,Bi-Weekly
944,32,Male,Hat,Accessories,3465,Surat,L,Cyan,Winter,3.8,Yes,Next Day Air,Yes,Yes,13,GooglePay,Fortnightly
945,54,Male,Belt,Accessories,5335,Vijaywada,S,Gray,Spring,4.8,Yes,Express,Yes,Yes,39,Cash,Bi-Weekly
946,38,Male,Boots,Footwear,2090,Prayagraj,M,Violet,Summer,4.1,Yes,Store Pickup,Yes,Yes,8,GooglePay,Every 3 Months
947,46,Male,Coat,Outerwear,1320,Kota,XL,Blue,Spring,2.8,Yes,Next Day Air,Yes,Yes,4,PhonPe,Quarterly
948,57,Male,Blouse,Clothing,1760,Vijaywada,M,Charcoal,Winter,3.9,Yes,Store Pickup,Yes,Yes,6,Cash,Every 3 Months
949,49,Male,Hat,Accessories,4950,Nellore,L,Olive,Summer,4.9,Yes,Express,Yes,Yes,11,GooglePay,Every 3 Months
950,33,Male,Jeans,Clothing,1980,Ahmedabad,M,Olive,Summer,3.4,Yes,Standard,Yes,Yes,49,GooglePay,Monthly
951,54,Male,Backpack,Accessories,2035,Nanded,XL,Turquoise,Winter,4.1,Yes,Free Shipping,Yes,Yes,30,PhonPe,Quarterly
952,47,Male,Dress,Clothing,2805,Rameswaram,M,Cyan,Summer,2.9,Yes,Express,Yes,Yes,34,Bank Transfer,Monthly
953,36,Male,Hat,Accessories,3905,Ujjain,S,Red,Fall,3.1,Yes,2-Day Shipping,Yes,Yes,28,PhonPe,Monthly
954,68,Male,Sunglasses,Accessories,2750,Jalandhar,S,Cyan,Spring,3.6,Yes,2-Day Shipping,Yes,Yes,36,GooglePay,Quarterly
955,60,Male,Hat,Accessories,4070,Lucknow,S,Turquoise,Fall,3.5,Yes,Standard,Yes,Yes,18,Credit Card,Every 3 Months
956,55,Male,Dress,Clothing,4125,Indore,L,Lavender,Summer,3.4,Yes,Free Shipping,Yes,Yes,4,PhonPe,Monthly
957,29,Male,Shirt,Clothing,5445,Indore,XL,Cyan,Spring,2.9,Yes,2-Day Shipping,Yes,Yes,42,Debit Card,Quarterly
958,38,Male,Scarf,Accessories,1265,Vijaywada,XL,Violet,Spring,4.7,Yes,Store Pickup,Yes,Yes,11,Cash,Quarterly
959,70,Male,Sneakers,Footwear,2915,Patna,XL,Beige,Winter,4.4,Yes,Free Shipping,Yes,Yes,31,Credit Card,Bi-Weekly
960,36,Male,Skirt,Clothing,5445,Srinagar,M,Cyan,Spring,2.6,Yes,Standard,Yes,Yes,12,Cash,Fortnightly
961,18,Male,Jewelry,Accessories,2640,Lucknow,XL,Indigo,Spring,4.4,Yes,Standard,Yes,Yes,20,GooglePay,Quarterly
962,62,Male,Boots,Footwear,3960,Kota,L,Olive,Fall,3.7,Yes,Next Day Air,Yes,Yes,37,Debit Card,Quarterly
963,29,Male,Sunglasses,Accessories,3520,Michigan,L,Green,Spring,4.4,Yes,Standard,Yes,Yes,26,Debit Card,Fortnightly
964,21,Male,Boots,Footwear,3465,Nashik,L,Green,Spring,2.5,Yes,2-Day Shipping,Yes,Yes,14,Credit Card,Weekly
965,42,Male,Sandals,Footwear,2805,Coimbatore,M,Beige,Spring,2.6,Yes,Next Day Air,Yes,Yes,12,GooglePay,Bi-Weekly
966,43,Male,Boots,Footwear,3025,Chennai,L,Black,Spring,5,Yes,Store Pickup,Yes,Yes,10,Credit Card,Annually
967,58,Male,Dress,Clothing,3025,Delhi,M,Brown,Spring,4.9,Yes,Express,Yes,Yes,19,Cash,Annually
968,27,Male,Hoodie,Clothing,1430,Bareily,S,Silver,Summer,3.7,Yes,Store Pickup,Yes,Yes,4,Cash,Weekly
969,57,Male,Shorts,Clothing,3685,Udaipur,L,Gray,Summer,3.1,Yes,Next Day Air,Yes,Yes,48,Bank Transfer,Quarterly
970,40,Male,Coat,Outerwear,1705,Vadodara,S,Pink,Fall,3.2,Yes,Express,Yes,Yes,37,PhonPe,Monthly
971,45,Male,Jeans,Clothing,3630,Vadodara,S,Maroon,Winter,4.4,Yes,Free Shipping,Yes,Yes,4,Cash,Monthly
972,47,Male,Sunglasses,Accessories,3685,Vijaywada,M,Cyan,Summer,4.3,Yes,Next Day Air,Yes,Yes,15,Credit Card,Weekly
973,61,Male,Sneakers,Footwear,3355,Dhanbad,L,Gold,Winter,3,Yes,Standard,Yes,Yes,33,Credit Card,Weekly
974,60,Male,Jacket,Outerwear,4125,Dhanbad,M,Teal,Fall,3.5,Yes,2-Day Shipping,Yes,Yes,30,Bank Transfer,Quarterly
975,69,Male,Skirt,Clothing,4950,Udaipur,M,Beige,Spring,3.6,Yes,2-Day Shipping,Yes,Yes,23,Bank Transfer,Monthly
976,58,Male,Sweater,Clothing,2200,Patna,M,Olive,Summer,3.8,Yes,2-Day Shipping,Yes,Yes,2,Bank Transfer,Weekly
977,34,Male,T-shirt,Clothing,4950,Ghaziabad,M,Gray,Fall,3.6,Yes,Express,Yes,Yes,50,Credit Card,Every 3 Months
978,20,Male,Belt,Accessories,1100,Patna,M,Black,Spring,4.6,Yes,Express,Yes,Yes,34,Cash,Bi-Weekly
979,56,Male,Gloves,Accessories,2200,Dhanbad,M,Turquoise,Summer,2.5,Yes,Standard,Yes,Yes,33,Credit Card,Weekly
980,64,Male,Hat,Accessories,1815,Hyderabad,S,Brown,Fall,3.5,Yes,Store Pickup,Yes,Yes,34,Debit Card,Monthly
981,56,Male,Boots,Footwear,5390,Kolhapur,S,Magenta,Spring,4,Yes,Free Shipping,Yes,Yes,39,PhonPe,Every 3 Months
982,27,Male,Belt,Accessories,2310,Kolhapur,M,Silver,Spring,3.5,Yes,Next Day Air,Yes,Yes,47,Credit Card,Quarterly
983,35,Male,Coat,Outerwear,3410,Amritsar,S,Red,Summer,3.2,Yes,Standard,Yes,Yes,37,PhonPe,Monthly
984,24,Male,Hat,Accessories,2475,Nanded,L,Indigo,Winter,3.5,Yes,Free Shipping,Yes,Yes,40,GooglePay,Bi-Weekly
985,26,Male,Shoes,Footwear,4290,Jalandhar,M,Green,Summer,3.4,Yes,Free Shipping,Yes,Yes,8,Credit Card,Bi-Weekly
986,32,Male,Handbag,Accessories,4400,Ranchi,M,Gray,Fall,5,Yes,Express,Yes,Yes,12,Bank Transfer,Annually
987,54,Male,Scarf,Accessories,5280,Gwalior,S,Peach,Spring,4.5,Yes,Store Pickup,Yes,Yes,36,Bank Transfer,Monthly
988,62,Male,Handbag,Accessories,2585,Ranchi,M,Charcoal,Summer,2.8,Yes,Express,Yes,Yes,48,PhonPe,Weekly
989,50,Male,Pants,Clothing,4620,Mysuru,M,Orange,Winter,4.9,Yes,2-Day Shipping,Yes,Yes,47,PhonPe,Fortnightly
990,70,Male,Shoes,Footwear,1705,Amritsar,M,Beige,Spring,3.1,Yes,Store Pickup,Yes,Yes,2,Bank Transfer,Monthly
991,48,Male,Sunglasses,Accessories,3465,Patna,S,Yellow,Spring,4.8,Yes,Store Pickup,Yes,Yes,24,Cash,Weekly
992,20,Male,Shorts,Clothing,5335,Gaya,XL,White,Spring,2.7,Yes,Standard,Yes,Yes,40,Bank Transfer,Bi-Weekly
993,46,Male,Jacket,Outerwear,5445,Lucknow,M,Gray,Winter,4.6,Yes,Express,Yes,Yes,50,Debit Card,Weekly
994,51,Male,Sandals,Footwear,4950,Sultanpur,M,Peach,Winter,4.4,Yes,Store Pickup,Yes,Yes,25,Cash,Weekly
995,53,Male,Shoes,Footwear,3740,Chandrapur,L,Violet,Fall,3.2,Yes,Express,Yes,Yes,20,Debit Card,Monthly
996,44,Male,Jewelry,Accessories,4400,Ujjain,M,Magenta,Spring,3,Yes,2-Day Shipping,Yes,Yes,10,GooglePay,Weekly
997,29,Male,Sandals,Footwear,5005,Chennai,L,Maroon,Summer,4.9,Yes,Standard,Yes,Yes,32,Bank Transfer,Quarterly
998,64,Male,Pants,Clothing,1650,Delhi,M,Cyan,Spring,3.6,Yes,Express,Yes,Yes,31,Cash,Fortnightly
999,51,Male,Shoes,Footwear,4950,Gwalior,M,White,Spring,3.8,Yes,Next Day Air,Yes,Yes,48,Bank Transfer,Bi-Weekly
1000,50,Male,Socks,Clothing,1540,Nanded,L,Brown,Spring,2.9,Yes,Standard,Yes,Yes,23,Debit Card,Monthly
1001,43,Male,Socks,Clothing,2530,Bareily,M,Red,Winter,3.9,Yes,Express,Yes,Yes,1,Bank Transfer,Bi-Weekly
1002,61,Male,Dress,Clothing,3300,Patna,M,Orange,Fall,3.6,Yes,Standard,Yes,Yes,4,Debit Card,Fortnightly
1003,55,Male,Shoes,Footwear,3245,Bhubaneswar,M,White,Spring,3.5,Yes,Store Pickup,Yes,Yes,3,Bank Transfer,Bi-Weekly
1004,56,Male,Hat,Accessories,3740,Mysuru,M,Green,Fall,4,Yes,Store Pickup,Yes,Yes,3,Cash,Bi-Weekly
1005,33,Male,Backpack,Accessories,4345,Kochi,M,Black,Summer,4.8,Yes,2-Day Shipping,Yes,Yes,44,Cash,Annually
1006,43,Male,Backpack,Accessories,5170,Chandrapur,M,Gold,Winter,3.9,Yes,Store Pickup,Yes,Yes,5,Debit Card,Bi-Weekly
1007,21,Male,Pants,Clothing,4565,Michigan,S,Lavender,Summer,4.5,Yes,Next Day Air,Yes,Yes,50,GooglePay,Quarterly
1008,58,Male,Gloves,Accessories,3410,Bareily,XL,Turquoise,Spring,4.8,Yes,Standard,Yes,Yes,2,Credit Card,Annually
1009,41,Male,Scarf,Accessories,4675,Nanded,M,Pink,Spring,2.6,Yes,Store Pickup,Yes,Yes,29,PhonPe,Annually
1010,39,Male,Hoodie,Clothing,1650,Lucknow,M,Silver,Summer,3.1,Yes,Express,Yes,Yes,11,GooglePay,Annually
1011,54,Male,Jeans,Clothing,1320,Ayodhya,XL,Gray,Spring,4.7,Yes,2-Day Shipping,Yes,Yes,37,Credit Card,Fortnightly
1012,43,Male,Backpack,Accessories,1375,Ahmedabad,L,Indigo,Spring,2.9,Yes,Next Day Air,Yes,Yes,32,Debit Card,Fortnightly
1013,28,Male,Sandals,Footwear,2035,Nanded,L,Teal,Summer,3.8,Yes,Express,Yes,Yes,27,Credit Card,Annually
1014,59,Male,Belt,Accessories,3795,Nashik,XL,Green,Summer,3.8,Yes,2-Day Shipping,Yes,Yes,31,GooglePay,Bi-Weekly
1015,28,Male,Shoes,Footwear,5335,Mysuru,M,Violet,Summer,3,Yes,Standard,Yes,Yes,36,Debit Card,Fortnightly
1016,68,Male,Gloves,Accessories,1320,Udaipur,M,Cyan,Summer,4.1,Yes,Standard,Yes,Yes,34,Cash,Weekly
1017,20,Male,Belt,Accessories,1650,Ujjain,XL,Blue,Summer,3.4,Yes,Express,Yes,Yes,15,Bank Transfer,Every 3 Months
1018,21,Male,Jacket,Outerwear,2915,Surat,L,Orange,Fall,2.5,Yes,Express,Yes,Yes,14,Credit Card,Annually
1019,50,Male,Dress,Clothing,3850,Bareily,XL,Charcoal,Spring,4.9,Yes,Next Day Air,Yes,Yes,46,Cash,Weekly
1020,32,Male,Shirt,Clothing,4180,Delhi,S,Beige,Winter,2.8,Yes,Standard,Yes,Yes,33,GooglePay,Bi-Weekly
1021,24,Male,Scarf,Accessories,5225,Chennai,M,Black,Fall,4.5,Yes,Express,Yes,Yes,41,Debit Card,Annually
1022,55,Male,Coat,Outerwear,2805,Kolkata,S,Lavender,Winter,4.9,Yes,2-Day Shipping,Yes,Yes,39,PhonPe,Weekly
1023,61,Male,Handbag,Accessories,2255,Nainital,M,Lavender,Winter,4.9,Yes,Store Pickup,Yes,Yes,7,Cash,Annually
1024,61,Male,Sunglasses,Accessories,3905,Mumbai,S,Turquoise,Winter,3.5,Yes,Free Shipping,Yes,Yes,29,Bank Transfer,Every 3 Months
1025,28,Male,T-shirt,Clothing,3630,Kota,M,Purple,Summer,3.5,Yes,Free Shipping,Yes,Yes,18,GooglePay,Quarterly
1026,60,Male,Shirt,Clothing,4620,Nainital,M,Olive,Winter,4.9,Yes,Free Shipping,Yes,Yes,15,Credit Card,Annually
1027,49,Male,Handbag,Accessories,5225,Shimla,L,Turquoise,Winter,3,Yes,Express,Yes,Yes,39,PhonPe,Bi-Weekly
1028,33,Male,Jewelry,Accessories,4950,Mysuru,L,Teal,Summer,2.8,Yes,Next Day Air,Yes,Yes,11,Cash,Monthly
1029,45,Male,Hoodie,Clothing,1980,Nainital,S,Lavender,Summer,3.7,Yes,Standard,Yes,Yes,4,Cash,Fortnightly
1030,29,Male,Gloves,Accessories,1210,Mysuru,M,Purple,Spring,3.6,Yes,2-Day Shipping,Yes,Yes,33,GooglePay,Bi-Weekly
1031,58,Male,Coat,Outerwear,4895,Delhi,L,Blue,Winter,3.3,Yes,Next Day Air,Yes,Yes,37,Debit Card,Quarterly
1032,22,Male,Sandals,Footwear,2750,Kochi,M,Teal,Spring,3.4,Yes,Free Shipping,Yes,Yes,32,Cash,Quarterly
1033,55,Male,Boots,Footwear,1980,Mumbai,M,Lavender,Fall,4,Yes,Free Shipping,Yes,Yes,44,Credit Card,Quarterly
1034,19,Male,Pants,Clothing,2860,Ahmedabad,S,Silver,Spring,4.6,Yes,Free Shipping,Yes,Yes,41,Bank Transfer,Quarterly
1035,68,Male,Socks,Clothing,1595,Kolhapur,M,Olive,Fall,4.2,Yes,Next Day Air,Yes,Yes,44,Bank Transfer,Weekly
1036,61,Male,Blouse,Clothing,4895,Bareily,M,Brown,Fall,2.8,Yes,Express,Yes,Yes,32,GooglePay,Annually
1037,68,Male,Handbag,Accessories,2585,Raipur,M,Yellow,Fall,3.7,Yes,2-Day Shipping,Yes,Yes,13,Bank Transfer,Monthly
1038,52,Male,Jewelry,Accessories,1375,Bangalore,XL,Brown,Spring,3.4,Yes,Standard,Yes,Yes,48,Debit Card,Quarterly
1039,41,Male,Pants,Clothing,4070,Nainital,XL,Cyan,Fall,3,Yes,Express,Yes,Yes,3,Bank Transfer,Weekly
1040,29,Male,Belt,Accessories,2530,Michigan,M,Magenta,Fall,4.8,Yes,Standard,Yes,Yes,39,GooglePay,Monthly
1041,68,Male,Jeans,Clothing,1210,Udaipur,S,Magenta,Fall,4,Yes,Next Day Air,Yes,Yes,7,Cash,Fortnightly
1042,36,Male,Shirt,Clothing,1375,Prayagraj,M,Orange,Summer,4.9,Yes,Next Day Air,Yes,Yes,11,Cash,Fortnightly
1043,55,Male,Belt,Accessories,4400,Kolhapur,M,Maroon,Spring,4.9,Yes,Next Day Air,Yes,Yes,47,Credit Card,Weekly
1044,28,Male,Jeans,Clothing,4180,Raipur,M,Green,Spring,3.3,Yes,2-Day Shipping,Yes,Yes,28,Debit Card,Fortnightly
1045,39,Male,Jeans,Clothing,1650,Chandigarh,L,Teal,Summer,4.4,Yes,Next Day Air,Yes,Yes,17,Bank Transfer,Every 3 Months
1046,54,Male,Sweater,Clothing,4345,Nanded,L,Black,Fall,3.5,Yes,2-Day Shipping,Yes,Yes,11,PhonPe,Bi-Weekly
1047,40,Male,Sneakers,Footwear,1210,Visakhapatnam,M,Magenta,Winter,4.2,Yes,Standard,Yes,Yes,12,GooglePay,Annually
1048,31,Male,Socks,Clothing,1980,Jalandhar,S,Olive,Fall,4.2,Yes,Standard,Yes,Yes,7,Credit Card,Fortnightly
1049,30,Male,Socks,Clothing,4235,Mumbai,L,Yellow,Fall,2.7,Yes,Standard,Yes,Yes,19,GooglePay,Fortnightly
1050,45,Male,Sunglasses,Accessories,1815,Shimla,S,Purple,Fall,2.8,Yes,Store Pickup,Yes,Yes,24,Cash,Quarterly
1051,48,Male,Sneakers,Footwear,3520,Ghaziabad,M,Beige,Winter,3.8,Yes,Next Day Air,Yes,Yes,19,GooglePay,Monthly
1052,45,Male,Socks,Clothing,2915,Mysuru,M,Indigo,Fall,2.6,Yes,Free Shipping,Yes,Yes,39,PhonPe,Annually
1053,60,Male,Shoes,Footwear,1980,Shimla,XL,Pink,Fall,3,Yes,2-Day Shipping,Yes,Yes,1,Credit Card,Fortnightly
1054,59,Male,Blouse,Clothing,3850,Varanasi,M,Blue,Spring,3.3,No,2-Day Shipping,Yes,Yes,10,Debit Card,Bi-Weekly
1055,18,Male,Shorts,Clothing,5280,Gurgaon,L,Cyan,Winter,4.9,No,Express,Yes,Yes,48,PhonPe,Quarterly
1056,70,Male,Jacket,Outerwear,1485,Kolkata,M,Orange,Spring,3.3,No,Next Day Air,Yes,Yes,24,Debit Card,Annually
1057,20,Male,Sweater,Clothing,3520,Ujjain,L,Black,Winter,2.9,No,2-Day Shipping,Yes,Yes,42,GooglePay,Fortnightly
1058,65,Male,Jacket,Outerwear,1265,Gaya,S,Maroon,Spring,4.4,No,2-Day Shipping,Yes,Yes,20,Credit Card,Weekly
1059,29,Male,Scarf,Accessories,1815,Nanded,L,Violet,Summer,3.1,No,Next Day Air,Yes,Yes,49,Bank Transfer,Every 3 Months
1060,22,Male,Jacket,Outerwear,1870,Udaipur,M,Beige,Winter,2.5,No,Standard,Yes,Yes,25,Debit Card,Monthly
1061,27,Male,Sweater,Clothing,1925,Sultanpur,S,Gray,Summer,2.6,No,Next Day Air,Yes,Yes,21,Debit Card,Every 3 Months
1062,36,Male,Coat,Outerwear,3410,Ujjain,M,Gray,Summer,4.4,No,Free Shipping,Yes,Yes,12,GooglePay,Every 3 Months
1063,59,Male,Boots,Footwear,4125,Mysuru,M,Brown,Fall,2.6,No,Next Day Air,Yes,Yes,21,Debit Card,Every 3 Months
1064,62,Male,Hoodie,Clothing,1595,Nellore,S,Indigo,Summer,3.3,No,Free Shipping,Yes,Yes,35,Cash,Monthly
1065,34,Male,Hat,Accessories,1540,Nagpur,M,Violet,Spring,3.5,No,Express,Yes,Yes,42,Credit Card,Every 3 Months
1066,59,Male,T-shirt,Clothing,1100,Nellore,XL,Blue,Spring,4.1,No,Store Pickup,Yes,Yes,3,PhonPe,Every 3 Months
1067,49,Male,Coat,Outerwear,5280,Indore,M,Red,Winter,4,No,Store Pickup,Yes,Yes,11,PhonPe,Bi-Weekly
1068,18,Male,Dress,Clothing,2365,Kota,S,Peach,Summer,2.7,No,2-Day Shipping,Yes,Yes,22,PhonPe,Quarterly
1069,55,Male,Shirt,Clothing,5170,Nagpur,M,Olive,Fall,2.5,No,Standard,Yes,Yes,47,Credit Card,Weekly
1070,38,Male,Skirt,Clothing,4455,Kolhapur,XL,White,Fall,4.3,No,Next Day Air,Yes,Yes,33,GooglePay,Every 3 Months
1071,50,Male,Jewelry,Accessories,4125,Udaipur,M,Magenta,Summer,3.3,No,Free Shipping,Yes,Yes,50,Debit Card,Weekly
1072,61,Male,Hat,Accessories,4455,Kota,M,Beige,Summer,2.6,No,Express,Yes,Yes,46,Credit Card,Monthly
1073,48,Male,Shorts,Clothing,5060,Ujjain,L,Gold,Fall,,No,Express,Yes,Yes,34,Debit Card,Fortnightly
1074,22,Male,Scarf,Accessories,5280,Vadodara,XL,Purple,Spring,4,No,Store Pickup,Yes,Yes,33,Credit Card,Monthly
1075,48,Male,Jewelry,Accessories,3905,Kochi,S,White,Fall,2.6,No,Standard,Yes,Yes,45,Bank Transfer,Fortnightly
1076,57,Male,Sunglasses,Accessories,2750,Mussoorie,L,Indigo,Summer,4.9,No,Next Day Air,Yes,Yes,32,Debit Card,Bi-Weekly
1077,33,Male,Coat,Outerwear,3960,Bhubaneswar,L,Charcoal,Spring,2.9,No,Standard,Yes,Yes,47,GooglePay,Bi-Weekly
1078,58,Male,Jacket,Outerwear,1540,Ranchi,M,Pink,Winter,3.7,No,Standard,Yes,Yes,5,PhonPe,Quarterly
1079,37,Male,Sweater,Clothing,3245,Coimbatore,M,Silver,Fall,4.4,No,Express,Yes,Yes,49,Credit Card,Fortnightly
1080,18,Male,Coat,Outerwear,1815,Surat,S,Blue,Summer,4.4,No,Free Shipping,Yes,Yes,48,Bank Transfer,Monthly
1081,65,Male,Scarf,Accessories,3245,Kota,L,Blue,Fall,3.8,No,Express,Yes,Yes,22,Cash,Every 3 Months
1082,62,Male,Belt,Accessories,1650,Ujjain,XL,Brown,Spring,4.5,No,Standard,Yes,Yes,45,Credit Card,Annually
1083,54,Male,Hat,Accessories,4675,Nashik,XL,Cyan,Winter,2.6,No,Next Day Air,Yes,Yes,30,GooglePay,Quarterly
1084,35,Male,Backpack,Accessories,5335,Patna,L,Teal,Summer,3.3,No,Store Pickup,Yes,Yes,43,Cash,Weekly
1085,34,Male,T-shirt,Clothing,1980,Gurgaon,S,Purple,Fall,4.1,No,Next Day Air,Yes,Yes,48,Cash,Quarterly
1086,25,Male,Jewelry,Accessories,4675,Jalandhar,M,Turquoise,Winter,3,No,Store Pickup,Yes,Yes,23,GooglePay,Fortnightly
1087,53,Male,Sunglasses,Accessories,3410,Rameswaram,M,Olive,Winter,3,No,Free Shipping,Yes,Yes,27,PhonPe,Bi-Weekly
1088,45,Male,Jeans,Clothing,3905,Ranchi,S,White,Winter,3.4,No,Next Day Air,Yes,Yes,7,Bank Transfer,Monthly
1089,49,Male,Pants,Clothing,1155,Lucknow,M,Turquoise,Winter,2.7,No,Free Shipping,Yes,Yes,2,PhonPe,Weekly
1090,40,Male,Backpack,Accessories,3355,Coimbatore,M,Silver,Spring,3.8,No,Next Day Air,Yes,Yes,33,PhonPe,Bi-Weekly
1091,38,Male,Scarf,Accessories,3190,Gwalior,M,Violet,Spring,4.2,No,Store Pickup,Yes,Yes,27,Cash,Fortnightly
1092,44,Male,Sweater,Clothing,4400,Udaipur,L,Lavender,Spring,4.7,No,Store Pickup,Yes,Yes,6,Credit Card,Fortnightly
1093,68,Male,Jewelry,Accessories,2750,Ayodhya,L,Magenta,Spring,4.1,No,2-Day Shipping,Yes,Yes,20,GooglePay,Quarterly
1094,60,Male,Sneakers,Footwear,2640,Chennai,S,Indigo,Winter,4.2,No,2-Day Shipping,Yes,Yes,46,GooglePay,Every 3 Months
1095,25,Male,Jewelry,Accessories,2200,Gwalior,M,Black,Winter,4.8,No,Next Day Air,Yes,Yes,25,Cash,Quarterly
1096,19,Male,Coat,Outerwear,1870,Kochi,S,Peach,Summer,3,No,Free Shipping,Yes,Yes,30,Bank Transfer,Quarterly
1097,57,Male,Coat,Outerwear,2530,Hyderabad,S,Beige,Fall,2.6,No,Standard,Yes,Yes,48,Credit Card,Annually
1098,58,Male,Sunglasses,Accessories,1485,Pune,M,Black,Summer,3.2,No,Store Pickup,Yes,Yes,47,Bank Transfer,Weekly
1099,49,Male,Handbag,Accessories,5390,Ujjain,S,Turquoise,Spring,3.6,No,Next Day Air,Yes,Yes,27,Credit Card,Weekly
1100,19,Male,Sweater,Clothing,4015,Udaipur,M,Peach,Fall,2.6,No,Next Day Air,Yes,Yes,45,Bank Transfer,Fortnightly
1101,50,Male,Pants,Clothing,1540,Srinagar,L,Gold,Spring,4.4,No,Express,Yes,Yes,2,Credit Card,Weekly
1102,30,Male,Gloves,Accessories,4180,Chennai,XL,Silver,Fall,3,No,Free Shipping,Yes,Yes,39,Cash,Fortnightly
1103,52,Male,Sweater,Clothing,4565,Amritsar,M,Peach,Fall,2.9,No,Express,Yes,Yes,24,Cash,Fortnightly
1104,35,Male,Hoodie,Clothing,1265,Kochi,S,Charcoal,Spring,4.3,No,Free Shipping,Yes,Yes,8,Debit Card,Bi-Weekly
1105,35,Male,Hat,Accessories,1540,Chennai,M,Beige,Fall,3.1,No,Express,Yes,Yes,8,Bank Transfer,Quarterly
1106,33,Male,T-shirt,Clothing,4565,Kolkata,S,Olive,Spring,3,No,Next Day Air,Yes,Yes,6,GooglePay,Every 3 Months
1107,52,Male,Skirt,Clothing,5280,Prayagraj,L,Violet,Winter,3.6,No,Store Pickup,Yes,Yes,12,GooglePay,Fortnightly
1108,69,Male,Sneakers,Footwear,3410,Amritsar,M,Peach,Fall,2.8,No,Store Pickup,Yes,Yes,26,Bank Transfer,Weekly
1109,27,Male,Shorts,Clothing,1375,Nainital,M,Teal,Fall,2.8,No,Standard,Yes,Yes,50,Cash,Fortnightly
1110,66,Male,Hoodie,Clothing,5335,Surat,L,Violet,Winter,,No,Next Day Air,Yes,Yes,2,GooglePay,Weekly
1111,28,Male,Hoodie,Clothing,3355,Amritsar,L,Cyan,Fall,3,No,Standard,Yes,Yes,31,Cash,Bi-Weekly
1112,22,Male,Shoes,Footwear,3630,Chandrapur,S,Olive,Summer,4.1,No,Next Day Air,Yes,Yes,4,Credit Card,Bi-Weekly
1113,69,Male,Hoodie,Clothing,3685,Patna,XL,Pink,Spring,4.6,No,Free Shipping,Yes,Yes,32,PhonPe,Quarterly
1114,28,Male,Sunglasses,Accessories,4400,Kolhapur,M,Purple,Summer,4.8,No,Next Day Air,Yes,Yes,11,PhonPe,Bi-Weekly
1115,55,Male,Skirt,Clothing,1375,Hyderabad,L,Violet,Fall,2.6,No,Next Day Air,Yes,Yes,47,Bank Transfer,Every 3 Months
1116,30,Male,Hat,Accessories,3190,Chandrapur,S,Peach,Fall,4,No,2-Day Shipping,Yes,Yes,37,Cash,Weekly
1117,67,Male,Backpack,Accessories,5280,Raipur,M,Charcoal,Winter,4.2,No,Express,Yes,Yes,39,PhonPe,Fortnightly
1118,25,Male,Sunglasses,Accessories,4235,Vadodara,L,Lavender,Spring,4.5,No,Store Pickup,Yes,Yes,24,Credit Card,Monthly
1119,49,Male,Belt,Accessories,3575,Vijaywada,M,Purple,Summer,4.9,No,Standard,Yes,Yes,11,PhonPe,Every 3 Months
1120,34,Male,Jewelry,Accessories,1980,Lucknow,M,Indigo,Spring,3.1,No,Standard,Yes,Yes,36,Credit Card,Weekly
1121,22,Male,Sneakers,Footwear,4620,Kota,M,Magenta,Winter,4,No,Next Day Air,Yes,Yes,40,Debit Card,Monthly
1122,63,Male,T-shirt,Clothing,3190,Ghaziabad,XL,Peach,Fall,3.2,No,Express,Yes,Yes,25,Cash,Quarterly
1123,70,Male,Handbag,Accessories,3410,Udaipur,S,Charcoal,Spring,4.3,No,2-Day Shipping,Yes,Yes,12,Credit Card,Annually
1124,36,Male,Hat,Accessories,3685,Kolkata,S,Purple,Fall,2.5,No,Store Pickup,Yes,Yes,38,Cash,Monthly
1125,42,Male,Sweater,Clothing,1100,Sultanpur,M,Orange,Spring,,No,Express,Yes,Yes,40,Cash,Quarterly
1126,27,Male,Sandals,Footwear,4950,Bhubaneswar,M,Lavender,Summer,2.7,No,2-Day Shipping,Yes,Yes,10,Bank Transfer,Weekly
1127,23,Male,Scarf,Accessories,3190,Sultanpur,L,Beige,Winter,3.4,No,Standard,Yes,Yes,47,GooglePay,Fortnightly
1128,50,Male,Shirt,Clothing,2915,Chennai,XL,Maroon,Spring,4.8,No,Store Pickup,Yes,Yes,22,Debit Card,Monthly
1129,56,Male,Gloves,Accessories,1650,Chandrapur,L,Charcoal,Winter,4.7,No,Next Day Air,Yes,Yes,35,Debit Card,Monthly
1130,37,Male,Hoodie,Clothing,3575,Hyderabad,XL,White,Winter,4.7,No,Express,Yes,Yes,46,GooglePay,Fortnightly
1131,67,Male,Jewelry,Accessories,2255,Delhi,M,Lavender,Summer,3.9,No,Standard,Yes,Yes,30,PhonPe,Bi-Weekly
1132,67,Male,Shirt,Clothing,4015,Visakhapatnam,M,Black,Spring,3.7,No,Express,Yes,Yes,20,Bank Transfer,Monthly
1133,50,Male,Hoodie,Clothing,5390,Udaipur,S,Teal,Spring,4.3,No,Store Pickup,Yes,Yes,25,Cash,Fortnightly
1134,36,Male,Shoes,Footwear,1980,Gwalior,XL,Magenta,Winter,4.1,No,2-Day Shipping,Yes,Yes,29,Cash,Weekly
1135,62,Male,T-shirt,Clothing,4455,Gaya,M,Brown,Summer,,No,Express,Yes,Yes,2,GooglePay,Every 3 Months
1136,65,Male,Skirt,Clothing,4950,Kolkata,L,Peach,Winter,3.6,No,2-Day Shipping,Yes,Yes,32,Bank Transfer,Quarterly
1137,23,Male,Handbag,Accessories,4565,Visakhapatnam,S,Cyan,Summer,4.8,No,Free Shipping,Yes,Yes,37,Cash,Monthly
1138,46,Male,Shirt,Clothing,5005,Nanded,XL,Pink,Winter,2.8,No,2-Day Shipping,Yes,Yes,16,Bank Transfer,Every 3 Months
1139,18,Male,Pants,Clothing,1980,Sultanpur,M,Purple,Summer,4.7,No,Express,Yes,Yes,32,GooglePay,Fortnightly
1140,58,Male,Coat,Outerwear,2915,Nellore,L,Purple,Spring,3.9,No,Standard,Yes,Yes,42,Debit Card,Bi-Weekly
1141,31,Male,Jeans,Clothing,2145,Kolhapur,M,White,Winter,2.6,No,Store Pickup,Yes,Yes,6,Credit Card,Every 3 Months
1142,39,Male,Gloves,Accessories,1815,Mysuru,S,Silver,Winter,4.7,No,Next Day Air,Yes,Yes,23,PhonPe,Fortnightly
1143,69,Male,T-shirt,Clothing,4180,Mysuru,L,Green,Spring,3.5,No,Store Pickup,Yes,Yes,27,GooglePay,Bi-Weekly
1144,68,Male,Boots,Footwear,1265,Srinagar,L,Teal,Winter,4.4,No,Standard,Yes,Yes,43,PhonPe,Quarterly
1145,41,Male,Jeans,Clothing,2970,Nashik,S,Indigo,Fall,4.4,No,2-Day Shipping,Yes,Yes,25,Bank Transfer,Fortnightly
1146,31,Male,Sneakers,Footwear,4895,Srinagar,L,Pink,Summer,3,No,Express,Yes,Yes,30,Cash,Every 3 Months
1147,48,Male,Sneakers,Footwear,2090,Gaya,M,Indigo,Summer,4.2,No,Standard,Yes,Yes,7,Bank Transfer,Every 3 Months
1148,59,Male,Hat,Accessories,1980,Kochi,XL,Red,Winter,4.3,No,Next Day Air,Yes,Yes,17,Debit Card,Annually
1149,34,Male,Pants,Clothing,3630,Ghaziabad,M,Violet,Spring,2.6,No,Store Pickup,Yes,Yes,10,PhonPe,Fortnightly
1150,21,Male,Jewelry,Accessories,2310,Bareily,L,Cyan,Spring,3.3,No,Store Pickup,Yes,Yes,40,GooglePay,Annually
1151,29,Male,Jewelry,Accessories,1980,Delhi,S,Red,Winter,2.7,No,Next Day Air,Yes,Yes,50,GooglePay,Bi-Weekly
1152,41,Male,Blouse,Clothing,4730,Mysuru,M,Gray,Spring,,No,Express,Yes,Yes,24,Credit Card,Weekly
1153,62,Male,Handbag,Accessories,2695,Gwalior,M,Gold,Fall,4,No,Standard,Yes,Yes,8,PhonPe,Every 3 Months
1154,27,Male,Shirt,Clothing,2255,Ujjain,M,Pink,Summer,4,No,Free Shipping,Yes,Yes,6,Bank Transfer,Quarterly
1155,49,Male,Dress,Clothing,4510,Bareily,L,Cyan,Spring,2.9,No,2-Day Shipping,Yes,Yes,44,Credit Card,Bi-Weekly
1156,67,Male,T-shirt,Clothing,2915,Kochi,S,Red,Fall,2.6,No,Express,Yes,Yes,47,PhonPe,Quarterly
1157,20,Male,Shoes,Footwear,1155,Raipur,M,Gold,Summer,4.8,No,Express,Yes,Yes,6,GooglePay,Every 3 Months
1158,37,Male,Belt,Accessories,3630,Kolhapur,M,Charcoal,Fall,4.4,No,Standard,Yes,Yes,11,Cash,Quarterly
1159,69,Male,Belt,Accessories,4895,Srinagar,L,Orange,Summer,4,No,2-Day Shipping,Yes,Yes,41,Bank Transfer,Annually
1160,66,Male,Handbag,Accessories,3025,Hyderabad,L,Blue,Fall,3.6,No,2-Day Shipping,Yes,Yes,46,GooglePay,Every 3 Months
1161,37,Male,Scarf,Accessories,2310,Bhubaneswar,S,Blue,Summer,3.2,No,Next Day Air,Yes,Yes,9,GooglePay,Bi-Weekly
1162,63,Male,Shorts,Clothing,2860,Surat,S,Orange,Fall,3.1,No,2-Day Shipping,Yes,Yes,37,PhonPe,Monthly
1163,47,Male,Sandals,Footwear,5060,Udaipur,M,Blue,Winter,4.2,No,Express,Yes,Yes,13,PhonPe,Weekly
1164,26,Male,Pants,Clothing,3080,Kochi,L,White,Summer,3,No,2-Day Shipping,Yes,Yes,24,Debit Card,Monthly
1165,68,Male,Dress,Clothing,5280,Ahmedabad,M,Green,Winter,4.2,No,Standard,Yes,Yes,47,PhonPe,Quarterly
1166,51,Male,T-shirt,Clothing,3520,Gaya,M,Silver,Winter,2.9,No,Next Day Air,Yes,Yes,21,GooglePay,Every 3 Months
1167,48,Male,Dress,Clothing,2640,Gwalior,S,Lavender,Winter,3.7,No,Store Pickup,Yes,Yes,22,GooglePay,Fortnightly
1168,60,Male,Socks,Clothing,4565,Mangaluru,XL,Beige,Summer,3.6,No,Free Shipping,Yes,Yes,16,PhonPe,Quarterly
1169,68,Male,Scarf,Accessories,5005,Indore,L,Violet,Summer,3.6,No,Standard,Yes,Yes,37,Debit Card,Fortnightly
1170,25,Male,Backpack,Accessories,5170,Nagpur,S,Gray,Fall,4.5,No,2-Day Shipping,Yes,Yes,3,Cash,Annually
1171,57,Male,Skirt,Clothing,3410,Visakhapatnam,S,Red,Spring,3.2,No,Express,Yes,Yes,33,Cash,Bi-Weekly
1172,41,Male,Socks,Clothing,3025,Lucknow,M,Lavender,Spring,3.9,No,Next Day Air,Yes,Yes,15,Debit Card,Annually
1173,59,Male,Coat,Outerwear,3740,Chandigarh,L,Peach,Spring,4.6,No,Store Pickup,Yes,Yes,42,Bank Transfer,Bi-Weekly
1174,44,Male,Jewelry,Accessories,4180,Ayodhya,M,Indigo,Winter,2.5,No,Express,Yes,Yes,42,Cash,Bi-Weekly
1175,42,Male,Backpack,Accessories,1705,Michigan,M,Black,Winter,4.3,No,Express,Yes,Yes,19,Bank Transfer,Bi-Weekly
1176,35,Male,Belt,Accessories,4455,Mangaluru,M,Beige,Spring,4.1,No,Store Pickup,Yes,Yes,26,PhonPe,Quarterly
1177,36,Male,Dress,Clothing,4565,Chandigarh,M,Red,Winter,,No,Free Shipping,Yes,Yes,39,PhonPe,Quarterly
1178,54,Male,Skirt,Clothing,1155,Sultanpur,M,Black,Spring,4.8,No,Standard,Yes,Yes,24,Debit Card,Monthly
1179,37,Male,Dress,Clothing,1210,Nashik,M,Teal,Spring,4.9,No,Express,Yes,Yes,23,Debit Card,Annually
1180,20,Male,T-shirt,Clothing,1815,Vijaywada,M,Blue,Summer,2.8,No,Free Shipping,Yes,Yes,44,Bank Transfer,Annually
1181,23,Male,Skirt,Clothing,1265,Chandigarh,S,Beige,Spring,4.9,No,Standard,Yes,Yes,34,Cash,Monthly
1182,61,Male,Shorts,Clothing,5280,Chandrapur,L,Teal,Summer,3.5,No,Free Shipping,Yes,Yes,43,Bank Transfer,Quarterly
1183,37,Male,Jewelry,Accessories,1155,Nanded,M,Maroon,Spring,3.8,No,Express,Yes,Yes,45,PhonPe,Quarterly
1184,23,Male,Pants,Clothing,2145,Lucknow,M,Yellow,Spring,4.5,No,2-Day Shipping,Yes,Yes,4,Credit Card,Weekly
1185,63,Male,Belt,Accessories,4015,Nashik,S,Indigo,Fall,3.4,No,Express,Yes,Yes,19,Credit Card,Annually
1186,47,Male,Jeans,Clothing,3520,Mumbai,M,Magenta,Spring,3.9,No,Standard,Yes,Yes,29,Credit Card,Monthly
1187,63,Male,Jeans,Clothing,3740,Vijaywada,M,Beige,Summer,4.1,No,2-Day Shipping,Yes,Yes,27,Credit Card,Annually
1188,56,Male,Hat,Accessories,4895,Sultanpur,L,Maroon,Fall,3,No,Express,Yes,Yes,37,Credit Card,Every 3 Months
1189,68,Male,Blouse,Clothing,1595,Indore,M,Magenta,Summer,3.3,No,Next Day Air,Yes,Yes,11,Credit Card,Weekly
1190,64,Male,Shirt,Clothing,5335,Gurgaon,XL,Teal,Summer,,No,Free Shipping,Yes,Yes,28,Debit Card,Annually
1191,62,Male,Shirt,Clothing,2475,Nashik,M,Orange,Winter,4.3,No,Next Day Air,Yes,Yes,31,Credit Card,Weekly
1192,34,Male,T-shirt,Clothing,3850,Vijaywada,L,Charcoal,Winter,4.1,No,Free Shipping,Yes,Yes,50,GooglePay,Quarterly
1193,49,Male,Coat,Outerwear,3080,Ghaziabad,M,Turquoise,Summer,4,No,2-Day Shipping,Yes,Yes,42,GooglePay,Quarterly
1194,40,Male,Jacket,Outerwear,3025,Rameswaram,L,Pink,Fall,5,No,2-Day Shipping,Yes,Yes,18,Credit Card,Fortnightly
1195,50,Male,Hoodie,Clothing,2530,Chandrapur,S,Teal,Winter,3.1,No,2-Day Shipping,Yes,Yes,6,Credit Card,Fortnightly
1196,25,Male,Scarf,Accessories,5225,Amritsar,M,White,Winter,4,No,2-Day Shipping,Yes,Yes,33,GooglePay,Monthly
1197,30,Male,Belt,Accessories,4840,Bhubaneswar,M,Maroon,Winter,3.2,No,2-Day Shipping,Yes,Yes,13,Bank Transfer,Bi-Weekly
1198,54,Male,Sneakers,Footwear,5060,Pune,L,Violet,Fall,3.9,No,Standard,Yes,Yes,26,PhonPe,Annually
1199,40,Male,Socks,Clothing,2695,Mangaluru,M,Brown,Summer,3.9,No,2-Day Shipping,Yes,Yes,17,Cash,Annually
1200,49,Male,Sandals,Footwear,4895,Kolhapur,M,Indigo,Fall,4.5,No,Free Shipping,Yes,Yes,3,Debit Card,Weekly
1201,27,Male,Coat,Outerwear,1210,Gwalior,XL,Black,Winter,4.4,No,Store Pickup,Yes,Yes,7,PhonPe,Weekly
1202,27,Male,Shoes,Footwear,3355,Visakhapatnam,XL,Black,Summer,3.1,No,2-Day Shipping,Yes,Yes,46,GooglePay,Fortnightly
1203,48,Male,Scarf,Accessories,1595,Kolhapur,S,Olive,Spring,2.9,No,Standard,Yes,Yes,14,GooglePay,Every 3 Months
1204,40,Male,Sneakers,Footwear,4510,Prayagraj,M,Orange,Winter,3.7,No,Free Shipping,Yes,Yes,23,Bank Transfer,Annually
1205,67,Male,Belt,Accessories,5170,Ghaziabad,M,Pink,Spring,3.2,No,2-Day Shipping,Yes,Yes,20,Credit Card,Every 3 Months
1206,52,Male,Handbag,Accessories,5445,Vadodara,M,Olive,Spring,3.5,No,Standard,Yes,Yes,38,Bank Transfer,Fortnightly
1207,22,Male,Handbag,Accessories,3245,Indore,S,Cyan,Fall,3,No,Free Shipping,Yes,Yes,16,GooglePay,Every 3 Months
1208,62,Male,Boots,Footwear,4950,Patna,M,White,Summer,4.1,No,Next Day Air,Yes,Yes,48,Credit Card,Every 3 Months
1209,20,Male,Boots,Footwear,5500,Gaya,S,Red,Winter,,No,2-Day Shipping,Yes,Yes,8,Debit Card,Annually
1210,41,Male,Pants,Clothing,3410,Kota,M,Blue,Winter,3.8,No,Next Day Air,Yes,Yes,16,Bank Transfer,Monthly
1211,34,Male,Sunglasses,Accessories,4290,Mussoorie,M,Olive,Fall,4.1,No,Next Day Air,Yes,Yes,5,Cash,Quarterly
1212,23,Male,Hoodie,Clothing,5170,Surat,M,Green,Spring,4.6,No,Store Pickup,Yes,Yes,14,GooglePay,Every 3 Months
1213,32,Male,Shoes,Footwear,4070,Kota,M,Yellow,Summer,2.5,No,Free Shipping,Yes,Yes,18,Credit Card,Weekly
1214,68,Male,Handbag,Accessories,2860,Delhi,XL,Black,Spring,3.7,No,Express,Yes,Yes,14,Debit Card,Every 3 Months
1215,30,Male,Jacket,Outerwear,4455,Pune,M,Blue,Fall,3.8,No,Free Shipping,Yes,Yes,5,Cash,Every 3 Months
1216,66,Male,Blouse,Clothing,1100,Chandigarh,L,Pink,Winter,2.6,No,2-Day Shipping,Yes,Yes,15,Credit Card,Every 3 Months
1217,62,Male,Pants,Clothing,1760,Jalandhar,XL,Lavender,Summer,3.7,No,Free Shipping,Yes,Yes,3,GooglePay,Every 3 Months
1218,50,Male,Boots,Footwear,3465,Nainital,XL,Cyan,Fall,2.6,No,Free Shipping,Yes,Yes,12,Cash,Every 3 Months
1219,55,Male,Boots,Footwear,4345,Kota,M,Cyan,Spring,3.1,No,Store Pickup,Yes,Yes,43,Cash,Every 3 Months
1220,19,Male,Sweater,Clothing,1265,Pune,M,Gold,Winter,2.5,No,Next Day Air,Yes,Yes,35,Credit Card,Bi-Weekly
1221,67,Male,Gloves,Accessories,3520,Delhi,M,Green,Winter,,No,Express,Yes,Yes,36,Bank Transfer,Quarterly
1222,18,Male,Socks,Clothing,3795,Sultanpur,M,Red,Winter,4.5,No,Standard,Yes,Yes,3,Cash,Quarterly
1223,58,Male,Jeans,Clothing,3795,Vijaywada,L,Magenta,Fall,3.4,No,Store Pickup,Yes,Yes,27,Bank Transfer,Annually
1224,69,Male,Pants,Clothing,1320,Varanasi,L,Red,Winter,3.9,No,Free Shipping,Yes,Yes,21,Bank Transfer,Weekly
1225,62,Male,Shorts,Clothing,2750,Visakhapatnam,M,Yellow,Summer,3.7,No,Store Pickup,Yes,Yes,18,GooglePay,Weekly
1226,28,Male,Gloves,Accessories,5335,Udaipur,S,Turquoise,Fall,2.6,No,Free Shipping,Yes,Yes,16,Debit Card,Weekly
1227,53,Male,Sandals,Footwear,5005,Mysuru,S,Cyan,Fall,3.4,No,Store Pickup,Yes,Yes,18,GooglePay,Bi-Weekly
1228,27,Male,Blouse,Clothing,2035,Visakhapatnam,L,Yellow,Spring,4.9,No,Store Pickup,Yes,Yes,19,Bank Transfer,Bi-Weekly
1229,55,Male,Jacket,Outerwear,3025,Vijaywada,S,Yellow,Winter,3.9,No,Express,Yes,Yes,1,Cash,Annually
1230,34,Male,Jewelry,Accessories,2860,Varanasi,XL,Maroon,Winter,3.6,No,Express,Yes,Yes,39,Bank Transfer,Annually
1231,25,Male,Hat,Accessories,4400,Visakhapatnam,L,Brown,Spring,,No,Standard,Yes,Yes,49,GooglePay,Monthly
1232,66,Male,Socks,Clothing,4345,Kota,M,Gold,Spring,4,No,2-Day Shipping,Yes,Yes,43,Credit Card,Fortnightly
1233,57,Male,Handbag,Accessories,1265,Chandrapur,M,Charcoal,Summer,3.6,No,Free Shipping,Yes,Yes,31,Debit Card,Every 3 Months
1234,46,Male,Pants,Clothing,4015,Jalandhar,L,Beige,Winter,3.5,No,Next Day Air,Yes,Yes,40,GooglePay,Every 3 Months
1235,38,Male,Gloves,Accessories,5445,Mangaluru,M,Indigo,Fall,4.1,No,Store Pickup,Yes,Yes,2,Bank Transfer,Bi-Weekly
1236,23,Male,Sweater,Clothing,1210,Ujjain,M,Red,Spring,3,No,Store Pickup,Yes,Yes,46,PhonPe,Every 3 Months
1237,42,Male,Hat,Accessories,3740,Nanded,M,White,Summer,4.4,No,Store Pickup,Yes,Yes,35,Debit Card,Every 3 Months
1238,25,Male,Dress,Clothing,5060,Michigan,S,Charcoal,Spring,4.4,No,2-Day Shipping,Yes,Yes,42,Credit Card,Quarterly
1239,55,Male,Pants,Clothing,4235,Nagpur,M,Violet,Winter,3.7,No,Express,Yes,Yes,3,GooglePay,Fortnightly
1240,62,Male,Coat,Outerwear,2035,Mangaluru,XL,Magenta,Spring,4.8,No,Standard,Yes,Yes,32,Debit Card,Every 3 Months
1241,41,Male,Scarf,Accessories,4345,Mangaluru,L,White,Winter,2.9,No,Store Pickup,Yes,Yes,48,Debit Card,Annually
1242,58,Male,Hoodie,Clothing,2805,Raipur,XL,Pink,Winter,3.1,No,Express,Yes,Yes,34,Credit Card,Weekly
1243,56,Male,Socks,Clothing,1485,Srinagar,M,Lavender,Summer,4,No,Next Day Air,Yes,Yes,15,Bank Transfer,Quarterly
1244,25,Male,Blouse,Clothing,1265,Hyderabad,S,Pink,Spring,3,No,Store Pickup,Yes,Yes,22,Debit Card,Annually
1245,70,Male,Socks,Clothing,4180,Vijaywada,S,Silver,Summer,3.9,No,2-Day Shipping,Yes,Yes,2,Cash,Monthly
1246,42,Male,Dress,Clothing,1705,Chandrapur,M,Violet,Fall,3.4,No,Standard,Yes,Yes,30,Bank Transfer,Weekly
1247,27,Male,Hoodie,Clothing,3300,Lucknow,M,Charcoal,Winter,2.7,No,Standard,Yes,Yes,27,Cash,Monthly
1248,65,Male,T-shirt,Clothing,5445,Shimla,M,Charcoal,Spring,,No,Express,Yes,Yes,18,GooglePay,Bi-Weekly
1249,62,Male,Hat,Accessories,2035,Gaya,XL,Red,Winter,3,No,Free Shipping,Yes,Yes,8,Credit Card,Annually
1250,62,Male,Boots,Footwear,2750,Chandigarh,M,Peach,Winter,4.5,No,Express,Yes,Yes,48,GooglePay,Fortnightly
1251,52,Male,Jeans,Clothing,1430,Hyderabad,XL,Purple,Winter,4.1,No,Free Shipping,Yes,Yes,24,Cash,Monthly
1252,56,Male,Shorts,Clothing,4730,Vijaywada,XL,Orange,Spring,5,No,Next Day Air,Yes,Yes,43,Credit Card,Monthly
1253,28,Male,Sandals,Footwear,2255,Kolkata,L,Magenta,Fall,4,No,Standard,Yes,Yes,8,Cash,Quarterly
1254,39,Male,Sandals,Footwear,1265,Ahmedabad,XL,Red,Winter,4.9,No,Express,Yes,Yes,49,PhonPe,Annually
1255,54,Male,Sneakers,Footwear,3080,Vadodara,XL,Black,Spring,3.3,No,2-Day Shipping,Yes,Yes,2,Credit Card,Bi-Weekly
1256,30,Male,Hat,Accessories,3740,Vijaywada,M,Peach,Fall,4.1,No,Standard,Yes,Yes,38,Cash,Fortnightly
1257,45,Male,Coat,Outerwear,2640,Ranchi,S,Olive,Winter,3.6,No,Express,Yes,Yes,4,Cash,Fortnightly
1258,68,Male,Dress,Clothing,3685,Prayagraj,L,Gold,Spring,3,No,Free Shipping,Yes,Yes,31,Cash,Every 3 Months
1259,47,Male,Boots,Footwear,4785,Mysuru,XL,Gold,Spring,4.1,No,2-Day Shipping,Yes,Yes,34,Debit Card,Every 3 Months
1260,68,Male,Skirt,Clothing,3520,Prayagraj,M,Turquoise,Fall,3.9,No,Standard,Yes,Yes,45,Credit Card,Monthly
1261,63,Male,Shirt,Clothing,5115,Shimla,XL,Green,Spring,4.1,No,Store Pickup,Yes,Yes,30,Debit Card,Quarterly
1262,20,Male,Shirt,Clothing,1595,Gwalior,L,Maroon,Summer,2.8,No,Next Day Air,Yes,Yes,2,Credit Card,Fortnightly
1263,29,Male,Boots,Footwear,3410,Kochi,L,Brown,Winter,4.8,No,Store Pickup,Yes,Yes,44,GooglePay,Monthly
1264,41,Male,Hoodie,Clothing,3850,Chennai,L,Brown,Winter,4.6,No,2-Day Shipping,Yes,Yes,1,Credit Card,Bi-Weekly
1265,52,Male,Sweater,Clothing,5060,Pune,S,Blue,Winter,2.5,No,Next Day Air,Yes,Yes,1,GooglePay,Bi-Weekly
1266,32,Male,Shirt,Clothing,4345,Lucknow,M,Lavender,Spring,2.7,No,Next Day Air,Yes,Yes,27,Bank Transfer,Weekly
1267,20,Male,Blouse,Clothing,1705,Bhubaneswar,M,Peach,Fall,4,No,Standard,Yes,Yes,14,Debit Card,Every 3 Months
1268,47,Male,T-shirt,Clothing,4565,Chandigarh,S,Gray,Spring,2.7,No,Standard,Yes,Yes,41,Cash,Weekly
1269,23,Male,Jacket,Outerwear,4840,Ujjain,XL,Charcoal,Winter,2.9,No,Next Day Air,Yes,Yes,25,Debit Card,Bi-Weekly
1270,43,Male,Jewelry,Accessories,2915,Pune,M,Lavender,Spring,3,No,Standard,Yes,Yes,47,PhonPe,Quarterly
1271,67,Male,Hoodie,Clothing,5390,Ranchi,M,Green,Fall,3.3,No,Standard,Yes,Yes,20,Cash,Annually
1272,70,Male,Jewelry,Accessories,3135,Delhi,S,Gray,Spring,4.3,No,Store Pickup,Yes,Yes,42,PhonPe,Annually
1273,35,Male,Sandals,Footwear,4400,Gaya,M,Orange,Winter,4.4,No,Express,Yes,Yes,16,Bank Transfer,Monthly
1274,41,Male,Jeans,Clothing,1595,Indore,L,Silver,Spring,4.1,No,Next Day Air,Yes,Yes,32,Credit Card,Every 3 Months
1275,54,Male,Hat,Accessories,4015,Mussoorie,M,Olive,Spring,3.1,No,2-Day Shipping,Yes,Yes,37,PhonPe,Quarterly
1276,55,Male,Sweater,Clothing,1760,Gurgaon,S,Turquoise,Fall,4.5,No,Standard,Yes,Yes,1,PhonPe,Monthly
1277,51,Male,Boots,Footwear,3740,Nagpur,L,Turquoise,Spring,4.8,No,Next Day Air,Yes,Yes,37,Bank Transfer,Weekly
1278,19,Male,Blouse,Clothing,5335,Bangalore,L,Green,Spring,5,No,Express,Yes,Yes,5,GooglePay,Quarterly
1279,28,Male,Shorts,Clothing,5390,Jalandhar,M,Violet,Fall,2.8,No,Next Day Air,Yes,Yes,31,GooglePay,Fortnightly
1280,63,Male,Hoodie,Clothing,3080,Kolhapur,L,Charcoal,Fall,3.7,No,Express,Yes,Yes,18,Debit Card,Annually
1281,30,Male,Pants,Clothing,4290,Bareily,L,White,Winter,4.4,No,2-Day Shipping,Yes,Yes,39,GooglePay,Every 3 Months
1282,29,Male,Belt,Accessories,4455,Mangaluru,M,Olive,Spring,4.5,No,Store Pickup,Yes,Yes,8,GooglePay,Bi-Weekly
1283,24,Male,Shirt,Clothing,3740,Hyderabad,L,Violet,Winter,3,No,Free Shipping,Yes,Yes,20,GooglePay,Monthly
1284,69,Male,Shirt,Clothing,5170,Chandigarh,M,Violet,Winter,3.9,No,2-Day Shipping,Yes,Yes,23,Debit Card,Every 3 Months
1285,65,Male,Dress,Clothing,5115,Gurgaon,M,Black,Spring,3.9,No,Express,Yes,Yes,38,PhonPe,Fortnightly
1286,64,Male,Gloves,Accessories,5445,Udaipur,M,Charcoal,Fall,3.5,No,Next Day Air,Yes,Yes,45,Bank Transfer,Fortnightly
1287,40,Male,Gloves,Accessories,2695,Ranchi,L,Yellow,Winter,4.9,No,Next Day Air,Yes,Yes,44,Debit Card,Fortnightly
1288,24,Male,Jeans,Clothing,1540,Jalandhar,XL,Blue,Winter,3.4,No,Standard,Yes,Yes,20,PhonPe,Monthly
1289,66,Male,Belt,Accessories,5115,Ayodhya,XL,Charcoal,Winter,4.1,No,Standard,Yes,Yes,34,PhonPe,Bi-Weekly
1290,35,Male,Jacket,Outerwear,1320,Hyderabad,M,Red,Fall,2.9,No,Next Day Air,Yes,Yes,10,PhonPe,Weekly
1291,67,Male,Skirt,Clothing,1925,Kolhapur,M,Indigo,Spring,3.4,No,Free Shipping,Yes,Yes,3,PhonPe,Annually
1292,69,Male,Sandals,Footwear,3740,Ayodhya,S,Beige,Spring,3.2,No,2-Day Shipping,Yes,Yes,23,Debit Card,Fortnightly
1293,26,Male,Belt,Accessories,3355,Delhi,M,Maroon,Summer,,No,Free Shipping,Yes,Yes,42,Bank Transfer,Annually
1294,23,Male,Sweater,Clothing,4070,Ghaziabad,XL,Yellow,Fall,4.1,No,Standard,Yes,Yes,30,Debit Card,Annually
1295,27,Male,Shirt,Clothing,3520,Amritsar,M,Silver,Summer,4.5,No,Standard,Yes,Yes,21,Cash,Every 3 Months
1296,30,Male,Sneakers,Footwear,3300,Nanded,M,Olive,Fall,2.8,No,Standard,Yes,Yes,50,PhonPe,Weekly
1297,48,Male,Jeans,Clothing,1595,Ayodhya,S,Teal,Spring,2.8,No,Express,Yes,Yes,16,Cash,Bi-Weekly
1298,44,Male,Sandals,Footwear,4675,Mangaluru,M,Silver,Summer,4.6,No,Standard,Yes,Yes,32,GooglePay,Annually
1299,29,Male,Pants,Clothing,4455,Vijaywada,S,Indigo,Summer,3,No,Free Shipping,Yes,Yes,14,Bank Transfer,Fortnightly
1300,29,Male,Belt,Accessories,1265,Lucknow,L,Teal,Fall,3.6,No,2-Day Shipping,Yes,Yes,42,GooglePay,Bi-Weekly
1301,67,Male,T-shirt,Clothing,5500,Ranchi,M,Charcoal,Spring,4.5,No,Next Day Air,Yes,Yes,47,Credit Card,Every 3 Months
1302,42,Male,Shirt,Clothing,2970,Mumbai,M,Orange,Fall,5,No,Express,Yes,Yes,21,Debit Card,Weekly
1303,23,Male,Sneakers,Footwear,1375,Ujjain,M,Gold,Fall,2.9,No,Next Day Air,Yes,Yes,37,Credit Card,Monthly
1304,34,Male,Blouse,Clothing,1760,Chandrapur,L,Silver,Summer,3.1,No,Next Day Air,Yes,Yes,10,Credit Card,Annually
1305,64,Male,Backpack,Accessories,3465,Ahmedabad,S,Orange,Spring,4,No,2-Day Shipping,Yes,Yes,18,PhonPe,Every 3 Months
1306,31,Male,Pants,Clothing,3080,Indore,XL,Peach,Spring,4.5,No,Express,Yes,Yes,2,PhonPe,Every 3 Months
1307,54,Male,Sweater,Clothing,1815,Rameswaram,L,Brown,Winter,4.5,No,Next Day Air,Yes,Yes,40,PhonPe,Annually
1308,23,Male,Coat,Outerwear,1760,Mussoorie,L,Black,Summer,3.1,No,Express,Yes,Yes,43,PhonPe,Annually
1309,59,Male,Dress,Clothing,2090,Bangalore,L,Red,Summer,4.4,No,Next Day Air,Yes,Yes,14,Credit Card,Every 3 Months
1310,32,Male,Blouse,Clothing,1155,Raipur,L,Lavender,Summer,4.7,No,Store Pickup,Yes,Yes,41,Cash,Quarterly
1311,43,Male,Hoodie,Clothing,3245,Nashik,L,Brown,Winter,3.1,No,Store Pickup,Yes,Yes,38,Credit Card,Every 3 Months
1312,32,Male,Shoes,Footwear,4785,Kochi,M,Maroon,Fall,4.2,No,Express,Yes,Yes,12,GooglePay,Annually
1313,66,Male,T-shirt,Clothing,4345,Mussoorie,M,Violet,Winter,3,No,Store Pickup,Yes,Yes,19,Bank Transfer,Monthly
1314,70,Male,Shoes,Footwear,1540,Mussoorie,M,Lavender,Summer,,No,Free Shipping,Yes,Yes,23,Credit Card,Bi-Weekly
1315,42,Male,Boots,Footwear,3685,Mussoorie,S,Magenta,Summer,3.4,No,Free Shipping,Yes,Yes,49,Debit Card,Annually
1316,56,Male,Shorts,Clothing,4125,Indore,L,Green,Spring,4.2,No,2-Day Shipping,Yes,Yes,29,Debit Card,Quarterly
1317,28,Male,Belt,Accessories,1760,Gurgaon,S,Lavender,Spring,4.6,No,Standard,Yes,Yes,14,Debit Card,Bi-Weekly
1318,28,Male,Pants,Clothing,2365,Delhi,M,Green,Spring,2.8,No,Free Shipping,Yes,Yes,19,Cash,Monthly
1319,52,Male,Shorts,Clothing,5115,Gwalior,M,Maroon,Spring,2.7,No,Express,Yes,Yes,19,Credit Card,Bi-Weekly
1320,65,Male,Sunglasses,Accessories,1320,Surat,M,Magenta,Spring,4,No,Standard,Yes,Yes,48,Bank Transfer,Weekly
1321,56,Male,Hat,Accessories,1705,Vadodara,XL,Teal,Fall,3.1,No,Free Shipping,Yes,Yes,19,Debit Card,Annually
1322,59,Male,T-shirt,Clothing,4620,Mussoorie,L,Orange,Winter,3.7,No,Express,Yes,Yes,45,Bank Transfer,Every 3 Months
1323,23,Male,Pants,Clothing,4070,Patna,M,Violet,Winter,4,No,Next Day Air,Yes,Yes,17,Bank Transfer,Quarterly
1324,58,Male,Shorts,Clothing,3410,Chandrapur,M,Yellow,Spring,4.6,No,Standard,Yes,Yes,15,Debit Card,Every 3 Months
1325,39,Male,Jewelry,Accessories,4235,Vijaywada,S,Orange,Summer,3.8,No,Free Shipping,Yes,Yes,11,Credit Card,Fortnightly
1326,28,Male,Backpack,Accessories,4015,Chandigarh,L,Gold,Summer,3.5,No,Express,Yes,Yes,1,Cash,Monthly
1327,40,Male,Shoes,Footwear,2750,Amritsar,M,Indigo,Spring,,No,Free Shipping,Yes,Yes,17,Cash,Monthly
1328,52,Male,Coat,Outerwear,2200,Ghaziabad,M,Turquoise,Winter,2.8,No,Standard,Yes,Yes,37,Cash,Weekly
1329,37,Male,Sweater,Clothing,5335,Bangalore,M,Orange,Winter,3.7,No,Standard,Yes,Yes,40,Bank Transfer,Weekly
1330,70,Male,Gloves,Accessories,3465,Amritsar,M,Indigo,Fall,3.3,No,Express,Yes,Yes,50,PhonPe,Every 3 Months
1331,30,Male,Handbag,Accessories,3575,Pune,M,Charcoal,Fall,2.9,No,Standard,Yes,Yes,20,PhonPe,Bi-Weekly
1332,38,Male,Socks,Clothing,5005,Kolhapur,M,Lavender,Spring,3.2,No,Standard,Yes,Yes,8,PhonPe,Bi-Weekly
1333,66,Male,Hoodie,Clothing,3300,Rameswaram,S,Gold,Spring,4.3,No,Store Pickup,Yes,Yes,16,Bank Transfer,Quarterly
1334,29,Male,Pants,Clothing,3795,Ujjain,M,Lavender,Winter,2.7,No,Next Day Air,Yes,Yes,9,Bank Transfer,Quarterly
1335,46,Male,Coat,Outerwear,2860,Ranchi,S,White,Spring,,No,Store Pickup,Yes,Yes,12,GooglePay,Monthly
1336,56,Male,Boots,Footwear,2695,Srinagar,M,Lavender,Fall,4.8,No,2-Day Shipping,Yes,Yes,26,Credit Card,Weekly
1337,23,Male,Sneakers,Footwear,4675,Chandigarh,M,Charcoal,Spring,4.8,No,Store Pickup,Yes,Yes,44,Debit Card,Fortnightly
1338,37,Male,Sweater,Clothing,4730,Kochi,L,Silver,Spring,3.4,No,Express,Yes,Yes,19,Credit Card,Bi-Weekly
1339,56,Male,Handbag,Accessories,2805,Nellore,S,Yellow,Winter,2.6,No,Standard,Yes,Yes,43,PhonPe,Fortnightly
1340,36,Male,Belt,Accessories,3080,Vijaywada,L,Olive,Winter,5,No,Next Day Air,Yes,Yes,5,Bank Transfer,Every 3 Months
1341,40,Male,Belt,Accessories,3960,Ujjain,M,Peach,Fall,4.4,No,Next Day Air,Yes,Yes,5,Debit Card,Every 3 Months
1342,26,Male,Hoodie,Clothing,1485,Bangalore,XL,Yellow,Fall,,No,Standard,Yes,Yes,31,Bank Transfer,Quarterly
1343,57,Male,Sunglasses,Accessories,2365,Coimbatore,XL,Yellow,Summer,3.4,No,2-Day Shipping,Yes,Yes,11,Bank Transfer,Monthly
1344,68,Male,Sneakers,Footwear,3080,Ghaziabad,M,Indigo,Spring,3.4,No,Standard,Yes,Yes,34,Bank Transfer,Monthly
1345,56,Male,T-shirt,Clothing,2035,Chandrapur,S,Violet,Fall,4.9,No,Next Day Air,Yes,Yes,14,Cash,Annually
1346,40,Male,Dress,Clothing,1155,Nainital,M,White,Fall,3.6,No,Standard,Yes,Yes,42,GooglePay,Weekly
1347,44,Male,Hoodie,Clothing,5005,Indore,L,White,Winter,3,No,Free Shipping,Yes,Yes,15,GooglePay,Bi-Weekly
1348,44,Male,Sweater,Clothing,5225,Pune,M,Cyan,Summer,3.9,No,2-Day Shipping,Yes,Yes,47,Bank Transfer,Monthly
1349,19,Male,Belt,Accessories,2970,Nainital,XL,Purple,Spring,3.2,No,Standard,Yes,Yes,23,Credit Card,Fortnightly
1350,21,Male,Socks,Clothing,1980,Nashik,XL,Black,Spring,3.2,No,Next Day Air,Yes,Yes,23,Cash,Bi-Weekly
1351,31,Male,Sunglasses,Accessories,3905,Chennai,M,Orange,Fall,4.3,No,Next Day Air,Yes,Yes,1,Cash,Every 3 Months
1352,30,Male,Coat,Outerwear,1705,Pune,L,Maroon,Summer,2.8,No,2-Day Shipping,Yes,Yes,28,Bank Transfer,Quarterly
1353,65,Male,Hat,Accessories,4895,Vijaywada,XL,Orange,Spring,4.5,No,Next Day Air,Yes,Yes,37,Credit Card,Bi-Weekly
1354,39,Male,Pants,Clothing,4565,Chandigarh,M,Teal,Winter,4.1,No,Next Day Air,Yes,Yes,4,Cash,Every 3 Months
1355,64,Male,Backpack,Accessories,2310,Kolhapur,M,Gray,Spring,3.6,No,2-Day Shipping,Yes,Yes,21,Bank Transfer,Quarterly
1356,59,Male,Shorts,Clothing,5005,Ghaziabad,M,Blue,Summer,3,No,2-Day Shipping,Yes,Yes,50,PhonPe,Bi-Weekly
1357,49,Male,Jacket,Outerwear,3355,Vijaywada,M,Cyan,Spring,4,No,Free Shipping,Yes,Yes,34,Bank Transfer,Annually
1358,24,Male,Backpack,Accessories,3630,Amritsar,S,Red,Summer,3.5,No,Next Day Air,Yes,Yes,20,Cash,Quarterly
1359,19,Male,Scarf,Accessories,1210,Nainital,XL,Pink,Spring,2.5,No,Store Pickup,Yes,Yes,25,GooglePay,Every 3 Months
1360,27,Male,Hoodie,Clothing,3740,Udaipur,S,Cyan,Winter,4.3,No,Store Pickup,Yes,Yes,26,Bank Transfer,Fortnightly
1361,56,Male,Skirt,Clothing,2365,Nellore,L,Black,Fall,2.8,No,Express,Yes,Yes,4,Bank Transfer,Annually
1362,49,Male,Dress,Clothing,1760,Nellore,M,Beige,Fall,3.7,No,Next Day Air,Yes,Yes,39,Debit Card,Monthly
1363,41,Male,Coat,Outerwear,2530,Dhanbad,M,Gray,Fall,4.3,No,Express,Yes,Yes,29,Cash,Weekly
1364,36,Male,Blouse,Clothing,4950,Gaya,L,Red,Summer,4,No,Express,Yes,Yes,47,PhonPe,Quarterly
1365,68,Male,Hat,Accessories,4125,Chennai,L,Yellow,Fall,4.7,No,Express,Yes,Yes,5,Cash,Every 3 Months
1366,28,Male,Handbag,Accessories,3795,Vijaywada,M,Magenta,Winter,4.5,No,Store Pickup,Yes,Yes,18,Bank Transfer,Fortnightly
1367,45,Male,Belt,Accessories,2200,Sultanpur,M,Magenta,Fall,3.1,No,Free Shipping,Yes,Yes,10,Credit Card,Fortnightly
1368,60,Male,Belt,Accessories,3465,Sultanpur,S,Black,Fall,3.8,No,Express,Yes,Yes,25,Cash,Quarterly
1369,21,Male,Shirt,Clothing,1980,Gaya,L,Orange,Summer,4.9,No,Express,Yes,Yes,2,Cash,Weekly
1370,32,Male,Shoes,Footwear,4125,Sultanpur,M,Green,Winter,3.2,No,Standard,Yes,Yes,48,GooglePay,Fortnightly
1371,27,Male,Scarf,Accessories,3685,Ahmedabad,L,Peach,Summer,,No,2-Day Shipping,Yes,Yes,41,Bank Transfer,Every 3 Months
1372,40,Male,Pants,Clothing,3520,Indore,M,Charcoal,Spring,2.8,No,Store Pickup,Yes,Yes,42,Credit Card,Monthly
1373,64,Male,Blouse,Clothing,3355,Michigan,M,Gray,Fall,4,No,2-Day Shipping,Yes,Yes,44,PhonPe,Bi-Weekly
1374,18,Male,Gloves,Accessories,2200,Shimla,L,Turquoise,Winter,2.6,No,Store Pickup,Yes,Yes,6,Cash,Quarterly
1375,22,Male,Handbag,Accessories,5335,Chandrapur,M,Red,Fall,2.7,No,Free Shipping,Yes,Yes,5,Bank Transfer,Quarterly
1376,42,Male,Sneakers,Footwear,1705,Mumbai,L,Brown,Spring,4.1,No,2-Day Shipping,Yes,Yes,8,Credit Card,Annually
1377,57,Male,Sandals,Footwear,3575,Mangaluru,L,Pink,Spring,5,No,Free Shipping,Yes,Yes,24,PhonPe,Annually
1378,33,Male,Sunglasses,Accessories,2970,Kolhapur,L,Olive,Spring,3,No,Next Day Air,Yes,Yes,42,GooglePay,Monthly
1379,37,Male,Jacket,Outerwear,2695,Delhi,XL,Lavender,Fall,3.6,No,Free Shipping,Yes,Yes,24,GooglePay,Weekly
1380,21,Male,T-shirt,Clothing,3520,Prayagraj,L,Purple,Fall,2.8,No,2-Day Shipping,Yes,Yes,38,GooglePay,Bi-Weekly
1381,51,Male,Sneakers,Footwear,1925,Kolkata,S,Beige,Winter,4.6,No,Standard,Yes,Yes,41,Cash,Fortnightly
1382,30,Male,Shoes,Footwear,4730,Visakhapatnam,L,Green,Winter,2.9,No,Standard,Yes,Yes,48,GooglePay,Quarterly
1383,68,Male,Jacket,Outerwear,3025,Michigan,L,Brown,Winter,4.8,No,Express,Yes,Yes,16,Bank Transfer,Quarterly
1384,36,Male,Scarf,Accessories,3190,Gaya,M,Beige,Spring,3.3,No,Express,Yes,Yes,4,GooglePay,Monthly
1385,46,Male,Sneakers,Footwear,5280,Rameswaram,M,Beige,Fall,4.6,No,Standard,Yes,Yes,8,Bank Transfer,Weekly
1386,41,Male,Jewelry,Accessories,3520,Indore,M,Indigo,Fall,2.6,No,Store Pickup,Yes,Yes,1,Bank Transfer,Bi-Weekly
1387,68,Male,Jacket,Outerwear,3080,Chandigarh,M,Silver,Fall,4,No,Next Day Air,Yes,Yes,4,Debit Card,Quarterly
1388,21,Male,Blouse,Clothing,4675,Kolhapur,M,Gold,Winter,3.8,No,Standard,Yes,Yes,20,Credit Card,Monthly
1389,62,Male,Dress,Clothing,1265,Gurgaon,M,Lavender,Spring,3.9,No,Express,Yes,Yes,40,Cash,Quarterly
1390,59,Male,Scarf,Accessories,3960,Visakhapatnam,L,Orange,Fall,2.6,No,Store Pickup,Yes,Yes,8,Debit Card,Fortnightly
1391,25,Male,Hat,Accessories,2090,Gurgaon,M,Maroon,Summer,4.3,No,Standard,Yes,Yes,42,Debit Card,Weekly
1392,53,Male,Blouse,Clothing,1595,Indore,S,White,Winter,3.6,No,Express,Yes,Yes,38,Credit Card,Annually
1393,31,Male,Gloves,Accessories,2530,Gurgaon,M,Yellow,Spring,4.2,No,Express,Yes,Yes,34,GooglePay,Every 3 Months
1394,46,Male,Gloves,Accessories,3190,Ujjain,L,Yellow,Spring,3.9,No,Express,Yes,Yes,14,PhonPe,Fortnightly
1395,26,Male,Coat,Outerwear,2365,Sultanpur,L,Magenta,Fall,4.7,No,Next Day Air,Yes,Yes,39,Cash,Weekly
1396,47,Male,Scarf,Accessories,1760,Ranchi,L,Turquoise,Spring,2.8,No,Next Day Air,Yes,Yes,40,PhonPe,Bi-Weekly
1397,37,Male,Pants,Clothing,1650,Gaya,XL,Lavender,Winter,3,No,Next Day Air,Yes,Yes,49,Debit Card,Monthly
1398,55,Male,Sunglasses,Accessories,3685,Kolkata,S,Magenta,Summer,4.7,No,Store Pickup,Yes,Yes,33,PhonPe,Annually
1399,30,Male,Dress,Clothing,2475,Amritsar,M,Cyan,Summer,2.5,No,Free Shipping,Yes,Yes,25,Credit Card,Weekly
1400,19,Male,Hat,Accessories,4455,Nainital,M,Olive,Winter,3.1,No,Store Pickup,Yes,Yes,48,GooglePay,Annually
1401,36,Male,Backpack,Accessories,1265,Srinagar,M,Red,Fall,3.6,No,Next Day Air,Yes,Yes,22,Credit Card,Every 3 Months
1402,23,Male,Sandals,Footwear,3245,Vijaywada,M,Blue,Fall,3.5,No,2-Day Shipping,Yes,Yes,1,PhonPe,Weekly
1403,62,Male,Sunglasses,Accessories,1155,Bhubaneswar,L,White,Summer,3.1,No,Express,Yes,Yes,47,PhonPe,Monthly
1404,26,Male,Backpack,Accessories,1100,Bareily,M,Peach,Spring,3.6,No,Store Pickup,Yes,Yes,20,Credit Card,Bi-Weekly
1405,36,Male,Jewelry,Accessories,1540,Nanded,M,Charcoal,Winter,3.5,No,Next Day Air,Yes,Yes,10,Debit Card,Weekly
1406,33,Male,Socks,Clothing,5500,Hyderabad,M,Peach,Winter,2.7,No,Store Pickup,Yes,Yes,39,Credit Card,Monthly
1407,32,Male,Shirt,Clothing,2530,Patna,L,Turquoise,Spring,3.6,No,Express,Yes,Yes,15,Debit Card,Monthly
1408,56,Male,Handbag,Accessories,3355,Srinagar,XL,Charcoal,Spring,4.5,No,Express,Yes,Yes,11,Credit Card,Annually
1409,58,Male,Blouse,Clothing,3190,Mumbai,M,Yellow,Winter,4.1,No,Free Shipping,Yes,Yes,38,GooglePay,Weekly
1410,34,Male,Backpack,Accessories,2750,Ujjain,M,Blue,Spring,4.2,No,Standard,Yes,Yes,41,Cash,Fortnightly
1411,61,Male,Hat,Accessories,5115,Kochi,M,Purple,Summer,4,No,Store Pickup,Yes,Yes,18,Debit Card,Annually
1412,48,Male,Skirt,Clothing,1320,Lucknow,L,Green,Summer,2.8,No,Store Pickup,Yes,Yes,13,GooglePay,Quarterly
1413,25,Male,Shorts,Clothing,5500,Michigan,M,Charcoal,Summer,2.6,No,2-Day Shipping,Yes,Yes,43,GooglePay,Annually
1414,51,Male,Blouse,Clothing,4345,Hyderabad,S,Indigo,Fall,2.7,No,Store Pickup,Yes,Yes,12,Bank Transfer,Quarterly
1415,29,Male,Socks,Clothing,2805,Prayagraj,M,Black,Summer,4.5,No,Store Pickup,Yes,Yes,3,Credit Card,Bi-Weekly
1416,54,Male,Belt,Accessories,4950,Visakhapatnam,M,Blue,Winter,3.7,No,Free Shipping,Yes,Yes,12,Credit Card,Every 3 Months
1417,48,Male,Boots,Footwear,3080,Ujjain,L,Silver,Summer,3.4,No,Free Shipping,Yes,Yes,46,Cash,Quarterly
1418,62,Male,Shorts,Clothing,1375,Ahmedabad,S,Brown,Spring,4.6,No,Standard,Yes,Yes,21,Debit Card,Fortnightly
1419,18,Male,Shirt,Clothing,4125,Nellore,M,Violet,Summer,4.1,No,2-Day Shipping,Yes,Yes,23,GooglePay,Every 3 Months
1420,43,Male,Handbag,Accessories,4125,Ahmedabad,M,Orange,Summer,2.6,No,Free Shipping,Yes,Yes,4,Debit Card,Quarterly
1421,22,Male,Jeans,Clothing,2915,Vadodara,XL,Gray,Summer,4.6,No,Store Pickup,Yes,Yes,45,PhonPe,Every 3 Months
1422,68,Male,Dress,Clothing,5500,Kota,S,Gold,Spring,3,No,Standard,Yes,Yes,24,Bank Transfer,Fortnightly
1423,44,Male,Dress,Clothing,1485,Amritsar,L,Charcoal,Fall,3.4,No,Free Shipping,Yes,Yes,3,PhonPe,Bi-Weekly
1424,51,Male,Sandals,Footwear,3300,Michigan,S,Black,Fall,3.5,No,Free Shipping,Yes,Yes,12,GooglePay,Every 3 Months
1425,66,Male,Jacket,Outerwear,1265,Gwalior,S,Indigo,Fall,3.5,No,Standard,Yes,Yes,34,Bank Transfer,Every 3 Months
1426,59,Male,Coat,Outerwear,2200,Nagpur,S,White,Winter,3.7,No,Next Day Air,Yes,Yes,39,Credit Card,Annually
1427,60,Male,Pants,Clothing,2090,Michigan,M,Yellow,Summer,4.8,No,Free Shipping,Yes,Yes,35,PhonPe,Every 3 Months
1428,31,Male,Backpack,Accessories,4950,Ayodhya,S,Orange,Summer,4.9,No,Store Pickup,Yes,Yes,8,Credit Card,Annually
1429,20,Male,Blouse,Clothing,5335,Bhubaneswar,S,Green,Summer,4.9,No,Express,Yes,Yes,42,PhonPe,Quarterly
1430,24,Male,Skirt,Clothing,2090,Kolhapur,L,Gold,Fall,4.7,No,Standard,Yes,Yes,6,Credit Card,Every 3 Months
1431,48,Male,Sandals,Footwear,1650,Michigan,S,Orange,Summer,4.9,No,Free Shipping,Yes,Yes,3,Credit Card,Fortnightly
1432,39,Male,Pants,Clothing,4840,Ayodhya,M,Cyan,Fall,2.9,No,Express,Yes,Yes,29,GooglePay,Quarterly
1433,34,Male,Hat,Accessories,1815,Ghaziabad,L,Black,Winter,4.4,No,Express,Yes,Yes,32,Debit Card,Quarterly
1434,70,Male,Hoodie,Clothing,3300,Prayagraj,L,Yellow,Winter,3.2,No,Next Day Air,Yes,Yes,45,Debit Card,Weekly
1435,59,Male,Sweater,Clothing,3520,Chandrapur,L,Maroon,Summer,4.6,No,Free Shipping,Yes,Yes,21,Debit Card,Bi-Weekly
1436,45,Male,Scarf,Accessories,5225,Chandigarh,XL,Black,Fall,4,No,Standard,Yes,Yes,41,Cash,Weekly
1437,35,Male,Sneakers,Footwear,4565,Prayagraj,M,Gray,Winter,3.7,No,Free Shipping,Yes,Yes,23,PhonPe,Fortnightly
1438,69,Male,Boots,Footwear,5335,Ahmedabad,XL,Orange,Winter,4.2,No,Free Shipping,Yes,Yes,14,Cash,Annually
1439,58,Male,Coat,Outerwear,2090,Patna,M,Cyan,Spring,2.9,No,Standard,Yes,Yes,24,Debit Card,Monthly
1440,25,Male,Boots,Footwear,2640,Nanded,M,Magenta,Summer,4.8,No,Next Day Air,Yes,Yes,25,Cash,Fortnightly
1441,27,Male,Sandals,Footwear,4180,Coimbatore,M,Pink,Spring,4.4,No,Standard,Yes,Yes,13,GooglePay,Monthly
1442,34,Male,Pants,Clothing,1375,Nainital,S,Turquoise,Summer,3.4,No,Free Shipping,Yes,Yes,3,GooglePay,Every 3 Months
1443,53,Male,Hoodie,Clothing,5060,Ujjain,S,Violet,Spring,2.8,No,2-Day Shipping,Yes,Yes,42,Credit Card,Annually
1444,58,Male,Sandals,Footwear,2585,Ujjain,L,Teal,Fall,4.2,No,Next Day Air,Yes,Yes,2,Cash,Monthly
1445,32,Male,Sweater,Clothing,1980,Pune,L,Pink,Fall,3.8,No,Express,Yes,Yes,26,Cash,Quarterly
1446,64,Male,Belt,Accessories,2805,Gurgaon,M,Gold,Fall,3.1,No,2-Day Shipping,Yes,Yes,24,Credit Card,Annually
1447,63,Male,Jeans,Clothing,1925,Nagpur,XL,Red,Summer,3.2,No,Express,Yes,Yes,6,Credit Card,Quarterly
1448,23,Male,Hoodie,Clothing,3135,Nanded,S,Beige,Summer,3,No,Next Day Air,Yes,Yes,25,PhonPe,Monthly
1449,64,Male,Boots,Footwear,5225,Ranchi,M,Black,Summer,3.6,No,Free Shipping,Yes,Yes,11,Credit Card,Every 3 Months
1450,18,Male,Socks,Clothing,2255,Chandrapur,L,Lavender,Winter,2.5,No,Store Pickup,Yes,Yes,20,Cash,Every 3 Months
1451,25,Male,Dress,Clothing,2420,Visakhapatnam,S,Teal,Winter,3.4,No,Free Shipping,Yes,Yes,25,Cash,Quarterly
1452,54,Male,Jacket,Outerwear,1870,Jalandhar,M,Maroon,Fall,2.5,No,Next Day Air,Yes,Yes,35,PhonPe,Quarterly
1453,60,Male,Jacket,Outerwear,1375,Dhanbad,L,Blue,Spring,4.7,No,2-Day Shipping,Yes,Yes,11,Bank Transfer,Quarterly
1454,36,Male,Boots,Footwear,5115,Shimla,S,Teal,Winter,3.2,No,2-Day Shipping,Yes,Yes,41,Bank Transfer,Fortnightly
1455,66,Male,Sneakers,Footwear,2750,Bareily,L,Maroon,Winter,2.9,No,Free Shipping,Yes,Yes,17,Credit Card,Annually
1456,60,Male,Pants,Clothing,4345,Nellore,L,Silver,Fall,4.9,No,Express,Yes,Yes,1,PhonPe,Every 3 Months
1457,59,Male,Coat,Outerwear,5500,Ahmedabad,S,Olive,Spring,2.7,No,Store Pickup,Yes,Yes,30,PhonPe,Every 3 Months
1458,58,Male,Shirt,Clothing,3135,Kota,S,Gray,Spring,4.7,No,Express,Yes,Yes,47,GooglePay,Fortnightly
1459,35,Male,Sweater,Clothing,1540,Mussoorie,M,Peach,Spring,2.9,No,2-Day Shipping,Yes,Yes,34,GooglePay,Weekly
1460,20,Male,Shoes,Footwear,1925,Mumbai,L,Yellow,Winter,4.8,No,Express,Yes,Yes,18,GooglePay,Fortnightly
1461,70,Male,Boots,Footwear,4675,Kota,L,Violet,Fall,4.6,No,Standard,Yes,Yes,33,GooglePay,Bi-Weekly
1462,54,Male,Sunglasses,Accessories,5225,Chandigarh,S,Red,Summer,5,No,2-Day Shipping,Yes,Yes,42,GooglePay,Quarterly
1463,38,Male,Sneakers,Footwear,4950,Jalandhar,S,Charcoal,Summer,4.8,No,2-Day Shipping,Yes,Yes,2,GooglePay,Quarterly
1464,54,Male,Jewelry,Accessories,2695,Surat,M,Beige,Summer,4.9,No,Store Pickup,Yes,Yes,1,Bank Transfer,Monthly
1465,33,Male,Belt,Accessories,5060,Ahmedabad,M,Peach,Winter,4.6,No,2-Day Shipping,Yes,Yes,23,Bank Transfer,Quarterly
1466,46,Male,Gloves,Accessories,3960,Nainital,XL,Violet,Winter,3.9,No,Store Pickup,Yes,Yes,42,Cash,Bi-Weekly
1467,58,Male,Shorts,Clothing,3905,Nellore,M,Green,Summer,4.5,No,Store Pickup,Yes,Yes,3,PhonPe,Annually
1468,30,Male,Jewelry,Accessories,1485,Mysuru,XL,Olive,Winter,4.7,No,Store Pickup,Yes,Yes,16,Debit Card,Fortnightly
1469,42,Male,Gloves,Accessories,2145,Gurgaon,S,Silver,Fall,3.9,No,Express,Yes,Yes,46,Cash,Fortnightly
1470,28,Male,Jewelry,Accessories,5390,Indore,M,Purple,Winter,4.4,No,Standard,Yes,Yes,31,PhonPe,Every 3 Months
1471,43,Male,Sandals,Footwear,1485,Vadodara,M,Silver,Spring,3.9,No,Next Day Air,Yes,Yes,15,Cash,Every 3 Months
1472,31,Male,Jewelry,Accessories,3905,Rameswaram,S,Gray,Spring,2.8,No,2-Day Shipping,Yes,Yes,48,GooglePay,Every 3 Months
1473,39,Male,Hat,Accessories,1320,Vijaywada,L,Turquoise,Spring,3.5,No,Store Pickup,Yes,Yes,11,Cash,Weekly
1474,69,Male,Shorts,Clothing,3465,Gaya,M,Violet,Fall,4.3,No,Express,Yes,Yes,20,Credit Card,Every 3 Months
1475,31,Male,Sweater,Clothing,3960,Mangaluru,S,Pink,Fall,3.9,No,Next Day Air,Yes,Yes,6,Credit Card,Monthly
1476,44,Male,Blouse,Clothing,3355,Bangalore,M,Teal,Spring,4,No,Express,Yes,Yes,24,Cash,Monthly
1477,39,Male,Hat,Accessories,3080,Nagpur,M,Magenta,Fall,4.1,No,Next Day Air,Yes,Yes,18,Credit Card,Monthly
1478,24,Male,Belt,Accessories,1760,Chandigarh,XL,Silver,Summer,4.3,No,Standard,Yes,Yes,1,PhonPe,Every 3 Months
1479,28,Male,Gloves,Accessories,1265,Patna,M,Blue,Summer,4.2,No,Free Shipping,Yes,Yes,13,GooglePay,Bi-Weekly
1480,48,Male,Coat,Outerwear,5500,Patna,L,Black,Spring,4,No,Standard,Yes,Yes,2,Bank Transfer,Weekly
1481,39,Male,Jewelry,Accessories,4070,Hyderabad,M,Gold,Fall,3.6,No,Express,Yes,Yes,26,Cash,Quarterly
1482,64,Male,Skirt,Clothing,1815,Kolhapur,S,Gray,Spring,3.3,No,Standard,Yes,Yes,31,PhonPe,Quarterly
1483,28,Male,Gloves,Accessories,3685,Gaya,S,Magenta,Spring,4.1,No,2-Day Shipping,Yes,Yes,43,Bank Transfer,Weekly
1484,39,Male,Jewelry,Accessories,3355,Kolkata,S,Yellow,Summer,4.7,No,Next Day Air,Yes,Yes,12,Debit Card,Bi-Weekly
1485,49,Male,Shorts,Clothing,2530,Nainital,M,Teal,Summer,4.4,No,Store Pickup,Yes,Yes,22,GooglePay,Every 3 Months
1486,22,Male,Gloves,Accessories,3080,Nainital,L,Red,Spring,3.4,No,Standard,Yes,Yes,3,Cash,Fortnightly
1487,25,Male,Sneakers,Footwear,4015,Ujjain,S,Yellow,Spring,5,No,Free Shipping,Yes,Yes,23,GooglePay,Every 3 Months
1488,40,Male,Skirt,Clothing,2420,Coimbatore,L,Black,Summer,4.6,No,Store Pickup,Yes,Yes,26,PhonPe,Annually
1489,23,Male,Hat,Accessories,2420,Raipur,L,Pink,Winter,4,No,Standard,Yes,Yes,37,Credit Card,Weekly
1490,24,Male,Jewelry,Accessories,1430,Mussoorie,XL,Magenta,Summer,4.1,No,Next Day Air,Yes,Yes,42,GooglePay,Quarterly
1491,66,Male,Sneakers,Footwear,2860,Lucknow,L,Olive,Spring,4.9,No,Express,Yes,Yes,15,GooglePay,Bi-Weekly
1492,27,Male,Shirt,Clothing,2970,Gurgaon,S,Black,Summer,2.7,No,Free Shipping,Yes,Yes,10,Bank Transfer,Quarterly
1493,62,Male,Jacket,Outerwear,2090,Udaipur,M,Maroon,Summer,4.5,No,Free Shipping,Yes,Yes,3,GooglePay,Quarterly
1494,70,Male,Belt,Accessories,2420,Bhubaneswar,S,Gold,Fall,2.7,No,Standard,Yes,Yes,44,Credit Card,Quarterly
1495,43,Male,T-shirt,Clothing,4180,Ahmedabad,M,Gray,Spring,3,No,Next Day Air,Yes,Yes,23,Bank Transfer,Fortnightly
1496,45,Male,Jewelry,Accessories,1265,Bangalore,M,Brown,Winter,4.5,No,Next Day Air,Yes,Yes,6,PhonPe,Weekly
1497,63,Male,T-shirt,Clothing,5390,Ujjain,M,Purple,Winter,5,No,Standard,Yes,Yes,9,GooglePay,Bi-Weekly
1498,69,Male,Jacket,Outerwear,1815,Michigan,S,Magenta,Spring,3.8,No,2-Day Shipping,Yes,Yes,16,Debit Card,Every 3 Months
1499,59,Male,Sweater,Clothing,1760,Visakhapatnam,M,Teal,Summer,3.1,No,Standard,Yes,Yes,46,GooglePay,Fortnightly
1500,19,Male,Boots,Footwear,4675,Bareily,S,Olive,Fall,3.4,No,Free Shipping,Yes,Yes,24,Credit Card,Every 3 Months
1501,63,Male,Jeans,Clothing,3795,Nellore,L,Maroon,Summer,4.8,No,Next Day Air,Yes,Yes,22,Debit Card,Monthly
1502,37,Male,Jeans,Clothing,3025,Rameswaram,XL,Silver,Spring,2.7,No,Standard,Yes,Yes,13,Debit Card,Every 3 Months
1503,37,Male,Pants,Clothing,3630,Kolkata,M,Black,Summer,3.2,No,Store Pickup,Yes,Yes,20,Cash,Fortnightly
1504,50,Male,Jacket,Outerwear,1650,Michigan,M,Maroon,Fall,3.9,No,2-Day Shipping,Yes,Yes,46,Cash,Quarterly
1505,60,Male,Jacket,Outerwear,4400,Rameswaram,M,Teal,Winter,4.2,No,Next Day Air,Yes,Yes,10,Bank Transfer,Monthly
1506,46,Male,Belt,Accessories,1100,Bhubaneswar,M,Teal,Summer,3,No,Express,Yes,Yes,39,Cash,Monthly
1507,35,Male,Shirt,Clothing,1650,Nashik,L,Beige,Fall,3,No,2-Day Shipping,Yes,Yes,44,PhonPe,Quarterly
1508,66,Male,Dress,Clothing,4730,Kota,S,Maroon,Winter,3.7,No,2-Day Shipping,Yes,Yes,7,GooglePay,Annually
1509,35,Male,Blouse,Clothing,4620,Dhanbad,L,Beige,Spring,4.4,No,Store Pickup,Yes,Yes,3,Cash,Every 3 Months
1510,20,Male,Dress,Clothing,2970,Hyderabad,XL,White,Summer,4.6,No,Free Shipping,Yes,Yes,44,Debit Card,Annually
1511,55,Male,Blouse,Clothing,1650,Kolhapur,XL,Gray,Fall,3,No,Free Shipping,Yes,Yes,31,GooglePay,Annually
1512,34,Male,Dress,Clothing,5005,Bareily,M,Violet,Winter,3.6,No,Express,Yes,Yes,48,Credit Card,Weekly
1513,60,Male,Sneakers,Footwear,1265,Gaya,L,Silver,Winter,3.9,No,Standard,Yes,Yes,18,PhonPe,Bi-Weekly
1514,22,Male,Socks,Clothing,1925,Amritsar,M,Red,Spring,4.1,No,Free Shipping,Yes,Yes,27,Cash,Monthly
1515,26,Male,Shoes,Footwear,4950,Jalandhar,L,Brown,Winter,3.9,No,2-Day Shipping,Yes,Yes,1,GooglePay,Weekly
1516,39,Male,Jeans,Clothing,5115,Vijaywada,S,Turquoise,Fall,3.9,No,2-Day Shipping,Yes,Yes,34,Cash,Weekly
1517,20,Male,Jeans,Clothing,3740,Srinagar,L,Indigo,Winter,4.5,No,Express,Yes,Yes,5,Bank Transfer,Bi-Weekly
1518,57,Male,Gloves,Accessories,2255,Hyderabad,M,Violet,Spring,3.4,No,Standard,Yes,Yes,12,Cash,Quarterly
1519,68,Male,Belt,Accessories,4015,Chandrapur,M,Yellow,Winter,4.1,No,Next Day Air,Yes,Yes,14,GooglePay,Fortnightly
1520,50,Male,Sunglasses,Accessories,4015,Amritsar,L,Cyan,Fall,4.9,No,Next Day Air,Yes,Yes,40,PhonPe,Weekly
1521,21,Male,Hat,Accessories,3630,Sultanpur,M,Brown,Summer,4.4,No,2-Day Shipping,Yes,Yes,39,Cash,Quarterly
1522,29,Male,Backpack,Accessories,3245,Patna,M,White,Summer,2.7,No,2-Day Shipping,Yes,Yes,50,Bank Transfer,Weekly
1523,38,Male,Shorts,Clothing,3960,Kochi,L,Yellow,Spring,4.8,No,Free Shipping,Yes,Yes,5,Debit Card,Monthly
1524,54,Male,Socks,Clothing,4840,Bareily,M,White,Summer,3.3,No,2-Day Shipping,Yes,Yes,35,Debit Card,Annually
1525,22,Male,Socks,Clothing,4180,Kolkata,L,Pink,Summer,4.4,No,Free Shipping,Yes,Yes,6,Cash,Bi-Weekly
1526,29,Male,Belt,Accessories,1705,Chandigarh,M,Indigo,Winter,4.6,No,2-Day Shipping,Yes,Yes,22,Cash,Fortnightly
1527,41,Male,Jacket,Outerwear,1210,Surat,L,White,Summer,3.1,No,Next Day Air,Yes,Yes,27,PhonPe,Monthly
1528,26,Male,Hat,Accessories,4125,Gaya,L,Red,Fall,4.5,No,2-Day Shipping,Yes,Yes,33,Debit Card,Fortnightly
1529,69,Male,T-shirt,Clothing,4125,Chandigarh,S,Red,Spring,4,No,Store Pickup,Yes,Yes,47,GooglePay,Bi-Weekly
1530,20,Male,Backpack,Accessories,3465,Bareily,M,Lavender,Winter,3.1,No,Free Shipping,Yes,Yes,48,Credit Card,Bi-Weekly
1531,59,Male,Coat,Outerwear,1155,Nanded,M,Teal,Spring,3.9,No,Next Day Air,Yes,Yes,22,Bank Transfer,Quarterly
1532,63,Male,Backpack,Accessories,4565,Indore,S,Violet,Spring,4.5,No,Next Day Air,Yes,Yes,8,PhonPe,Bi-Weekly
1533,68,Male,Jacket,Outerwear,2530,Gaya,S,Silver,Winter,4.4,No,Next Day Air,Yes,Yes,5,PhonPe,Every 3 Months
1534,50,Male,Shoes,Footwear,3245,Hyderabad,M,Gold,Summer,3.6,No,2-Day Shipping,Yes,Yes,16,Bank Transfer,Quarterly
1535,55,Male,Blouse,Clothing,3630,Nagpur,M,Green,Summer,3.4,No,Free Shipping,Yes,Yes,26,GooglePay,Fortnightly
1536,36,Male,Sandals,Footwear,4070,Ranchi,S,Turquoise,Fall,4,No,2-Day Shipping,Yes,Yes,8,GooglePay,Monthly
1537,18,Male,Sunglasses,Accessories,4510,Michigan,M,Indigo,Summer,2.6,No,Store Pickup,Yes,Yes,17,Cash,Quarterly
1538,68,Male,Shoes,Footwear,4895,Rameswaram,L,Black,Spring,3.2,No,Next Day Air,Yes,Yes,50,GooglePay,Annually
1539,56,Male,Dress,Clothing,3575,Visakhapatnam,L,Charcoal,Fall,3.2,No,Standard,Yes,Yes,22,GooglePay,Bi-Weekly
1540,32,Male,Belt,Accessories,3025,Raipur,M,Turquoise,Spring,5,No,2-Day Shipping,Yes,Yes,19,Cash,Every 3 Months
1541,28,Male,Shorts,Clothing,5225,Dhanbad,M,Red,Winter,2.9,No,Next Day Air,Yes,Yes,14,Bank Transfer,Monthly
1542,24,Male,Handbag,Accessories,4235,Visakhapatnam,S,Indigo,Winter,2.9,No,Store Pickup,Yes,Yes,35,Cash,Bi-Weekly
1543,59,Male,Blouse,Clothing,2420,Raipur,M,Maroon,Winter,3.5,No,Next Day Air,Yes,Yes,43,PhonPe,Weekly
1544,56,Male,Jeans,Clothing,4895,Gaya,M,Indigo,Fall,4,No,Standard,Yes,Yes,24,GooglePay,Annually
1545,30,Male,Jewelry,Accessories,1320,Gurgaon,M,Maroon,Spring,3.9,No,Standard,Yes,Yes,17,Debit Card,Bi-Weekly
1546,48,Male,Belt,Accessories,2365,Chennai,M,Black,Winter,4.9,No,Store Pickup,Yes,Yes,49,Bank Transfer,Annually
1547,60,Male,Sneakers,Footwear,2805,Chandigarh,XL,Purple,Summer,3.8,No,Express,Yes,Yes,17,Bank Transfer,Annually
1548,46,Male,Hat,Accessories,2530,Nashik,L,Teal,Summer,3.5,No,Standard,Yes,Yes,40,Cash,Quarterly
1549,69,Male,Dress,Clothing,1760,Kolhapur,M,Silver,Summer,3.7,No,Store Pickup,Yes,Yes,43,Bank Transfer,Weekly
1550,19,Male,Sneakers,Footwear,3025,Varanasi,M,Black,Spring,2.9,No,2-Day Shipping,Yes,Yes,19,Debit Card,Every 3 Months
1551,66,Male,Sunglasses,Accessories,1430,Gurgaon,S,Black,Summer,2.8,No,Free Shipping,Yes,Yes,40,Bank Transfer,Quarterly
1552,64,Male,Handbag,Accessories,1595,Prayagraj,M,Olive,Summer,3.7,No,2-Day Shipping,Yes,Yes,13,Credit Card,Monthly
1553,54,Male,Blouse,Clothing,2695,Nanded,L,Purple,Spring,3,No,Express,Yes,Yes,20,Credit Card,Monthly
1554,27,Male,Blouse,Clothing,2475,Chennai,M,Indigo,Spring,4.8,No,Free Shipping,Yes,Yes,21,Debit Card,Quarterly
1555,64,Male,Shorts,Clothing,2640,Jalandhar,S,Lavender,Winter,2.7,No,Standard,Yes,Yes,18,Cash,Bi-Weekly
1556,43,Male,Shorts,Clothing,2585,Mysuru,S,Cyan,Winter,4.5,No,Free Shipping,Yes,Yes,44,Cash,Quarterly
1557,43,Male,Hoodie,Clothing,3135,Nellore,M,Gold,Fall,2.7,No,Standard,Yes,Yes,26,Credit Card,Quarterly
1558,27,Male,Backpack,Accessories,1870,Ayodhya,L,Magenta,Fall,3.5,No,Next Day Air,Yes,Yes,34,PhonPe,Quarterly
1559,35,Male,Sunglasses,Accessories,4125,Nanded,XL,Teal,Fall,3.5,No,Express,Yes,Yes,24,Credit Card,Every 3 Months
1560,43,Male,Scarf,Accessories,5170,Chandigarh,L,Beige,Fall,4.5,No,Store Pickup,Yes,Yes,23,PhonPe,Fortnightly
1561,57,Male,Hat,Accessories,4620,Chandigarh,M,Teal,Winter,3.8,No,Free Shipping,Yes,Yes,3,Debit Card,Weekly
1562,50,Male,Scarf,Accessories,2090,Indore,M,Indigo,Summer,3.8,No,Standard,Yes,Yes,2,Bank Transfer,Quarterly
1563,37,Male,Scarf,Accessories,4125,Nellore,M,Purple,Winter,3.2,No,Next Day Air,Yes,Yes,23,GooglePay,Bi-Weekly
1564,68,Male,Pants,Clothing,2420,Varanasi,M,Teal,Fall,4.3,No,Next Day Air,Yes,Yes,8,Cash,Weekly
1565,22,Male,Backpack,Accessories,1815,Vadodara,XL,Turquoise,Summer,4.5,No,Next Day Air,Yes,Yes,30,Debit Card,Every 3 Months
1566,58,Male,Sunglasses,Accessories,5115,Ujjain,L,Peach,Fall,4.2,No,Free Shipping,Yes,Yes,48,PhonPe,Annually
1567,48,Male,Sneakers,Footwear,5445,Nagpur,S,Green,Winter,3,No,Free Shipping,Yes,Yes,21,Cash,Bi-Weekly
1568,30,Male,Backpack,Accessories,1815,Prayagraj,M,Turquoise,Spring,4.1,No,Standard,Yes,Yes,9,Cash,Monthly
1569,51,Male,Sneakers,Footwear,4180,Patna,L,Yellow,Spring,4.6,No,Store Pickup,Yes,Yes,8,Debit Card,Monthly
1570,20,Male,Skirt,Clothing,3465,Raipur,M,Orange,Summer,2.9,No,Standard,Yes,Yes,29,Debit Card,Weekly
1571,30,Male,Pants,Clothing,2255,Mussoorie,L,Brown,Winter,4.8,No,Next Day Air,Yes,Yes,3,Bank Transfer,Every 3 Months
1572,28,Male,Jewelry,Accessories,4840,Dhanbad,L,Silver,Winter,4.5,No,Next Day Air,Yes,Yes,11,Bank Transfer,Fortnightly
1573,37,Male,Skirt,Clothing,5060,Patna,L,White,Summer,3.4,No,2-Day Shipping,Yes,Yes,16,Debit Card,Monthly
1574,36,Male,T-shirt,Clothing,1705,Bhubaneswar,L,Indigo,Summer,4.3,No,2-Day Shipping,Yes,Yes,25,Debit Card,Weekly
1575,18,Male,Skirt,Clothing,1375,Prayagraj,S,Magenta,Spring,4.2,No,Free Shipping,Yes,Yes,32,PhonPe,Bi-Weekly
1576,52,Male,Shirt,Clothing,1540,Vadodara,M,Turquoise,Spring,3.6,No,Next Day Air,Yes,Yes,28,Cash,Fortnightly
1577,56,Male,Dress,Clothing,4125,Michigan,M,White,Spring,3.7,No,2-Day Shipping,Yes,Yes,36,PhonPe,Monthly
1578,68,Male,Boots,Footwear,1870,Chennai,S,Olive,Spring,4,No,Standard,Yes,Yes,7,GooglePay,Fortnightly
1579,62,Male,Pants,Clothing,5335,Vadodara,S,Maroon,Winter,4.9,No,2-Day Shipping,Yes,Yes,2,PhonPe,Quarterly
1580,35,Male,Jacket,Outerwear,4400,Surat,M,Violet,Summer,3.1,No,Free Shipping,Yes,Yes,6,Bank Transfer,Monthly
1581,65,Male,Sneakers,Footwear,3905,Bhubaneswar,L,Cyan,Summer,3.7,No,Standard,Yes,Yes,30,Cash,Annually
1582,69,Male,Jewelry,Accessories,4235,Mysuru,L,Teal,Fall,4.2,No,Free Shipping,Yes,Yes,46,Cash,Quarterly
1583,28,Male,Belt,Accessories,2255,Raipur,L,Red,Spring,2.5,No,Next Day Air,Yes,Yes,39,Cash,Monthly
1584,37,Male,Scarf,Accessories,5060,Kolhapur,XL,Yellow,Summer,4.3,No,Next Day Air,Yes,Yes,8,GooglePay,Annually
1585,41,Male,Blouse,Clothing,5225,Raipur,S,Silver,Spring,3.1,No,Store Pickup,Yes,Yes,46,Credit Card,Quarterly
1586,37,Male,Sweater,Clothing,1375,Nellore,M,Charcoal,Fall,3,No,Next Day Air,Yes,Yes,40,Debit Card,Fortnightly
1587,25,Male,Boots,Footwear,4235,Surat,M,Purple,Fall,4,No,Express,Yes,Yes,21,Bank Transfer,Weekly
1588,41,Male,Socks,Clothing,5445,Nellore,M,Beige,Summer,3.5,No,Free Shipping,Yes,Yes,33,Credit Card,Fortnightly
1589,48,Male,Belt,Accessories,1320,Pune,L,Cyan,Winter,3.2,No,Next Day Air,Yes,Yes,3,GooglePay,Monthly
1590,42,Male,Sneakers,Footwear,3960,Mysuru,M,Silver,Summer,2.7,No,Store Pickup,Yes,Yes,48,Cash,Weekly
1591,54,Male,Jeans,Clothing,4400,Gaya,S,Pink,Winter,3,No,Free Shipping,Yes,Yes,8,PhonPe,Annually
1592,18,Male,Skirt,Clothing,5500,Ayodhya,L,Gold,Winter,2.9,No,Next Day Air,Yes,Yes,24,PhonPe,Annually
1593,56,Male,Shoes,Footwear,4565,Sultanpur,M,Cyan,Summer,3.3,No,Free Shipping,Yes,Yes,10,Bank Transfer,Every 3 Months
1594,61,Male,Dress,Clothing,5225,Kolhapur,M,Black,Spring,4.9,No,2-Day Shipping,Yes,Yes,25,Bank Transfer,Monthly
1595,40,Male,Handbag,Accessories,2255,Dhanbad,XL,Charcoal,Summer,3.7,No,Store Pickup,Yes,Yes,3,Cash,Fortnightly
1596,34,Male,Backpack,Accessories,1925,Gaya,S,Magenta,Spring,3.5,No,Standard,Yes,Yes,45,Debit Card,Fortnightly
1597,42,Male,Jewelry,Accessories,1650,Indore,S,Pink,Fall,4.7,No,Store Pickup,Yes,Yes,15,Debit Card,Monthly
1598,43,Male,Hat,Accessories,1155,Indore,XL,Maroon,Winter,2.6,No,Store Pickup,Yes,Yes,34,Bank Transfer,Quarterly
1599,47,Male,Jewelry,Accessories,4675,Vadodara,M,Teal,Fall,4.1,No,Express,Yes,Yes,21,GooglePay,Bi-Weekly
1600,48,Male,Shirt,Clothing,2970,Chennai,M,Orange,Winter,2.8,No,2-Day Shipping,Yes,Yes,22,Debit Card,Bi-Weekly
1601,20,Male,Boots,Footwear,1430,Ahmedabad,S,Yellow,Spring,4.7,No,Next Day Air,Yes,Yes,24,PhonPe,Weekly
1602,65,Male,Shirt,Clothing,3245,Vijaywada,XL,Red,Spring,2.9,No,Store Pickup,Yes,Yes,33,Credit Card,Monthly
1603,54,Male,Sunglasses,Accessories,2640,Ranchi,S,Charcoal,Winter,2.8,No,Free Shipping,Yes,Yes,13,GooglePay,Fortnightly
1604,23,Male,Shorts,Clothing,5390,Sultanpur,L,Black,Summer,4.3,No,Next Day Air,Yes,Yes,17,Debit Card,Bi-Weekly
1605,18,Male,Sweater,Clothing,5060,Mumbai,M,White,Summer,4.8,No,2-Day Shipping,Yes,Yes,25,Credit Card,Every 3 Months
1606,70,Male,Belt,Accessories,2530,Gwalior,M,Lavender,Winter,3.4,No,Next Day Air,Yes,Yes,15,Credit Card,Bi-Weekly
1607,55,Male,T-shirt,Clothing,1155,Varanasi,S,White,Spring,4.3,No,Standard,Yes,Yes,4,PhonPe,Fortnightly
1608,49,Male,Shorts,Clothing,3960,Pune,S,Gray,Fall,2.7,No,Free Shipping,Yes,Yes,43,Debit Card,Quarterly
1609,26,Male,Sandals,Footwear,3190,Nainital,XL,Cyan,Fall,4.6,No,Next Day Air,Yes,Yes,12,Bank Transfer,Bi-Weekly
1610,33,Male,Shirt,Clothing,5115,Srinagar,S,Brown,Fall,4.1,No,Standard,Yes,Yes,3,GooglePay,Monthly
1611,20,Male,Socks,Clothing,1705,Kochi,L,Purple,Spring,3.4,No,2-Day Shipping,Yes,Yes,1,PhonPe,Annually
1612,41,Male,Pants,Clothing,1430,Gurgaon,L,Yellow,Winter,4.5,No,Next Day Air,Yes,Yes,6,Debit Card,Monthly
1613,18,Male,Skirt,Clothing,3740,Gaya,M,Indigo,Summer,4.4,No,Standard,Yes,Yes,26,GooglePay,Monthly
1614,26,Male,Jewelry,Accessories,1705,Visakhapatnam,S,Black,Summer,4,No,Next Day Air,Yes,Yes,6,Credit Card,Fortnightly
1615,30,Male,T-shirt,Clothing,2255,Varanasi,S,Gray,Summer,3.4,No,Free Shipping,Yes,Yes,22,Cash,Bi-Weekly
1616,64,Male,Jewelry,Accessories,3410,Chandrapur,M,Indigo,Fall,3.2,No,Standard,Yes,Yes,45,Cash,Bi-Weekly
1617,26,Male,Hat,Accessories,2255,Dhanbad,M,Green,Spring,3.4,No,Standard,Yes,Yes,50,Cash,Quarterly
1618,43,Male,Blouse,Clothing,3520,Gaya,M,Peach,Winter,4.3,No,Standard,Yes,Yes,50,Credit Card,Fortnightly
1619,63,Male,Sandals,Footwear,3960,Michigan,L,Purple,Summer,5,No,Standard,Yes,Yes,39,Debit Card,Quarterly
1620,57,Male,Handbag,Accessories,4290,Raipur,L,Beige,Winter,3.5,No,Store Pickup,Yes,Yes,50,GooglePay,Bi-Weekly
1621,25,Male,Hat,Accessories,2585,Shimla,M,Charcoal,Winter,3.1,No,2-Day Shipping,Yes,Yes,27,PhonPe,Every 3 Months
1622,68,Male,Scarf,Accessories,2530,Mysuru,L,Gray,Summer,3.9,No,2-Day Shipping,Yes,Yes,38,Debit Card,Fortnightly
1623,31,Male,Shorts,Clothing,2365,Mussoorie,S,Brown,Winter,4,No,Store Pickup,Yes,Yes,37,Bank Transfer,Every 3 Months
1624,64,Male,Backpack,Accessories,3190,Vijaywada,M,Cyan,Summer,3.5,No,Next Day Air,Yes,Yes,50,Debit Card,Annually
1625,38,Male,Sweater,Clothing,1760,Ghaziabad,M,White,Winter,3.6,No,Free Shipping,Yes,Yes,40,PhonPe,Every 3 Months
1626,34,Male,Skirt,Clothing,2475,Prayagraj,L,Beige,Winter,3,No,Next Day Air,Yes,Yes,3,PhonPe,Bi-Weekly
1627,32,Male,Sneakers,Footwear,1925,Srinagar,L,Orange,Summer,2.6,No,Next Day Air,Yes,Yes,45,Credit Card,Bi-Weekly
1628,69,Male,Sunglasses,Accessories,1155,Mumbai,M,Olive,Winter,2.9,No,Next Day Air,Yes,Yes,8,Credit Card,Annually
1629,45,Male,Dress,Clothing,3520,Kolkata,S,Teal,Winter,3.1,No,Next Day Air,Yes,Yes,7,Cash,Monthly
1630,35,Male,Blouse,Clothing,4840,Bhubaneswar,S,Silver,Spring,3.3,No,Next Day Air,Yes,Yes,13,GooglePay,Quarterly
1631,63,Male,Shoes,Footwear,2640,Mangaluru,M,Gold,Summer,2.9,No,Store Pickup,Yes,Yes,29,GooglePay,Every 3 Months
1632,65,Male,Sweater,Clothing,1980,Vijaywada,L,Violet,Summer,3.9,No,2-Day Shipping,Yes,Yes,7,Bank Transfer,Fortnightly
1633,35,Male,Gloves,Accessories,1540,Chandigarh,S,White,Summer,4.7,No,2-Day Shipping,Yes,Yes,50,Debit Card,Every 3 Months
1634,54,Male,Socks,Clothing,4400,Bhubaneswar,M,Peach,Spring,4.4,No,2-Day Shipping,Yes,Yes,33,Debit Card,Bi-Weekly
1635,28,Male,Coat,Outerwear,1265,Nashik,S,Orange,Summer,3.6,No,Store Pickup,Yes,Yes,30,Cash,Every 3 Months
1636,68,Male,Sunglasses,Accessories,1320,Udaipur,L,Violet,Summer,3.2,No,Standard,Yes,Yes,40,Cash,Annually
1637,58,Male,Boots,Footwear,1210,Bhubaneswar,L,Green,Fall,4,No,Free Shipping,Yes,Yes,49,Cash,Fortnightly
1638,35,Male,Dress,Clothing,1155,Kolkata,M,Peach,Spring,3.5,No,Next Day Air,Yes,Yes,32,GooglePay,Fortnightly
1639,68,Male,Jacket,Outerwear,2805,Kochi,M,Black,Spring,4.6,No,Free Shipping,Yes,Yes,18,GooglePay,Weekly
1640,41,Male,Gloves,Accessories,3575,Mussoorie,L,Blue,Summer,3.3,No,Free Shipping,Yes,Yes,50,PhonPe,Annually
1641,65,Male,Scarf,Accessories,2805,Kochi,S,Magenta,Spring,4,No,2-Day Shipping,Yes,Yes,13,PhonPe,Weekly
1642,50,Male,Hoodie,Clothing,1760,Dhanbad,L,Violet,Summer,3.4,No,Free Shipping,Yes,Yes,1,Bank Transfer,Every 3 Months
1643,18,Male,Coat,Outerwear,3850,Indore,M,Beige,Spring,4.2,No,Store Pickup,Yes,Yes,16,PhonPe,Fortnightly
1644,38,Male,Scarf,Accessories,4235,Mysuru,L,Pink,Summer,3.9,No,2-Day Shipping,Yes,Yes,6,PhonPe,Monthly
1645,68,Male,Coat,Outerwear,4950,Udaipur,S,Beige,Summer,3.9,No,Next Day Air,Yes,Yes,21,Debit Card,Monthly
1646,53,Male,Scarf,Accessories,1980,Mysuru,L,Green,Summer,2.8,No,Standard,Yes,Yes,36,GooglePay,Every 3 Months
1647,58,Male,Handbag,Accessories,4235,Nainital,S,Silver,Summer,3.7,No,Standard,Yes,Yes,20,Bank Transfer,Every 3 Months
1648,34,Male,Boots,Footwear,4290,Raipur,M,Purple,Summer,4.9,No,Store Pickup,Yes,Yes,8,Debit Card,Quarterly
1649,36,Male,Pants,Clothing,3795,Surat,M,Gray,Summer,2.6,No,Express,Yes,Yes,22,Credit Card,Monthly
1650,58,Male,T-shirt,Clothing,3465,Gaya,M,White,Summer,4.9,No,Free Shipping,Yes,Yes,3,Credit Card,Quarterly
1651,60,Male,Scarf,Accessories,1980,Gurgaon,M,Silver,Winter,3.4,No,Next Day Air,Yes,Yes,46,Credit Card,Fortnightly
1652,59,Male,Coat,Outerwear,4400,Amritsar,M,Blue,Winter,3.9,No,Standard,Yes,Yes,42,Debit Card,Monthly
1653,65,Male,Sweater,Clothing,1925,Nanded,M,Orange,Summer,4,No,Next Day Air,Yes,Yes,1,Bank Transfer,Fortnightly
1654,31,Male,Belt,Accessories,5115,Dhanbad,L,Silver,Winter,3,No,2-Day Shipping,Yes,Yes,29,Debit Card,Bi-Weekly
1655,43,Male,Belt,Accessories,1375,Vijaywada,L,Gray,Spring,2.6,No,Store Pickup,Yes,Yes,14,Credit Card,Quarterly
1656,37,Male,Sweater,Clothing,4455,Coimbatore,L,Gold,Spring,3.2,No,Next Day Air,Yes,Yes,4,PhonPe,Monthly
1657,21,Male,Blouse,Clothing,2310,Vijaywada,L,Brown,Spring,2.6,No,2-Day Shipping,Yes,Yes,41,PhonPe,Every 3 Months
1658,69,Male,Skirt,Clothing,1980,Vijaywada,L,Turquoise,Spring,3.2,No,Store Pickup,Yes,Yes,4,Debit Card,Bi-Weekly
1659,32,Male,Jewelry,Accessories,3630,Rameswaram,S,Pink,Spring,4.1,No,Store Pickup,Yes,Yes,47,Cash,Weekly
1660,53,Male,Gloves,Accessories,2035,Jalandhar,M,Black,Fall,3.9,No,Next Day Air,Yes,Yes,44,GooglePay,Annually
1661,59,Male,T-shirt,Clothing,2475,Lucknow,L,Yellow,Winter,4.1,No,Standard,Yes,Yes,37,GooglePay,Monthly
1662,64,Male,Gloves,Accessories,4730,Sultanpur,S,Beige,Summer,2.7,No,2-Day Shipping,Yes,Yes,21,Debit Card,Quarterly
1663,63,Male,Sunglasses,Accessories,1320,Nanded,M,Olive,Winter,4.6,No,Free Shipping,Yes,Yes,46,Debit Card,Fortnightly
1664,43,Male,Shirt,Clothing,1210,Mumbai,XL,Gold,Summer,3.5,No,Standard,Yes,Yes,1,Cash,Bi-Weekly
1665,19,Male,Handbag,Accessories,2915,Prayagraj,M,Purple,Spring,5,No,Next Day Air,Yes,Yes,35,PhonPe,Weekly
1666,40,Male,Jacket,Outerwear,2255,Nanded,L,Pink,Fall,3.4,No,Next Day Air,Yes,Yes,49,GooglePay,Monthly
1667,51,Male,Skirt,Clothing,3520,Gurgaon,M,Blue,Summer,3.1,No,Store Pickup,Yes,Yes,47,PhonPe,Annually
1668,51,Male,Handbag,Accessories,2200,Surat,L,Brown,Winter,3.4,No,2-Day Shipping,Yes,Yes,24,Bank Transfer,Every 3 Months
1669,66,Male,Blouse,Clothing,1815,Jalandhar,L,Charcoal,Summer,4,No,Standard,Yes,Yes,28,Debit Card,Fortnightly
1670,42,Male,T-shirt,Clothing,3245,Gaya,L,Maroon,Winter,2.7,No,Store Pickup,Yes,Yes,22,Bank Transfer,Quarterly
1671,22,Male,Pants,Clothing,4015,Jalandhar,L,Cyan,Fall,3.6,No,Free Shipping,Yes,Yes,20,Cash,Weekly
1672,31,Male,Hoodie,Clothing,1210,Jalandhar,M,Olive,Winter,4,No,Free Shipping,Yes,Yes,25,Bank Transfer,Weekly
1673,18,Male,Boots,Footwear,4015,Nashik,L,Gold,Fall,3.8,No,Free Shipping,Yes,Yes,15,GooglePay,Quarterly
1674,21,Male,Blouse,Clothing,3410,Raipur,M,Violet,Fall,3.4,No,Next Day Air,Yes,Yes,49,GooglePay,Bi-Weekly
1675,35,Male,Coat,Outerwear,3080,Rameswaram,M,Peach,Winter,3.2,No,Free Shipping,Yes,Yes,10,Debit Card,Fortnightly
1676,35,Male,Pants,Clothing,4950,Dhanbad,M,Beige,Spring,4.7,No,Next Day Air,Yes,Yes,21,Credit Card,Annually
1677,27,Male,Sunglasses,Accessories,2420,Ranchi,M,Cyan,Winter,3.1,No,Next Day Air,Yes,Yes,34,Bank Transfer,Weekly
1678,65,Male,Jeans,Clothing,1925,Chandigarh,L,Silver,Summer,3.3,No,Next Day Air,No,No,41,Debit Card,Weekly
1679,41,Male,Pants,Clothing,3905,Mysuru,S,Magenta,Summer,4.8,No,2-Day Shipping,No,No,30,GooglePay,Fortnightly
1680,60,Male,Dress,Clothing,2860,Kolkata,S,Black,Fall,4.5,No,Next Day Air,No,No,24,Debit Card,Bi-Weekly
1681,61,Male,Shoes,Footwear,2035,Lucknow,M,Olive,Summer,3.4,No,Store Pickup,No,No,6,Credit Card,Annually
1682,24,Male,Sneakers,Footwear,5225,Shimla,L,Green,Winter,3.7,No,2-Day Shipping,No,No,14,Credit Card,Bi-Weekly
1683,65,Male,Socks,Clothing,5335,Chandrapur,M,Yellow,Fall,4.9,No,2-Day Shipping,No,No,37,Credit Card,Bi-Weekly
1684,23,Male,Coat,Outerwear,3135,Gurgaon,S,Lavender,Spring,3.5,No,Next Day Air,No,No,37,GooglePay,Quarterly
1685,30,Male,Shirt,Clothing,5115,Nanded,M,Indigo,Spring,4.6,No,Standard,No,No,28,PhonPe,Weekly
1686,33,Male,Blouse,Clothing,2640,Prayagraj,M,Pink,Winter,4.6,No,Standard,No,No,43,PhonPe,Bi-Weekly
1687,22,Male,Gloves,Accessories,4125,Visakhapatnam,L,Red,Fall,4.2,No,Store Pickup,No,No,25,Cash,Annually
1688,67,Male,Skirt,Clothing,3850,Bareily,S,Magenta,Winter,3.7,No,Free Shipping,No,No,4,PhonPe,Annually
1689,28,Male,Handbag,Accessories,1430,Indore,S,Peach,Winter,3,No,Next Day Air,No,No,13,GooglePay,Fortnightly
1690,32,Male,Shirt,Clothing,4015,Udaipur,L,Turquoise,Winter,4.6,No,Store Pickup,No,No,32,Bank Transfer,Monthly
1691,40,Male,Coat,Outerwear,1650,Srinagar,M,Black,Summer,3.2,No,Free Shipping,No,No,1,Cash,Annually
1692,64,Male,Shoes,Footwear,3355,Gwalior,L,Blue,Summer,3.5,No,Next Day Air,No,No,4,Cash,Annually
1693,56,Male,Handbag,Accessories,4125,Jalandhar,M,Beige,Winter,2.6,No,Standard,No,No,33,Cash,Bi-Weekly
1694,63,Male,Jacket,Outerwear,4840,Kochi,XL,Olive,Fall,4.9,No,Standard,No,No,45,Bank Transfer,Fortnightly
1695,20,Male,Shirt,Clothing,3685,Indore,M,Turquoise,Summer,2.7,No,Express,No,No,20,Debit Card,Fortnightly
1696,54,Male,Hat,Accessories,5225,Nainital,S,Yellow,Fall,4.7,No,2-Day Shipping,No,No,1,PhonPe,Fortnightly
1697,31,Male,Sunglasses,Accessories,3795,Ranchi,S,Turquoise,Spring,4,No,Free Shipping,No,No,7,Credit Card,Bi-Weekly
1698,36,Male,Shirt,Clothing,4785,Nashik,L,Lavender,Fall,3.5,No,Next Day Air,No,No,48,Credit Card,Every 3 Months
1699,25,Male,Belt,Accessories,2255,Sultanpur,XL,Turquoise,Winter,4.8,No,Standard,No,No,46,Bank Transfer,Quarterly
1700,20,Male,Sweater,Clothing,3685,Bhubaneswar,L,Teal,Spring,4,No,Free Shipping,No,No,34,Debit Card,Annually
1701,62,Male,Hoodie,Clothing,3850,Ranchi,L,Black,Fall,4.1,No,Express,No,No,36,Bank Transfer,Monthly
1702,69,Male,Handbag,Accessories,2255,Indore,XL,Blue,Winter,3.8,No,Next Day Air,No,No,44,Debit Card,Every 3 Months
1703,54,Male,Jeans,Clothing,4565,Nellore,XL,Yellow,Summer,5,No,Express,No,No,48,Bank Transfer,Weekly
1704,39,Male,Backpack,Accessories,1210,Vadodara,M,Black,Spring,4,No,Next Day Air,No,No,12,Bank Transfer,Annually
1705,56,Male,Sneakers,Footwear,1100,Ujjain,M,Lavender,Summer,3.9,No,Store Pickup,No,No,19,Cash,Every 3 Months
1706,39,Male,Jewelry,Accessories,1595,Ayodhya,L,Cyan,Summer,3.4,No,2-Day Shipping,No,No,49,GooglePay,Bi-Weekly
1707,37,Male,Sunglasses,Accessories,4785,Bhubaneswar,M,Brown,Spring,3,No,Standard,No,No,25,GooglePay,Fortnightly
1708,25,Male,Shorts,Clothing,4455,Srinagar,L,Maroon,Fall,4.9,No,2-Day Shipping,No,No,25,Cash,Bi-Weekly
1709,35,Male,Boots,Footwear,3190,Ghaziabad,L,Cyan,Spring,3.2,No,Express,No,No,1,Credit Card,Quarterly
1710,45,Male,Skirt,Clothing,4565,Vijaywada,M,Pink,Winter,3.8,No,Standard,No,No,19,Bank Transfer,Annually
1711,19,Male,Pants,Clothing,3245,Gurgaon,XL,Orange,Fall,3.8,No,Store Pickup,No,No,7,Credit Card,Quarterly
1712,21,Male,T-shirt,Clothing,5115,Udaipur,M,Lavender,Spring,4.7,No,Express,No,No,19,Credit Card,Monthly
1713,65,Male,T-shirt,Clothing,4785,Visakhapatnam,S,Beige,Fall,3.8,No,2-Day Shipping,No,No,9,Cash,Fortnightly
1714,49,Male,Jacket,Outerwear,1210,Mussoorie,M,Pink,Winter,4.6,No,Free Shipping,No,No,37,PhonPe,Quarterly
1715,30,Male,Jeans,Clothing,3905,Ayodhya,S,Charcoal,Summer,4.4,No,Standard,No,No,15,Cash,Monthly
1716,23,Male,Dress,Clothing,3795,Ujjain,XL,Gray,Spring,3.4,No,2-Day Shipping,No,No,30,PhonPe,Bi-Weekly
1717,69,Male,Blouse,Clothing,2585,Gwalior,M,Cyan,Winter,4.7,No,Standard,No,No,30,Cash,Every 3 Months
1718,29,Male,Hoodie,Clothing,2750,Raipur,L,Orange,Summer,2.9,No,Express,No,No,16,Debit Card,Bi-Weekly
1719,54,Male,T-shirt,Clothing,5280,Kolhapur,L,Pink,Winter,3.4,No,2-Day Shipping,No,No,14,PhonPe,Every 3 Months
1720,45,Male,Sweater,Clothing,2145,Kolhapur,M,White,Winter,3.2,No,Free Shipping,No,No,8,GooglePay,Quarterly
1721,25,Male,Shorts,Clothing,4620,Kolkata,S,Beige,Winter,2.8,No,Express,No,No,40,Debit Card,Bi-Weekly
1722,34,Male,Jewelry,Accessories,1540,Chennai,S,Magenta,Spring,4.3,No,Free Shipping,No,No,24,Credit Card,Monthly
1723,46,Male,T-shirt,Clothing,2805,Kolkata,L,Violet,Summer,3.3,No,Standard,No,No,14,Cash,Fortnightly
1724,70,Male,Scarf,Accessories,1100,Chandrapur,XL,Gold,Spring,3.3,No,Standard,No,No,39,PhonPe,Annually
1725,42,Male,Shoes,Footwear,3960,Chennai,S,Teal,Winter,3.3,No,Free Shipping,No,No,21,PhonPe,Weekly
1726,45,Male,Sunglasses,Accessories,1815,Kolkata,M,Indigo,Spring,3,No,Next Day Air,No,No,32,GooglePay,Quarterly
1727,57,Male,Coat,Outerwear,1540,Vijaywada,S,Olive,Summer,2.8,No,Express,No,No,45,Debit Card,Weekly
1728,49,Male,Blouse,Clothing,2915,Shimla,S,Violet,Spring,4,No,Express,No,No,19,PhonPe,Monthly
1729,23,Male,Jeans,Clothing,2640,Nagpur,L,Black,Fall,4.3,No,Express,No,No,1,Debit Card,Every 3 Months
1730,47,Male,Shorts,Clothing,1155,Visakhapatnam,M,Brown,Winter,3.8,No,Store Pickup,No,No,12,GooglePay,Fortnightly
1731,23,Male,Shirt,Clothing,1210,Nellore,S,Silver,Fall,4.2,No,Free Shipping,No,No,26,Credit Card,Weekly
1732,21,Male,Backpack,Accessories,4785,Ujjain,M,Gray,Fall,3.1,No,Next Day Air,No,No,12,Cash,Monthly
1733,45,Male,Belt,Accessories,2750,Bangalore,S,Charcoal,Winter,2.6,No,Free Shipping,No,No,36,Cash,Every 3 Months
1734,67,Male,Blouse,Clothing,4675,Chandrapur,L,Black,Summer,3.4,No,Express,No,No,22,Credit Card,Annually
1735,31,Male,Jeans,Clothing,5390,Mussoorie,L,Brown,Spring,3.1,No,Next Day Air,No,No,16,PhonPe,Quarterly
1736,58,Male,Dress,Clothing,1870,Amritsar,M,Purple,Winter,3.6,No,Express,No,No,31,GooglePay,Annually
1737,57,Male,Shorts,Clothing,3355,Kochi,M,Purple,Summer,2.6,No,2-Day Shipping,No,No,43,Cash,Quarterly
1738,42,Male,Jewelry,Accessories,5390,Mysuru,L,Gray,Summer,4.2,No,Store Pickup,No,No,50,GooglePay,Bi-Weekly
1739,60,Male,Handbag,Accessories,3355,Kochi,M,Green,Spring,2.9,No,2-Day Shipping,No,No,37,Credit Card,Weekly
1740,21,Male,Jewelry,Accessories,5390,Prayagraj,L,Silver,Winter,4.2,No,Express,No,No,23,Cash,Weekly
1741,69,Male,Pants,Clothing,1155,Gaya,L,Charcoal,Fall,3.3,No,Next Day Air,No,No,10,Bank Transfer,Every 3 Months
1742,41,Male,Pants,Clothing,2805,Chennai,XL,Teal,Winter,3.6,No,Next Day Air,No,No,20,Bank Transfer,Monthly
1743,51,Male,Sandals,Footwear,4400,Varanasi,XL,White,Spring,4.3,No,Express,No,No,18,GooglePay,Every 3 Months
1744,23,Male,Skirt,Clothing,3960,Mussoorie,XL,Brown,Winter,3.3,No,Standard,No,No,3,Bank Transfer,Weekly
1745,57,Male,Sunglasses,Accessories,3465,Michigan,L,Teal,Winter,3,No,Standard,No,No,23,PhonPe,Weekly
1746,40,Male,Skirt,Clothing,1485,Ranchi,L,Red,Winter,3.6,No,Store Pickup,No,No,27,Cash,Weekly
1747,65,Male,Handbag,Accessories,2420,Nellore,L,Brown,Summer,3.1,No,Store Pickup,No,No,44,Bank Transfer,Fortnightly
1748,61,Male,Coat,Outerwear,1265,Hyderabad,M,Yellow,Winter,2.9,No,Express,No,No,41,GooglePay,Quarterly
1749,34,Male,Skirt,Clothing,5115,Ahmedabad,L,Teal,Winter,3.9,No,2-Day Shipping,No,No,41,Bank Transfer,Annually
1750,43,Male,Hoodie,Clothing,3850,Nagpur,L,Pink,Fall,3.2,No,2-Day Shipping,No,No,36,Debit Card,Every 3 Months
1751,31,Male,Sunglasses,Accessories,4675,Mussoorie,M,White,Fall,3.1,No,Express,No,No,38,GooglePay,Every 3 Months
1752,57,Male,Sweater,Clothing,2200,Mysuru,M,Silver,Winter,3.2,No,2-Day Shipping,No,No,34,Cash,Annually
1753,34,Male,Boots,Footwear,1595,Ayodhya,L,Blue,Winter,3.3,No,Store Pickup,No,No,14,GooglePay,Quarterly
1754,25,Male,Skirt,Clothing,1485,Dhanbad,L,Black,Fall,4.8,No,Next Day Air,No,No,23,Credit Card,Fortnightly
1755,66,Male,Dress,Clothing,5115,Kolkata,S,Beige,Fall,3.8,No,2-Day Shipping,No,No,18,Credit Card,Fortnightly
1756,56,Male,Belt,Accessories,1100,Chennai,XL,Charcoal,Spring,4.6,No,Next Day Air,No,No,45,Cash,Monthly
1757,49,Male,Jewelry,Accessories,3025,Hyderabad,S,Cyan,Fall,2.8,No,Free Shipping,No,No,14,Bank Transfer,Weekly
1758,19,Male,Dress,Clothing,5170,Michigan,L,Yellow,Fall,3.6,No,Standard,No,No,48,Debit Card,Annually
1759,27,Male,Hat,Accessories,3080,Kota,M,Silver,Winter,4.3,No,Free Shipping,No,No,17,GooglePay,Bi-Weekly
1760,68,Male,Sweater,Clothing,3190,Lucknow,L,Green,Spring,4,No,Next Day Air,No,No,1,PhonPe,Weekly
1761,20,Male,Skirt,Clothing,2420,Prayagraj,XL,Peach,Spring,3.5,No,Standard,No,No,39,PhonPe,Weekly
1762,21,Male,Hoodie,Clothing,5225,Raipur,S,Green,Fall,4.9,No,2-Day Shipping,No,No,24,Cash,Weekly
1763,36,Male,Sandals,Footwear,2310,Ujjain,M,Brown,Summer,3.1,No,Express,No,No,41,Bank Transfer,Fortnightly
1764,37,Male,Jewelry,Accessories,5115,Pune,M,Lavender,Winter,3.9,No,Store Pickup,No,No,28,PhonPe,Annually
1765,61,Male,Dress,Clothing,3080,Chennai,M,Charcoal,Summer,3,No,Store Pickup,No,No,34,GooglePay,Quarterly
1766,68,Male,Hoodie,Clothing,4840,Nanded,M,Orange,Spring,4.1,No,2-Day Shipping,No,No,41,GooglePay,Quarterly
1767,60,Male,Sweater,Clothing,2970,Rameswaram,S,Cyan,Winter,4.3,No,2-Day Shipping,No,No,27,Cash,Bi-Weekly
1768,69,Male,Jewelry,Accessories,4895,Prayagraj,L,Lavender,Fall,3.8,No,2-Day Shipping,No,No,46,Debit Card,Fortnightly
1769,25,Male,Sandals,Footwear,2475,Nainital,M,Indigo,Summer,3.9,No,2-Day Shipping,No,No,2,PhonPe,Every 3 Months
1770,32,Male,Socks,Clothing,4125,Rameswaram,L,Brown,Winter,4.3,No,Free Shipping,No,No,45,Cash,Monthly
1771,53,Male,Backpack,Accessories,1210,Michigan,M,Pink,Fall,4.3,No,Express,No,No,34,Bank Transfer,Weekly
1772,46,Male,Shirt,Clothing,4510,Vijaywada,XL,Turquoise,Fall,4.7,No,Store Pickup,No,No,9,Credit Card,Annually
1773,58,Male,Shoes,Footwear,1870,Raipur,M,Gold,Summer,3.1,No,2-Day Shipping,No,No,1,Bank Transfer,Annually
1774,21,Male,Coat,Outerwear,5060,Ranchi,M,Blue,Summer,2.7,No,Free Shipping,No,No,17,PhonPe,Annually
1775,46,Male,Sweater,Clothing,4290,Chandrapur,M,Lavender,Spring,3.7,No,Express,No,No,6,PhonPe,Weekly
1776,18,Male,Jacket,Outerwear,2585,Sultanpur,M,Violet,Spring,3.3,No,2-Day Shipping,No,No,12,Cash,Bi-Weekly
1777,56,Male,Jacket,Outerwear,3520,Coimbatore,L,Cyan,Summer,3.4,No,Free Shipping,No,No,10,GooglePay,Every 3 Months
1778,18,Male,Sneakers,Footwear,2420,Prayagraj,L,Purple,Winter,4.7,No,Free Shipping,No,No,4,Cash,Fortnightly
1779,49,Male,Belt,Accessories,5170,Amritsar,M,Red,Winter,4.9,No,Store Pickup,No,No,8,Debit Card,Bi-Weekly
1780,29,Male,Scarf,Accessories,3410,Shimla,M,Charcoal,Winter,4.3,No,Free Shipping,No,No,41,GooglePay,Weekly
1781,67,Male,Jewelry,Accessories,4455,Bhubaneswar,S,Gray,Summer,4.2,No,Next Day Air,No,No,49,Credit Card,Weekly
1782,31,Male,T-shirt,Clothing,1815,Sultanpur,M,Pink,Fall,3.7,No,Express,No,No,49,Bank Transfer,Quarterly
1783,52,Male,Pants,Clothing,4840,Jalandhar,M,Lavender,Fall,2.7,No,Next Day Air,No,No,40,Bank Transfer,Fortnightly
1784,42,Male,Handbag,Accessories,2695,Mysuru,L,Lavender,Winter,3.3,No,Free Shipping,No,No,30,Credit Card,Monthly
1785,32,Male,Backpack,Accessories,1705,Lucknow,L,Yellow,Summer,4.8,No,Standard,No,No,4,Debit Card,Quarterly
1786,47,Male,Gloves,Accessories,1595,Sultanpur,S,Peach,Fall,4.1,No,Next Day Air,No,No,22,GooglePay,Monthly
1787,45,Male,Jacket,Outerwear,1870,Kolhapur,M,Brown,Spring,4.6,No,2-Day Shipping,No,No,22,GooglePay,Monthly
1788,20,Male,Sweater,Clothing,2090,Ahmedabad,L,Gold,Fall,4.9,No,2-Day Shipping,No,No,10,Bank Transfer,Quarterly
1789,66,Male,Blouse,Clothing,2255,Visakhapatnam,L,Pink,Summer,3.1,No,Store Pickup,No,No,23,Cash,Bi-Weekly
1790,52,Male,Blouse,Clothing,1870,Coimbatore,L,Peach,Spring,3,No,2-Day Shipping,No,No,43,Debit Card,Quarterly
1791,50,Male,Gloves,Accessories,1430,Udaipur,S,Violet,Summer,3.7,No,Store Pickup,No,No,31,PhonPe,Bi-Weekly
1792,62,Male,Jeans,Clothing,5390,Ahmedabad,S,Purple,Winter,4,No,Store Pickup,No,No,38,Cash,Annually
1793,38,Male,Sneakers,Footwear,3245,Sultanpur,M,Peach,Fall,3,No,Express,No,No,22,Debit Card,Every 3 Months
1794,65,Male,Hat,Accessories,5060,Sultanpur,S,White,Fall,3.8,No,Store Pickup,No,No,45,Cash,Every 3 Months
1795,60,Male,Backpack,Accessories,2200,Mysuru,L,Indigo,Spring,3.7,No,Express,No,No,21,Debit Card,Fortnightly
1796,68,Male,Jeans,Clothing,1100,Gaya,S,Violet,Fall,4,No,2-Day Shipping,No,No,9,Debit Card,Fortnightly
1797,62,Male,Skirt,Clothing,1925,Nashik,S,Brown,Spring,3.1,No,Store Pickup,No,No,34,GooglePay,Weekly
1798,62,Male,Belt,Accessories,1925,Chandigarh,L,Maroon,Spring,3.9,No,2-Day Shipping,No,No,26,GooglePay,Weekly
1799,40,Male,Dress,Clothing,4510,Bhubaneswar,L,Magenta,Winter,3.7,No,Express,No,No,1,Cash,Weekly
1800,32,Male,Hoodie,Clothing,2640,Vadodara,M,Charcoal,Fall,3.9,No,Express,No,No,47,GooglePay,Weekly
1801,22,Male,Coat,Outerwear,3190,Indore,XL,Indigo,Winter,2.7,No,Express,No,No,30,Credit Card,Weekly
1802,33,Male,Sweater,Clothing,3135,Mangaluru,M,Turquoise,Spring,3.9,No,Express,No,No,48,Debit Card,Fortnightly
1803,57,Male,Shorts,Clothing,5280,Bangalore,L,Turquoise,Winter,2.6,No,Store Pickup,No,No,31,GooglePay,Bi-Weekly
1804,60,Male,Sneakers,Footwear,5335,Hyderabad,S,Gray,Summer,3.5,No,Free Shipping,No,No,33,GooglePay,Fortnightly
1805,30,Male,Sweater,Clothing,2310,Lucknow,L,Peach,Winter,4.4,No,Next Day Air,No,No,39,Credit Card,Weekly
1806,41,Male,T-shirt,Clothing,3410,Coimbatore,L,Gold,Spring,4.9,No,Store Pickup,No,No,46,Debit Card,Weekly
1807,58,Male,Handbag,Accessories,3685,Bangalore,M,Green,Fall,3.9,No,Standard,No,No,24,GooglePay,Annually
1808,34,Male,Sneakers,Footwear,2530,Pune,L,Gold,Summer,3.5,No,Standard,No,No,37,GooglePay,Fortnightly
1809,67,Male,Jacket,Outerwear,3905,Kochi,M,Lavender,Spring,4.3,No,Next Day Air,No,No,7,Debit Card,Monthly
1810,58,Male,Backpack,Accessories,5445,Rameswaram,S,Blue,Fall,3.4,No,Free Shipping,No,No,6,Debit Card,Fortnightly
1811,41,Male,Jeans,Clothing,1540,Kolhapur,M,Magenta,Fall,2.7,No,Standard,No,No,16,Cash,Bi-Weekly
1812,42,Male,Belt,Accessories,4235,Gaya,L,Blue,Summer,3.6,No,Standard,No,No,33,Bank Transfer,Annually
1813,50,Male,Boots,Footwear,3465,Srinagar,S,Blue,Summer,4.9,No,Express,No,No,18,PhonPe,Bi-Weekly
1814,40,Male,Shorts,Clothing,3410,Visakhapatnam,M,Olive,Spring,3.5,No,Free Shipping,No,No,24,PhonPe,Weekly
1815,32,Male,Jeans,Clothing,5060,Ahmedabad,M,White,Summer,3.8,No,Free Shipping,No,No,24,Cash,Quarterly
1816,51,Male,Shoes,Footwear,3960,Nanded,L,White,Winter,4.5,No,2-Day Shipping,No,No,48,Credit Card,Every 3 Months
1817,26,Male,Hat,Accessories,4345,Shimla,M,Purple,Summer,4,No,Express,No,No,4,Cash,Weekly
1818,32,Male,T-shirt,Clothing,1485,Chennai,M,White,Summer,4.7,No,Free Shipping,No,No,20,Cash,Weekly
1819,58,Male,Sunglasses,Accessories,2145,Udaipur,M,White,Fall,3.8,No,Express,No,No,47,Debit Card,Every 3 Months
1820,51,Male,Socks,Clothing,4730,Srinagar,S,Peach,Spring,4.5,No,Next Day Air,No,No,50,Cash,Quarterly
1821,19,Male,Shirt,Clothing,5170,Patna,XL,Gold,Fall,5,No,Express,No,No,31,PhonPe,Monthly
1822,57,Male,Shorts,Clothing,2915,Mumbai,M,Teal,Spring,2.8,No,Express,No,No,29,PhonPe,Quarterly
1823,66,Male,Shirt,Clothing,4675,Gwalior,S,Cyan,Summer,4.4,No,Standard,No,No,4,Cash,Annually
1824,62,Male,Socks,Clothing,2750,Lucknow,L,Pink,Fall,4.7,No,Free Shipping,No,No,40,Bank Transfer,Bi-Weekly
1825,58,Male,Pants,Clothing,2585,Visakhapatnam,XL,Magenta,Winter,3.8,No,Express,No,No,31,Cash,Monthly
1826,23,Male,Boots,Footwear,4125,Ayodhya,M,Pink,Winter,4.9,No,Next Day Air,No,No,41,Credit Card,Weekly
1827,45,Male,T-shirt,Clothing,3300,Vijaywada,M,Turquoise,Winter,4.2,No,Express,No,No,44,Debit Card,Annually
1828,20,Male,T-shirt,Clothing,1980,Pune,S,Pink,Spring,4.9,No,2-Day Shipping,No,No,31,Bank Transfer,Weekly
1829,33,Male,Coat,Outerwear,4400,Hyderabad,L,Gray,Spring,3.9,No,Express,No,No,45,Cash,Every 3 Months
1830,30,Male,Hat,Accessories,5280,Chandigarh,M,White,Spring,4.9,No,2-Day Shipping,No,No,50,Credit Card,Quarterly
1831,50,Male,Sunglasses,Accessories,4400,Varanasi,M,Blue,Winter,4.8,No,Express,No,No,7,GooglePay,Annually
1832,62,Male,Blouse,Clothing,3905,Mumbai,M,Cyan,Summer,3.3,No,Free Shipping,No,No,5,Bank Transfer,Every 3 Months
1833,69,Male,Jewelry,Accessories,1595,Lucknow,M,Blue,Fall,4.6,No,Free Shipping,No,No,48,Cash,Monthly
1834,34,Male,Jewelry,Accessories,2915,Lucknow,M,Yellow,Spring,4.5,No,2-Day Shipping,No,No,19,PhonPe,Fortnightly
1835,49,Male,Skirt,Clothing,1925,Vijaywada,M,Charcoal,Summer,4.1,No,2-Day Shipping,No,No,39,GooglePay,Fortnightly
1836,65,Male,Scarf,Accessories,4125,Delhi,M,Lavender,Fall,3.2,No,2-Day Shipping,No,No,45,Credit Card,Quarterly
1837,66,Male,Pants,Clothing,2860,Nashik,M,Teal,Fall,4.2,No,2-Day Shipping,No,No,35,Credit Card,Monthly
1838,41,Male,Hat,Accessories,4235,Ahmedabad,M,Beige,Winter,4.8,No,Free Shipping,No,No,8,GooglePay,Monthly
1839,37,Male,Gloves,Accessories,1320,Pune,L,Blue,Fall,4.1,No,Next Day Air,No,No,11,Credit Card,Quarterly
1840,32,Male,Shirt,Clothing,4290,Indore,XL,Purple,Winter,3.7,No,Store Pickup,No,No,32,Cash,Annually
1841,42,Male,Sandals,Footwear,5390,Nagpur,M,Gold,Winter,2.6,No,Store Pickup,No,No,46,Bank Transfer,Every 3 Months
1842,31,Male,Socks,Clothing,3135,Pune,L,Blue,Winter,3,No,Standard,No,No,7,PhonPe,Every 3 Months
1843,61,Male,Handbag,Accessories,4290,Nellore,M,Black,Summer,4.4,No,Express,No,No,1,Debit Card,Annually
1844,36,Male,Jacket,Outerwear,4180,Delhi,M,Charcoal,Fall,4.7,No,Next Day Air,No,No,32,Credit Card,Monthly
1845,60,Male,Shorts,Clothing,1430,Ayodhya,M,Purple,Spring,2.7,No,2-Day Shipping,No,No,31,Credit Card,Annually
1846,51,Male,Sandals,Footwear,4290,Chennai,M,Orange,Winter,2.8,No,2-Day Shipping,No,No,39,Bank Transfer,Quarterly
1847,68,Male,Scarf,Accessories,2915,Gaya,M,Yellow,Summer,2.9,No,Standard,No,No,9,GooglePay,Quarterly
1848,46,Male,Sandals,Footwear,5500,Coimbatore,XL,Cyan,Summer,4.4,No,Free Shipping,No,No,49,Credit Card,Weekly
1849,19,Male,Jeans,Clothing,4015,Mumbai,XL,Yellow,Winter,2.7,No,Express,No,No,34,Cash,Every 3 Months
1850,30,Male,Skirt,Clothing,2200,Nanded,M,Maroon,Winter,4.5,No,Store Pickup,No,No,35,Bank Transfer,Monthly
1851,51,Male,Gloves,Accessories,4180,Nagpur,S,Black,Winter,2.8,No,Store Pickup,No,No,50,Debit Card,Weekly
1852,28,Male,Skirt,Clothing,4400,Chennai,S,Lavender,Fall,3.1,No,Free Shipping,No,No,4,Bank Transfer,Fortnightly
1853,41,Male,Sweater,Clothing,4400,Kota,XL,Violet,Winter,3.8,No,Store Pickup,No,No,32,Cash,Weekly
1854,29,Male,Blouse,Clothing,3685,Bhubaneswar,XL,Olive,Spring,2.9,No,Express,No,No,11,PhonPe,Fortnightly
1855,25,Male,Sweater,Clothing,3355,Delhi,M,Teal,Spring,3.8,No,Express,No,No,49,Credit Card,Annually
1856,60,Male,Shirt,Clothing,4180,Bangalore,XL,Teal,Spring,4.7,No,Standard,No,No,9,Cash,Annually
1857,63,Male,Jewelry,Accessories,3025,Coimbatore,XL,Beige,Summer,3.2,No,Free Shipping,No,No,30,PhonPe,Bi-Weekly
1858,51,Male,T-shirt,Clothing,4675,Dhanbad,L,Maroon,Summer,4,No,Next Day Air,No,No,33,Cash,Monthly
1859,22,Male,Scarf,Accessories,3795,Mumbai,S,Peach,Spring,4.9,No,2-Day Shipping,No,No,8,Debit Card,Annually
1860,54,Male,Belt,Accessories,1430,Mangaluru,L,Beige,Summer,3.7,No,Store Pickup,No,No,29,Debit Card,Fortnightly
1861,18,Male,T-shirt,Clothing,3520,Varanasi,M,Silver,Summer,4.8,No,Next Day Air,No,No,4,Credit Card,Monthly
1862,29,Male,Sneakers,Footwear,3300,Ayodhya,S,Peach,Fall,3.6,No,Standard,No,No,19,Debit Card,Monthly
1863,59,Male,Gloves,Accessories,1980,Hyderabad,M,Turquoise,Winter,4.6,No,Express,No,No,10,PhonPe,Fortnightly
1864,25,Male,Sandals,Footwear,1155,Gwalior,L,Orange,Spring,4.3,No,2-Day Shipping,No,No,39,Debit Card,Monthly
1865,19,Male,Backpack,Accessories,3960,Nagpur,S,Cyan,Fall,3.2,No,2-Day Shipping,No,No,21,GooglePay,Quarterly
1866,56,Male,Pants,Clothing,3410,Mussoorie,S,Silver,Summer,3.8,No,Store Pickup,No,No,12,Bank Transfer,Monthly
1867,31,Male,T-shirt,Clothing,2420,Rameswaram,XL,Gold,Winter,4.2,No,Standard,No,No,9,Credit Card,Fortnightly
1868,45,Male,Skirt,Clothing,2860,Chennai,M,Brown,Fall,3.4,No,2-Day Shipping,No,No,20,GooglePay,Quarterly
1869,23,Male,Gloves,Accessories,3190,Vijaywada,M,Silver,Spring,4.7,No,Next Day Air,No,No,44,Cash,Fortnightly
1870,18,Male,Blouse,Clothing,4235,Ranchi,S,Beige,Spring,3.9,No,2-Day Shipping,No,No,16,Debit Card,Every 3 Months
1871,43,Male,Blouse,Clothing,5445,Nagpur,L,Violet,Spring,4.3,No,Store Pickup,No,No,27,Debit Card,Fortnightly
1872,56,Male,Jeans,Clothing,5280,Visakhapatnam,XL,Violet,Fall,2.7,No,Standard,No,No,14,Cash,Every 3 Months
1873,43,Male,T-shirt,Clothing,3520,Rameswaram,M,Lavender,Summer,4.6,No,Standard,No,No,24,Credit Card,Monthly
1874,64,Male,Sweater,Clothing,2420,Gaya,XL,Red,Fall,2.9,No,Express,No,No,49,Bank Transfer,Weekly
1875,67,Male,Pants,Clothing,1815,Vijaywada,L,Purple,Fall,3.6,No,Free Shipping,No,No,14,Cash,Weekly
1876,63,Male,Boots,Footwear,3905,Kochi,M,Brown,Winter,3.9,No,Next Day Air,No,No,6,Credit Card,Quarterly
1877,54,Male,Skirt,Clothing,1980,Visakhapatnam,M,Gray,Fall,2.6,No,Standard,No,No,20,GooglePay,Quarterly
1878,69,Male,Gloves,Accessories,3410,Kota,L,Pink,Fall,3.6,No,Express,No,No,3,Credit Card,Annually
1879,34,Male,Socks,Clothing,1595,Surat,L,Magenta,Summer,3.4,No,Store Pickup,No,No,5,Credit Card,Monthly
1880,56,Male,T-shirt,Clothing,1815,Kochi,L,Charcoal,Spring,3.5,No,Express,No,No,46,Cash,Bi-Weekly
1881,34,Male,Blouse,Clothing,1815,Mangaluru,L,Yellow,Fall,3.1,No,2-Day Shipping,No,No,8,Debit Card,Monthly
1882,58,Male,Blouse,Clothing,2255,Mangaluru,M,Red,Winter,4.3,No,Standard,No,No,13,Cash,Bi-Weekly
1883,44,Male,Scarf,Accessories,2970,Kochi,L,Blue,Winter,5,No,Store Pickup,No,No,25,Bank Transfer,Quarterly
1884,25,Male,Backpack,Accessories,3190,Bareily,M,Cyan,Spring,4.9,No,Store Pickup,No,No,39,Debit Card,Fortnightly
1885,27,Male,Shorts,Clothing,1650,Coimbatore,S,Pink,Summer,4.3,No,Next Day Air,No,No,15,Bank Transfer,Bi-Weekly
1886,26,Male,Jewelry,Accessories,2915,Srinagar,S,Maroon,Winter,4.4,No,Standard,No,No,35,Cash,Monthly
1887,18,Male,Gloves,Accessories,5005,Gurgaon,L,Beige,Spring,4.4,No,Next Day Air,No,No,46,Cash,Bi-Weekly
1888,64,Male,Hoodie,Clothing,2420,Bhubaneswar,XL,Gold,Fall,3.5,No,Express,No,No,3,PhonPe,Monthly
1889,62,Male,Hoodie,Clothing,4895,Ayodhya,XL,Turquoise,Winter,3.4,No,Free Shipping,No,No,48,Credit Card,Weekly
1890,59,Male,Skirt,Clothing,3135,Udaipur,L,Peach,Spring,2.5,No,Next Day Air,No,No,27,Bank Transfer,Weekly
1891,36,Male,Sunglasses,Accessories,3135,Raipur,M,Lavender,Spring,3.4,No,Store Pickup,No,No,5,Credit Card,Weekly
1892,69,Male,Jewelry,Accessories,4070,Hyderabad,M,Gray,Summer,2.6,No,Next Day Air,No,No,48,Debit Card,Quarterly
1893,39,Male,Jacket,Outerwear,1650,Vadodara,M,Blue,Fall,4.6,No,2-Day Shipping,No,No,12,GooglePay,Weekly
1894,28,Male,Dress,Clothing,1100,Chennai,L,Red,Summer,3.7,No,Express,No,No,10,PhonPe,Fortnightly
1895,42,Male,Hoodie,Clothing,4950,Coimbatore,M,Purple,Fall,2.5,No,Free Shipping,No,No,48,Debit Card,Bi-Weekly
1896,31,Male,Jeans,Clothing,3355,Patna,L,Indigo,Fall,4.5,No,Express,No,No,3,Debit Card,Monthly
1897,57,Male,Sandals,Footwear,2805,Srinagar,M,Gold,Fall,2.9,No,Standard,No,No,19,GooglePay,Monthly
1898,53,Male,Sunglasses,Accessories,5335,Rameswaram,L,Teal,Winter,2.9,No,Free Shipping,No,No,11,Debit Card,Fortnightly
1899,59,Male,Pants,Clothing,5335,Amritsar,L,Magenta,Fall,3.5,No,Next Day Air,No,No,25,GooglePay,Monthly
1900,32,Male,Shorts,Clothing,2200,Chandrapur,L,Maroon,Winter,4.2,No,Store Pickup,No,No,42,PhonPe,Weekly
1901,65,Male,Jewelry,Accessories,4675,Sultanpur,S,Blue,Summer,3.3,No,Free Shipping,No,No,34,Cash,Quarterly
1902,56,Male,Socks,Clothing,4180,Coimbatore,S,Beige,Winter,3.9,No,Store Pickup,No,No,50,Cash,Quarterly
1903,31,Male,Sandals,Footwear,1210,Nanded,S,Olive,Spring,5,No,Store Pickup,No,No,21,GooglePay,Monthly
1904,59,Male,Pants,Clothing,3465,Udaipur,M,Gold,Summer,3.3,No,Standard,No,No,37,Bank Transfer,Weekly
1905,22,Male,T-shirt,Clothing,3905,Srinagar,S,Silver,Spring,4.2,No,Free Shipping,No,No,46,Cash,Monthly
1906,47,Male,Boots,Footwear,1925,Ujjain,M,Teal,Summer,4.9,No,2-Day Shipping,No,No,14,Bank Transfer,Fortnightly
1907,23,Male,Backpack,Accessories,1650,Pune,M,Green,Spring,4.6,No,2-Day Shipping,No,No,24,PhonPe,Fortnightly
1908,69,Male,Skirt,Clothing,4070,Nanded,L,Orange,Fall,4.8,No,Store Pickup,No,No,36,Credit Card,Every 3 Months
1909,18,Male,Scarf,Accessories,3905,Bareily,XL,Charcoal,Winter,2.7,No,Next Day Air,No,No,19,Debit Card,Bi-Weekly
1910,50,Male,Sweater,Clothing,4620,Delhi,S,Black,Spring,4.3,No,Store Pickup,No,No,12,Credit Card,Monthly
1911,29,Male,Sandals,Footwear,2090,Chandrapur,S,Yellow,Fall,3.8,No,Express,No,No,13,Debit Card,Quarterly
1912,65,Male,Jewelry,Accessories,4455,Coimbatore,M,Gray,Spring,4.9,No,Express,No,No,32,Debit Card,Bi-Weekly
1913,29,Male,Sweater,Clothing,3080,Dhanbad,S,Charcoal,Winter,3.4,No,2-Day Shipping,No,No,5,Credit Card,Bi-Weekly
1914,49,Male,Skirt,Clothing,2640,Delhi,M,Peach,Winter,3.6,No,Express,No,No,29,Cash,Annually
1915,28,Male,Shorts,Clothing,5335,Rameswaram,L,Green,Fall,3.4,No,Standard,No,No,40,Credit Card,Fortnightly
1916,51,Male,Backpack,Accessories,4070,Nellore,M,Magenta,Fall,4.7,No,2-Day Shipping,No,No,44,Cash,Weekly
1917,26,Male,Hoodie,Clothing,2750,Gwalior,S,Beige,Winter,3,No,Next Day Air,No,No,3,Debit Card,Bi-Weekly
1918,38,Male,Skirt,Clothing,3905,Raipur,L,Black,Winter,3.4,No,Free Shipping,No,No,35,PhonPe,Bi-Weekly
1919,35,Male,Skirt,Clothing,1815,Ujjain,S,Purple,Summer,4.6,No,Standard,No,No,33,Debit Card,Monthly
1920,34,Male,Backpack,Accessories,3080,Shimla,M,Olive,Summer,3.1,No,Express,No,No,20,PhonPe,Bi-Weekly
1921,51,Male,Blouse,Clothing,4620,Gwalior,M,Purple,Spring,2.8,No,Standard,No,No,40,Cash,Every 3 Months
1922,47,Male,Shirt,Clothing,1980,Michigan,M,Green,Fall,3.5,No,Store Pickup,No,No,13,GooglePay,Annually
1923,18,Male,Gloves,Accessories,3465,Delhi,S,Peach,Summer,4.6,No,Standard,No,No,9,PhonPe,Monthly
1924,64,Male,Sandals,Footwear,1980,Nainital,XL,Blue,Summer,4.3,No,Standard,No,No,7,Cash,Annually
1925,30,Male,Jacket,Outerwear,3465,Michigan,M,Gray,Fall,4.8,No,Free Shipping,No,No,42,PhonPe,Quarterly
1926,59,Male,Sneakers,Footwear,1760,Jalandhar,L,Black,Winter,2.9,No,Express,No,No,44,Credit Card,Fortnightly
1927,66,Male,Backpack,Accessories,5115,Nanded,M,Silver,Spring,3,No,Express,No,No,6,PhonPe,Annually
1928,40,Male,Pants,Clothing,1595,Ghaziabad,M,Pink,Summer,2.9,No,Standard,No,No,8,Cash,Every 3 Months
1929,25,Male,Sunglasses,Accessories,5060,Indore,S,Lavender,Summer,3.7,No,Standard,No,No,10,PhonPe,Weekly
1930,59,Male,Jeans,Clothing,1815,Raipur,L,Brown,Fall,4.7,No,Standard,No,No,46,GooglePay,Quarterly
1931,66,Male,Pants,Clothing,2860,Udaipur,L,Turquoise,Spring,3.5,No,Store Pickup,No,No,26,Cash,Weekly
1932,54,Male,Jewelry,Accessories,2310,Visakhapatnam,S,Olive,Spring,2.7,No,Store Pickup,No,No,6,Debit Card,Every 3 Months
1933,42,Male,Hoodie,Clothing,1980,Kolhapur,M,White,Spring,5,No,Free Shipping,No,No,47,Credit Card,Every 3 Months
1934,48,Male,Sandals,Footwear,3685,Ahmedabad,L,Violet,Summer,4.1,No,Next Day Air,No,No,28,GooglePay,Annually
1935,34,Male,Jacket,Outerwear,2365,Michigan,L,Gold,Winter,2.7,No,Free Shipping,No,No,23,Bank Transfer,Annually
1936,19,Male,Blouse,Clothing,3740,Udaipur,XL,Violet,Spring,4.8,No,Free Shipping,No,No,45,Cash,Fortnightly
1937,70,Male,Jewelry,Accessories,3300,Prayagraj,S,Teal,Summer,4.3,No,2-Day Shipping,No,No,44,PhonPe,Every 3 Months
1938,43,Male,Socks,Clothing,2915,Chennai,M,Olive,Summer,4.5,No,2-Day Shipping,No,No,11,Bank Transfer,Monthly
1939,46,Male,Jeans,Clothing,1265,Delhi,L,Blue,Spring,3.8,No,Standard,No,No,39,Debit Card,Bi-Weekly
1940,66,Male,Gloves,Accessories,3135,Mysuru,L,Magenta,Winter,3.7,No,Store Pickup,No,No,20,PhonPe,Every 3 Months
1941,50,Male,Hat,Accessories,4895,Rameswaram,L,Gray,Fall,3.9,No,2-Day Shipping,No,No,48,PhonPe,Fortnightly
1942,55,Male,Shoes,Footwear,5445,Pune,XL,Peach,Winter,3.3,No,Standard,No,No,46,Credit Card,Quarterly
1943,63,Male,Pants,Clothing,1540,Nellore,M,Cyan,Fall,3.4,No,Express,No,No,22,PhonPe,Monthly
1944,32,Male,Socks,Clothing,2915,Gaya,L,Violet,Summer,3.8,No,Next Day Air,No,No,45,Cash,Annually
1945,30,Male,Hoodie,Clothing,2475,Gurgaon,M,Gold,Winter,2.7,No,Free Shipping,No,No,49,Cash,Every 3 Months
1946,35,Male,Hoodie,Clothing,2090,Bareily,M,Gold,Winter,2.9,No,2-Day Shipping,No,No,9,Credit Card,Every 3 Months
1947,59,Male,Pants,Clothing,2695,Lucknow,M,White,Summer,4.5,No,Standard,No,No,41,Credit Card,Quarterly
1948,59,Male,Shirt,Clothing,1760,Chandrapur,M,Gray,Summer,2.6,No,Store Pickup,No,No,2,PhonPe,Monthly
1949,54,Male,T-shirt,Clothing,2035,Gwalior,L,Brown,Winter,3.1,No,Next Day Air,No,No,39,PhonPe,Bi-Weekly
1950,63,Male,Dress,Clothing,4400,Nainital,L,Gray,Winter,4.7,No,Store Pickup,No,No,12,PhonPe,Quarterly
1951,43,Male,Backpack,Accessories,4290,Gurgaon,L,Blue,Summer,4.6,No,Free Shipping,No,No,26,PhonPe,Every 3 Months
1952,33,Male,Gloves,Accessories,2915,Gwalior,L,Gold,Summer,2.7,No,Next Day Air,No,No,32,Bank Transfer,Bi-Weekly
1953,57,Male,Shoes,Footwear,4510,Kolhapur,L,Yellow,Summer,4.6,No,2-Day Shipping,No,No,50,Cash,Bi-Weekly
1954,25,Male,Skirt,Clothing,1815,Dhanbad,XL,Green,Spring,4.8,No,Standard,No,No,3,PhonPe,Fortnightly
1955,26,Male,Gloves,Accessories,4235,Dhanbad,M,Pink,Winter,4.2,No,Free Shipping,No,No,3,GooglePay,Quarterly
1956,50,Male,Hoodie,Clothing,3080,Mumbai,M,Pink,Winter,4.9,No,Express,No,No,37,Cash,Monthly
1957,70,Male,Socks,Clothing,2035,Surat,M,Pink,Winter,4.9,No,Express,No,No,20,Credit Card,Fortnightly
1958,68,Male,Gloves,Accessories,2970,Nashik,M,Cyan,Spring,4.5,No,Store Pickup,No,No,26,Cash,Bi-Weekly
1959,39,Male,Shorts,Clothing,3685,Srinagar,M,Gray,Winter,2.7,No,Store Pickup,No,No,47,Cash,Quarterly
1960,46,Male,Shoes,Footwear,4950,Dhanbad,M,White,Fall,3.1,No,Store Pickup,No,No,7,Credit Card,Every 3 Months
1961,57,Male,Jeans,Clothing,3960,Kolkata,L,Red,Summer,3.3,No,2-Day Shipping,No,No,40,Credit Card,Annually
1962,47,Male,Boots,Footwear,3245,Srinagar,L,Black,Summer,2.6,No,Free Shipping,No,No,45,Debit Card,Quarterly
1963,40,Male,Hat,Accessories,2475,Sultanpur,M,Silver,Fall,4.4,No,Standard,No,No,20,PhonPe,Fortnightly
1964,52,Male,Shorts,Clothing,1650,Michigan,L,Pink,Spring,3.9,No,Standard,No,No,11,Credit Card,Weekly
1965,40,Male,Pants,Clothing,2805,Ranchi,S,Cyan,Summer,4.6,No,Express,No,No,50,Debit Card,Monthly
1966,67,Male,Sweater,Clothing,4950,Vijaywada,M,White,Fall,4.9,No,Express,No,No,25,Debit Card,Quarterly
1967,67,Male,Jacket,Outerwear,5225,Vijaywada,XL,Purple,Winter,3.7,No,Express,No,No,5,Credit Card,Fortnightly
1968,37,Male,Dress,Clothing,4455,Bareily,L,Yellow,Fall,3.7,No,Standard,No,No,4,GooglePay,Annually
1969,67,Male,Shirt,Clothing,3850,Prayagraj,S,Blue,Spring,4.2,No,Standard,No,No,25,Credit Card,Weekly
1970,64,Male,Dress,Clothing,1760,Lucknow,S,Cyan,Winter,3.5,No,Next Day Air,No,No,11,Bank Transfer,Fortnightly
1971,28,Male,Belt,Accessories,5170,Kolhapur,M,Indigo,Spring,2.9,No,Next Day Air,No,No,4,Credit Card,Bi-Weekly
1972,54,Male,Hat,Accessories,1595,Kota,XL,Indigo,Spring,3.4,No,Next Day Air,No,No,1,GooglePay,Monthly
1973,54,Male,Backpack,Accessories,1705,Lucknow,M,Silver,Summer,3.3,No,Express,No,No,48,PhonPe,Every 3 Months
1974,24,Male,Skirt,Clothing,1100,Kolhapur,XL,Red,Fall,4.5,No,Standard,No,No,9,GooglePay,Every 3 Months
1975,27,Male,Gloves,Accessories,2420,Kochi,M,Peach,Winter,4.6,No,2-Day Shipping,No,No,2,PhonPe,Fortnightly
1976,53,Male,Jacket,Outerwear,4235,Visakhapatnam,L,Turquoise,Fall,2.9,No,Express,No,No,4,Cash,Quarterly
1977,32,Male,Handbag,Accessories,2805,Nagpur,M,Pink,Spring,3.2,No,Next Day Air,No,No,43,PhonPe,Fortnightly
1978,24,Male,Sandals,Footwear,2695,Ghaziabad,M,Teal,Summer,2.6,No,Free Shipping,No,No,32,Bank Transfer,Annually
1979,45,Male,Sunglasses,Accessories,4290,Kolkata,L,Magenta,Spring,3.8,No,Store Pickup,No,No,1,Cash,Quarterly
1980,49,Male,Jeans,Clothing,5390,Kochi,L,Blue,Spring,2.8,No,Store Pickup,No,No,38,Debit Card,Fortnightly
1981,51,Male,Sandals,Footwear,5170,Sultanpur,M,Green,Winter,4.4,No,Store Pickup,No,No,25,PhonPe,Fortnightly
1982,69,Male,Shoes,Footwear,5005,Michigan,L,Violet,Summer,4.7,No,Express,No,No,42,PhonPe,Quarterly
1983,41,Male,Sunglasses,Accessories,4235,Varanasi,M,Turquoise,Summer,2.7,No,2-Day Shipping,No,No,32,PhonPe,Monthly
1984,59,Male,Scarf,Accessories,5335,Bareily,M,Pink,Summer,2.6,No,Next Day Air,No,No,21,Debit Card,Quarterly
1985,26,Male,Skirt,Clothing,3190,Ranchi,M,Black,Summer,3.4,No,2-Day Shipping,No,No,26,PhonPe,Fortnightly
1986,23,Male,Gloves,Accessories,5335,Kochi,M,Gold,Spring,3.9,No,2-Day Shipping,No,No,6,Credit Card,Fortnightly
1987,62,Male,Coat,Outerwear,2640,Gurgaon,L,Green,Summer,3.4,No,2-Day Shipping,No,No,14,GooglePay,Quarterly
1988,69,Male,Belt,Accessories,1265,Pune,XL,White,Summer,3.4,No,Express,No,No,4,Cash,Quarterly
1989,46,Male,Pants,Clothing,4345,Shimla,M,Gold,Winter,3.9,No,Free Shipping,No,No,26,Bank Transfer,Weekly
1990,35,Male,Jewelry,Accessories,2310,Kolhapur,S,Charcoal,Spring,4,No,Express,No,No,39,PhonPe,Bi-Weekly
1991,32,Male,Backpack,Accessories,5225,Gwalior,L,White,Spring,3.4,No,2-Day Shipping,No,No,15,PhonPe,Annually
1992,46,Male,Sneakers,Footwear,1595,Mussoorie,M,Brown,Summer,3.7,No,Next Day Air,No,No,1,GooglePay,Every 3 Months
1993,33,Male,Hoodie,Clothing,5390,Mangaluru,L,Gold,Winter,4.9,No,2-Day Shipping,No,No,28,GooglePay,Monthly
1994,32,Male,Blouse,Clothing,5280,Gurgaon,S,Purple,Spring,5,No,Express,No,No,17,Cash,Weekly
1995,33,Male,Sunglasses,Accessories,3630,Srinagar,M,Brown,Fall,2.9,No,Next Day Air,No,No,24,Credit Card,Weekly
1996,67,Male,Boots,Footwear,4400,Mussoorie,S,Teal,Spring,3,No,Standard,No,No,29,Debit Card,Quarterly
1997,67,Male,Sneakers,Footwear,1485,Ayodhya,L,Indigo,Summer,3.3,No,Next Day Air,No,No,18,Cash,Every 3 Months
1998,42,Male,Backpack,Accessories,1375,Gwalior,M,Purple,Fall,4.7,No,Express,No,No,10,Debit Card,Bi-Weekly
1999,20,Male,Pants,Clothing,2475,Pune,M,Orange,Fall,3.4,No,2-Day Shipping,No,No,19,Cash,Quarterly
2000,39,Male,Socks,Clothing,4895,Kochi,L,Indigo,Winter,4.6,No,2-Day Shipping,No,No,26,Debit Card,Monthly
2001,26,Male,Belt,Accessories,1485,Vadodara,M,Lavender,Winter,3.6,No,2-Day Shipping,No,No,25,Cash,Bi-Weekly
2002,51,Male,Sunglasses,Accessories,4950,Nagpur,S,Purple,Winter,2.6,No,Free Shipping,No,No,2,Debit Card,Fortnightly
2003,31,Male,Shirt,Clothing,3575,Chandrapur,M,Red,Summer,2.7,No,Express,No,No,19,PhonPe,Every 3 Months
2004,68,Male,Sneakers,Footwear,3960,Mumbai,S,Blue,Spring,3.1,No,Express,No,No,32,Cash,Quarterly
2005,44,Male,Shoes,Footwear,3850,Bareily,L,Blue,Fall,3.2,No,2-Day Shipping,No,No,13,Cash,Bi-Weekly
2006,18,Male,Sandals,Footwear,4510,Kochi,M,Cyan,Winter,3.4,No,Store Pickup,No,No,30,PhonPe,Fortnightly
2007,58,Male,Scarf,Accessories,5335,Nanded,S,Pink,Fall,4.4,No,Express,No,No,2,Credit Card,Annually
2008,26,Male,Shirt,Clothing,1375,Shimla,M,Silver,Summer,3.2,No,2-Day Shipping,No,No,8,PhonPe,Quarterly
2009,57,Male,Skirt,Clothing,2640,Ghaziabad,M,Gray,Spring,2.5,No,Free Shipping,No,No,27,PhonPe,Every 3 Months
2010,37,Male,Boots,Footwear,5445,Nellore,M,Indigo,Summer,3.8,No,Next Day Air,No,No,26,GooglePay,Bi-Weekly
2011,24,Male,Sweater,Clothing,1155,Amritsar,M,Maroon,Summer,4.4,No,2-Day Shipping,No,No,3,Debit Card,Bi-Weekly
2012,57,Male,Sandals,Footwear,5170,Ranchi,M,Beige,Spring,3.7,No,Express,No,No,4,Bank Transfer,Monthly
2013,48,Male,Jeans,Clothing,2915,Srinagar,L,Green,Fall,3.2,No,Store Pickup,No,No,5,Cash,Fortnightly
2014,39,Male,Backpack,Accessories,3850,Shimla,M,Peach,Winter,4.9,No,Standard,No,No,25,Debit Card,Quarterly
2015,51,Male,Skirt,Clothing,1430,Gaya,L,Black,Summer,3.9,No,Standard,No,No,47,PhonPe,Bi-Weekly
2016,57,Male,Belt,Accessories,4510,Shimla,S,Pink,Summer,4.5,No,Next Day Air,No,No,8,Credit Card,Fortnightly
2017,53,Male,Shoes,Footwear,2585,Mumbai,S,Violet,Winter,3.4,No,Standard,No,No,20,Debit Card,Fortnightly
2018,70,Male,Socks,Clothing,1760,Kolkata,S,Green,Winter,4.1,No,Next Day Air,No,No,42,Bank Transfer,Every 3 Months
2019,60,Male,Backpack,Accessories,5335,Gurgaon,S,Gold,Fall,4.5,No,Store Pickup,No,No,20,Bank Transfer,Weekly
2020,31,Male,Shirt,Clothing,3740,Ujjain,S,Red,Winter,4.7,No,Store Pickup,No,No,23,Cash,Fortnightly
2021,41,Male,Sweater,Clothing,1265,Kota,M,Beige,Winter,4.8,No,Next Day Air,No,No,26,Cash,Quarterly
2022,62,Male,Handbag,Accessories,1815,Mumbai,M,Green,Winter,4.4,No,Standard,No,No,48,GooglePay,Quarterly
2023,59,Male,Jewelry,Accessories,2090,Nellore,S,Black,Winter,4,No,Store Pickup,No,No,16,Cash,Bi-Weekly
2024,46,Male,Socks,Clothing,3740,Ujjain,S,Teal,Winter,4.1,No,Store Pickup,No,No,28,Cash,Bi-Weekly
2025,62,Male,Socks,Clothing,1265,Gurgaon,L,Silver,Fall,3.7,No,Express,No,No,39,PhonPe,Weekly
2026,42,Male,Shirt,Clothing,1595,Chennai,M,Turquoise,Summer,3,No,Express,No,No,43,Debit Card,Fortnightly
2027,37,Male,Scarf,Accessories,1925,Mumbai,M,Orange,Winter,3.6,No,Express,No,No,45,Bank Transfer,Every 3 Months
2028,50,Male,Shoes,Footwear,4015,Nainital,S,Gold,Fall,4.8,No,Standard,No,No,50,Credit Card,Every 3 Months
2029,29,Male,Shoes,Footwear,4620,Mysuru,XL,Purple,Fall,3.7,No,2-Day Shipping,No,No,10,GooglePay,Bi-Weekly
2030,25,Male,Scarf,Accessories,1265,Ahmedabad,M,Pink,Spring,4.6,No,Next Day Air,No,No,40,PhonPe,Quarterly
2031,66,Male,Sunglasses,Accessories,3685,Nanded,S,Green,Summer,2.8,No,Standard,No,No,38,Credit Card,Monthly
2032,21,Male,Socks,Clothing,2805,Udaipur,L,Charcoal,Spring,4,No,Standard,No,No,2,Credit Card,Monthly
2033,46,Male,Blouse,Clothing,1980,Nashik,M,Maroon,Winter,4.2,No,Next Day Air,No,No,13,Cash,Annually
2034,57,Male,Jeans,Clothing,3025,Visakhapatnam,L,Olive,Summer,3.6,No,Express,No,No,33,GooglePay,Annually
2035,61,Male,Shorts,Clothing,1650,Nellore,M,Peach,Spring,2.9,No,Store Pickup,No,No,27,PhonPe,Monthly
2036,53,Male,T-shirt,Clothing,3850,Surat,S,Yellow,Summer,4.1,No,Express,No,No,43,Bank Transfer,Weekly
2037,37,Male,Blouse,Clothing,3465,Prayagraj,S,Lavender,Winter,3.1,No,Next Day Air,No,No,46,Cash,Weekly
2038,39,Male,Belt,Accessories,4785,Visakhapatnam,S,Green,Summer,4.3,No,Express,No,No,7,GooglePay,Bi-Weekly
2039,53,Male,Blouse,Clothing,3850,Gurgaon,L,Orange,Spring,4.4,No,Next Day Air,No,No,35,Credit Card,Fortnightly
2040,35,Male,T-shirt,Clothing,2805,Prayagraj,M,Olive,Spring,3.1,No,Next Day Air,No,No,31,Debit Card,Bi-Weekly
2041,69,Male,Jewelry,Accessories,1375,Nashik,XL,Gray,Spring,2.9,No,Free Shipping,No,No,42,GooglePay,Quarterly
2042,66,Male,Jacket,Outerwear,1760,Chandrapur,S,Lavender,Winter,3.2,No,Next Day Air,No,No,14,PhonPe,Bi-Weekly
2043,19,Male,Shoes,Footwear,2860,Nellore,M,Red,Spring,4,No,2-Day Shipping,No,No,35,GooglePay,Monthly
2044,47,Male,Gloves,Accessories,1815,Chandrapur,M,Charcoal,Summer,2.7,No,Standard,No,No,49,PhonPe,Weekly
2045,49,Male,Jeans,Clothing,3740,Mussoorie,L,Orange,Spring,3,No,Free Shipping,No,No,17,PhonPe,Fortnightly
2046,31,Male,Jewelry,Accessories,1100,Bareily,M,Red,Fall,4.4,No,Express,No,No,26,PhonPe,Quarterly
2047,39,Male,Pants,Clothing,1760,Surat,M,Maroon,Winter,2.8,No,Free Shipping,No,No,30,Cash,Every 3 Months
2048,58,Male,Jewelry,Accessories,4510,Gwalior,M,Silver,Summer,3.1,No,Store Pickup,No,No,32,Cash,Annually
2049,45,Male,Sneakers,Footwear,3520,Michigan,XL,Pink,Winter,3.9,No,Express,No,No,35,Bank Transfer,Quarterly
2050,68,Male,Boots,Footwear,1320,Bangalore,L,Blue,Fall,2.7,No,Standard,No,No,15,GooglePay,Annually
2051,35,Male,Hat,Accessories,5280,Indore,M,Teal,Summer,3.4,No,Store Pickup,No,No,10,Debit Card,Annually
2052,65,Male,T-shirt,Clothing,5170,Kolkata,L,Black,Spring,3.8,No,Free Shipping,No,No,14,Credit Card,Monthly
2053,45,Male,Backpack,Accessories,2640,Hyderabad,M,Gray,Winter,3.7,No,2-Day Shipping,No,No,30,Bank Transfer,Annually
2054,19,Male,Sunglasses,Accessories,3300,Nagpur,S,Purple,Spring,4.5,No,2-Day Shipping,No,No,16,Credit Card,Fortnightly
2055,65,Male,Sweater,Clothing,3080,Mangaluru,XL,Gold,Spring,2.9,No,Express,No,No,14,PhonPe,Annually
2056,28,Male,Handbag,Accessories,1815,Amritsar,M,Silver,Fall,3.4,No,2-Day Shipping,No,No,28,Bank Transfer,Weekly
2057,55,Male,Backpack,Accessories,2530,Prayagraj,L,Blue,Spring,4.4,No,2-Day Shipping,No,No,29,PhonPe,Monthly
2058,66,Male,Socks,Clothing,2035,Ayodhya,L,Yellow,Spring,4.2,No,Standard,No,No,5,PhonPe,Every 3 Months
2059,29,Male,Shirt,Clothing,5390,Patna,M,Brown,Winter,3.3,No,Store Pickup,No,No,17,Bank Transfer,Quarterly
2060,56,Male,Shorts,Clothing,2750,Vadodara,XL,Beige,Spring,3.7,No,Express,No,No,50,PhonPe,Weekly
2061,21,Male,Belt,Accessories,3465,Gaya,M,Blue,Fall,3.2,No,Next Day Air,No,No,23,Bank Transfer,Quarterly
2062,32,Male,Sweater,Clothing,3850,Michigan,S,Magenta,Summer,2.6,No,Store Pickup,No,No,22,Debit Card,Annually
2063,54,Male,Coat,Outerwear,3465,Nashik,L,Silver,Fall,2.8,No,Standard,No,No,15,Cash,Quarterly
2064,61,Male,Shorts,Clothing,4730,Vijaywada,M,Cyan,Fall,2.9,No,Standard,No,No,32,Cash,Monthly
2065,31,Male,Shoes,Footwear,5445,Gurgaon,M,Green,Summer,4,No,2-Day Shipping,No,No,5,Bank Transfer,Monthly
2066,27,Male,Sneakers,Footwear,2200,Chandigarh,M,Blue,Spring,2.9,No,Free Shipping,No,No,6,Bank Transfer,Bi-Weekly
2067,64,Male,Sneakers,Footwear,5060,Visakhapatnam,M,Olive,Fall,4.7,No,Store Pickup,No,No,44,Debit Card,Fortnightly
2068,60,Male,Pants,Clothing,1155,Kolhapur,XL,Beige,Fall,3.1,No,2-Day Shipping,No,No,23,Cash,Fortnightly
2069,70,Male,Jewelry,Accessories,4455,Pune,XL,Black,Summer,3.9,No,Store Pickup,No,No,44,GooglePay,Monthly
2070,36,Male,T-shirt,Clothing,4510,Amritsar,M,Indigo,Fall,3.4,No,Free Shipping,No,No,3,Debit Card,Quarterly
2071,56,Male,Jewelry,Accessories,4840,Nainital,XL,Red,Spring,3.1,No,Express,No,No,14,Cash,Monthly
2072,69,Male,Jacket,Outerwear,5500,Nashik,S,Yellow,Fall,4.8,No,Store Pickup,No,No,37,PhonPe,Quarterly
2073,39,Male,Backpack,Accessories,3630,Kolkata,M,Beige,Winter,3.9,No,Next Day Air,No,No,22,Bank Transfer,Weekly
2074,38,Male,Belt,Accessories,1375,Amritsar,S,Green,Winter,3.5,No,Next Day Air,No,No,2,PhonPe,Every 3 Months
2075,36,Male,Scarf,Accessories,2915,Ghaziabad,M,White,Summer,3.1,No,Free Shipping,No,No,44,Debit Card,Fortnightly
2076,46,Male,Sweater,Clothing,1540,Nashik,S,Turquoise,Fall,4.7,No,Express,No,No,49,Debit Card,Monthly
2077,59,Male,Gloves,Accessories,1265,Ghaziabad,S,Indigo,Fall,4.6,No,Free Shipping,No,No,22,Debit Card,Bi-Weekly
2078,64,Male,Scarf,Accessories,1870,Nainital,L,Orange,Fall,3.3,No,Free Shipping,No,No,26,Bank Transfer,Annually
2079,49,Male,Dress,Clothing,2310,Raipur,M,Blue,Spring,3.2,No,Next Day Air,No,No,40,Debit Card,Weekly
2080,32,Male,Jeans,Clothing,1320,Ahmedabad,L,Violet,Summer,3.1,No,Next Day Air,No,No,16,PhonPe,Quarterly
2081,29,Male,Sunglasses,Accessories,2585,Ayodhya,S,Gray,Fall,3.5,No,Free Shipping,No,No,17,Debit Card,Bi-Weekly
2082,24,Male,Coat,Outerwear,4290,Nellore,S,Cyan,Spring,4.3,No,Standard,No,No,48,Bank Transfer,Bi-Weekly
2083,41,Male,Jeans,Clothing,4895,Gurgaon,M,Yellow,Summer,2.9,No,Free Shipping,No,No,28,GooglePay,Every 3 Months
2084,41,Male,Scarf,Accessories,3245,Indore,L,Orange,Fall,2.7,No,Store Pickup,No,No,26,Credit Card,Fortnightly
2085,32,Male,Blouse,Clothing,5170,Pune,S,Brown,Summer,4,No,Standard,No,No,43,Bank Transfer,Quarterly
2086,69,Male,Jeans,Clothing,2695,Chandrapur,M,Teal,Fall,4.6,No,Free Shipping,No,No,38,Debit Card,Weekly
2087,65,Male,Dress,Clothing,4895,Bhubaneswar,L,Beige,Summer,4.7,No,2-Day Shipping,No,No,36,Cash,Every 3 Months
2088,54,Male,Hat,Accessories,5005,Gaya,M,Blue,Summer,4.7,No,Standard,No,No,1,Credit Card,Weekly
2089,39,Male,Sandals,Footwear,4895,Vadodara,L,Orange,Spring,4,No,Standard,No,No,49,Debit Card,Annually
2090,37,Male,Jacket,Outerwear,3135,Kolhapur,L,Gold,Spring,3.6,No,Free Shipping,No,No,41,Credit Card,Every 3 Months
2091,51,Male,Socks,Clothing,3905,Kolkata,S,Teal,Winter,3.4,No,Free Shipping,No,No,21,Debit Card,Monthly
2092,26,Male,Jeans,Clothing,5335,Patna,XL,Beige,Fall,3,No,Next Day Air,No,No,24,Bank Transfer,Quarterly
2093,42,Male,Sandals,Footwear,2475,Prayagraj,M,Silver,Fall,2.6,No,Next Day Air,No,No,27,Bank Transfer,Weekly
2094,21,Male,Dress,Clothing,5005,Patna,M,Maroon,Spring,4.2,No,Store Pickup,No,No,4,Debit Card,Annually
2095,53,Male,Socks,Clothing,1375,Nashik,M,Indigo,Spring,3.4,No,Standard,No,No,19,GooglePay,Annually
2096,36,Male,Hoodie,Clothing,3465,Nanded,M,Gray,Fall,4,No,Store Pickup,No,No,1,Bank Transfer,Fortnightly
2097,21,Male,Dress,Clothing,2860,Udaipur,L,Blue,Summer,4.7,No,Free Shipping,No,No,27,Debit Card,Annually
2098,33,Male,Sneakers,Footwear,2365,Sultanpur,S,Cyan,Winter,3.9,No,Next Day Air,No,No,5,Credit Card,Weekly
2099,49,Male,T-shirt,Clothing,1540,Lucknow,M,White,Summer,3.3,No,2-Day Shipping,No,No,20,GooglePay,Quarterly
2100,31,Male,T-shirt,Clothing,4290,Surat,L,Green,Summer,2.9,No,Express,No,No,50,PhonPe,Annually
2101,68,Male,Sweater,Clothing,1705,Michigan,M,Silver,Spring,4.4,No,Free Shipping,No,No,36,Cash,Fortnightly
2102,49,Male,Shirt,Clothing,1265,Chandigarh,M,Blue,Winter,3.6,No,Next Day Air,No,No,12,Bank Transfer,Bi-Weekly
2103,23,Male,Hat,Accessories,1375,Ujjain,M,Brown,Spring,4.5,No,Store Pickup,No,No,23,Cash,Monthly
2104,30,Male,Pants,Clothing,4730,Vijaywada,S,Red,Summer,3.7,No,Store Pickup,No,No,21,GooglePay,Weekly
2105,53,Male,Shoes,Footwear,4840,Nanded,M,Gold,Spring,2.8,No,Free Shipping,No,No,47,GooglePay,Weekly
2106,65,Male,Gloves,Accessories,1925,Nashik,M,Silver,Spring,4.5,No,Free Shipping,No,No,38,GooglePay,Bi-Weekly
2107,60,Male,Jewelry,Accessories,1870,Pune,M,Gray,Fall,4.4,No,Standard,No,No,40,Credit Card,Every 3 Months
2108,46,Male,Pants,Clothing,4125,Chennai,M,Black,Winter,3.3,No,Standard,No,No,35,PhonPe,Quarterly
2109,54,Male,Hoodie,Clothing,2530,Bhubaneswar,XL,Beige,Winter,4.2,No,Express,No,No,4,Credit Card,Quarterly
2110,59,Male,Jewelry,Accessories,1705,Vadodara,L,Peach,Fall,2.7,No,Free Shipping,No,No,28,GooglePay,Every 3 Months
2111,52,Male,Socks,Clothing,5115,Ahmedabad,L,Cyan,Spring,3.9,No,Store Pickup,No,No,36,Debit Card,Every 3 Months
2112,41,Male,Sunglasses,Accessories,4675,Mussoorie,XL,Pink,Spring,2.6,No,Free Shipping,No,No,15,Bank Transfer,Annually
2113,43,Male,Belt,Accessories,3740,Kochi,M,Lavender,Fall,4.5,No,2-Day Shipping,No,No,7,Cash,Fortnightly
2114,63,Male,Dress,Clothing,2200,Shimla,M,Brown,Spring,2.7,No,Store Pickup,No,No,29,PhonPe,Every 3 Months
2115,37,Male,Shirt,Clothing,2805,Pune,M,Magenta,Winter,2.9,No,Standard,No,No,12,Debit Card,Annually
2116,44,Male,Scarf,Accessories,4675,Bangalore,M,Violet,Winter,3.4,No,Store Pickup,No,No,16,Bank Transfer,Bi-Weekly
2117,67,Male,Jacket,Outerwear,1265,Varanasi,M,Teal,Summer,2.9,No,Express,No,No,50,Debit Card,Bi-Weekly
2118,27,Male,Dress,Clothing,1540,Dhanbad,L,Brown,Summer,3.8,No,Free Shipping,No,No,11,Debit Card,Annually
2119,60,Male,Socks,Clothing,2420,Bareily,M,Olive,Fall,4.2,No,2-Day Shipping,No,No,28,Debit Card,Quarterly
2120,58,Male,Jewelry,Accessories,3135,Nainital,M,Indigo,Spring,3.5,No,Store Pickup,No,No,36,GooglePay,Bi-Weekly
2121,53,Male,Scarf,Accessories,5390,Mussoorie,S,Red,Fall,3.1,No,Next Day Air,No,No,38,PhonPe,Quarterly
2122,43,Male,Backpack,Accessories,3740,Rameswaram,M,Olive,Winter,3.5,No,2-Day Shipping,No,No,32,Bank Transfer,Monthly
2123,32,Male,Jacket,Outerwear,1980,Shimla,L,Teal,Fall,4,No,Express,No,No,42,Debit Card,Weekly
2124,54,Male,Coat,Outerwear,3905,Nainital,L,Cyan,Spring,3.7,No,Express,No,No,22,Debit Card,Bi-Weekly
2125,47,Male,Skirt,Clothing,3300,Bangalore,M,Teal,Fall,4.2,No,Next Day Air,No,No,22,GooglePay,Quarterly
2126,57,Male,Coat,Outerwear,4785,Hyderabad,M,Beige,Fall,4.8,No,Store Pickup,No,No,31,PhonPe,Quarterly
2127,63,Male,Shoes,Footwear,2090,Nellore,XL,Magenta,Winter,4.1,No,Express,No,No,28,Credit Card,Monthly
2128,70,Male,Boots,Footwear,2475,Udaipur,M,Indigo,Spring,4.5,No,2-Day Shipping,No,No,40,Debit Card,Weekly
2129,62,Male,Coat,Outerwear,2585,Nanded,L,Cyan,Fall,2.7,No,2-Day Shipping,No,No,21,PhonPe,Weekly
2130,40,Male,Skirt,Clothing,3135,Prayagraj,L,Orange,Fall,2.8,No,Store Pickup,No,No,12,PhonPe,Every 3 Months
2131,25,Male,Backpack,Accessories,3740,Coimbatore,L,Violet,Summer,3.7,No,Free Shipping,No,No,33,Credit Card,Annually
2132,19,Male,Shorts,Clothing,2860,Ahmedabad,M,Red,Fall,3.6,No,Express,No,No,9,Bank Transfer,Fortnightly
2133,25,Male,Skirt,Clothing,4785,Pune,M,Magenta,Fall,4.7,No,2-Day Shipping,No,No,15,Debit Card,Weekly
2134,21,Male,Hat,Accessories,1870,Mumbai,M,Olive,Summer,3.8,No,Standard,No,No,13,Bank Transfer,Annually
2135,55,Male,Sandals,Footwear,2255,Shimla,XL,Maroon,Winter,2.9,No,Standard,No,No,35,Credit Card,Fortnightly
2136,34,Male,Sunglasses,Accessories,5170,Vadodara,S,Yellow,Winter,4.6,No,Next Day Air,No,No,1,Debit Card,Every 3 Months
2137,47,Male,Sunglasses,Accessories,5115,Chandrapur,M,Red,Summer,2.8,No,Standard,No,No,25,Bank Transfer,Fortnightly
2138,27,Male,Socks,Clothing,2805,Vijaywada,XL,Purple,Winter,4.6,No,2-Day Shipping,No,No,20,Credit Card,Every 3 Months
2139,67,Male,Sweater,Clothing,2310,Indore,M,Teal,Fall,2.8,No,Next Day Air,No,No,36,GooglePay,Quarterly
2140,40,Male,Boots,Footwear,5225,Chandrapur,M,Red,Winter,3,No,Free Shipping,No,No,33,Cash,Weekly
2141,53,Male,Handbag,Accessories,4950,Nanded,M,Brown,Fall,3.7,No,Standard,No,No,36,Cash,Fortnightly
2142,24,Male,Dress,Clothing,5390,Delhi,M,Peach,Winter,4.1,No,2-Day Shipping,No,No,32,PhonPe,Annually
2143,47,Male,Hat,Accessories,2145,Bhubaneswar,M,Maroon,Winter,4.3,No,Next Day Air,No,No,21,GooglePay,Quarterly
2144,53,Male,Sandals,Footwear,3630,Gurgaon,L,Red,Fall,3.8,No,Next Day Air,No,No,48,GooglePay,Bi-Weekly
2145,47,Male,Shoes,Footwear,1265,Kolhapur,L,Orange,Winter,3.7,No,Free Shipping,No,No,25,PhonPe,Quarterly
2146,38,Male,Skirt,Clothing,4015,Gwalior,S,White,Winter,4.8,No,Standard,No,No,32,PhonPe,Annually
2147,48,Male,Sunglasses,Accessories,1265,Jalandhar,XL,White,Summer,4.6,No,Standard,No,No,45,PhonPe,Every 3 Months
2148,47,Male,Skirt,Clothing,2365,Mussoorie,S,Charcoal,Fall,4.8,No,Standard,No,No,4,Cash,Fortnightly
2149,19,Male,T-shirt,Clothing,2475,Nainital,XL,Turquoise,Winter,4.6,No,2-Day Shipping,No,No,19,PhonPe,Bi-Weekly
2150,38,Male,Sandals,Footwear,1155,Raipur,L,Orange,Winter,4,No,Standard,No,No,1,Bank Transfer,Weekly
2151,57,Male,Shirt,Clothing,2200,Visakhapatnam,M,Orange,Spring,2.6,No,2-Day Shipping,No,No,12,Cash,Weekly
2152,70,Male,Jeans,Clothing,3190,Pune,L,Brown,Fall,2.6,No,2-Day Shipping,No,No,18,GooglePay,Monthly
2153,38,Male,Shorts,Clothing,2640,Mangaluru,L,Magenta,Summer,4.5,No,Next Day Air,No,No,43,Bank Transfer,Bi-Weekly
2154,35,Male,Shirt,Clothing,5170,Delhi,M,Violet,Fall,4.2,No,Free Shipping,No,No,31,PhonPe,Annually
2155,46,Male,Scarf,Accessories,4070,Nagpur,M,Violet,Spring,3.4,No,Store Pickup,No,No,33,Cash,Every 3 Months
2156,32,Male,Handbag,Accessories,2805,Raipur,L,Yellow,Fall,3.7,No,Store Pickup,No,No,46,PhonPe,Monthly
2157,38,Male,Skirt,Clothing,4565,Mussoorie,M,Maroon,Winter,3.6,No,Next Day Air,No,No,41,Debit Card,Bi-Weekly
2158,41,Male,Handbag,Accessories,3740,Indore,L,Turquoise,Winter,4,No,Next Day Air,No,No,41,GooglePay,Fortnightly
2159,19,Male,Gloves,Accessories,4620,Kolkata,XL,Olive,Spring,4.6,No,Standard,No,No,9,Bank Transfer,Fortnightly
2160,18,Male,Shirt,Clothing,3190,Lucknow,M,Peach,Fall,3,No,Free Shipping,No,No,34,Cash,Annually
2161,45,Male,Blouse,Clothing,5060,Ranchi,L,Charcoal,Winter,3.3,No,Express,No,No,21,PhonPe,Annually
2162,23,Male,Dress,Clothing,3795,Patna,S,Peach,Summer,3.8,No,Express,No,No,5,Debit Card,Fortnightly
2163,60,Male,Shorts,Clothing,2640,Chandigarh,S,Black,Summer,2.7,No,Free Shipping,No,No,32,PhonPe,Weekly
2164,52,Male,Shoes,Footwear,3300,Chandrapur,L,Gray,Spring,4.5,No,Express,No,No,44,Bank Transfer,Monthly
2165,42,Male,Sandals,Footwear,1100,Sultanpur,S,Olive,Winter,4.8,No,Next Day Air,No,No,46,PhonPe,Bi-Weekly
2166,29,Male,Pants,Clothing,3025,Ujjain,M,Turquoise,Summer,4.2,No,Express,No,No,42,Credit Card,Every 3 Months
2167,31,Male,Jacket,Outerwear,4840,Mangaluru,S,Purple,Spring,3.5,No,Express,No,No,50,Credit Card,Bi-Weekly
2168,30,Male,Skirt,Clothing,2640,Mysuru,L,Green,Winter,4.9,No,Standard,No,No,33,GooglePay,Fortnightly
2169,23,Male,Handbag,Accessories,4070,Gwalior,M,Beige,Spring,4.1,No,Next Day Air,No,No,32,Cash,Quarterly
2170,31,Male,Coat,Outerwear,2310,Ghaziabad,M,Brown,Fall,2.9,No,Next Day Air,No,No,32,Bank Transfer,Bi-Weekly
2171,40,Male,Sweater,Clothing,1760,Nashik,M,Turquoise,Fall,4,No,Next Day Air,No,No,37,GooglePay,Every 3 Months
2172,39,Male,Shorts,Clothing,5390,Mussoorie,M,Yellow,Summer,4.6,No,Store Pickup,No,No,9,Cash,Fortnightly
2173,28,Male,Skirt,Clothing,4895,Bangalore,S,Lavender,Fall,2.8,No,Store Pickup,No,No,6,PhonPe,Fortnightly
2174,23,Male,Gloves,Accessories,5335,Chennai,S,Cyan,Summer,5,No,2-Day Shipping,No,No,36,GooglePay,Quarterly
2175,42,Male,Backpack,Accessories,2695,Dhanbad,S,Olive,Spring,2.9,No,Store Pickup,No,No,1,Cash,Annually
2176,68,Male,Dress,Clothing,2750,Nainital,M,Silver,Spring,3.3,No,Free Shipping,No,No,48,Credit Card,Fortnightly
2177,24,Male,Belt,Accessories,5005,Pune,S,Red,Winter,3.4,No,2-Day Shipping,No,No,44,Debit Card,Quarterly
2178,24,Male,Gloves,Accessories,5115,Ahmedabad,XL,Green,Winter,3,No,Express,No,No,9,PhonPe,Bi-Weekly
2179,21,Male,Jewelry,Accessories,5390,Ghaziabad,M,Gold,Summer,4.7,No,Standard,No,No,32,GooglePay,Annually
2180,49,Male,Socks,Clothing,4510,Chennai,L,Lavender,Fall,2.9,No,Next Day Air,No,No,14,PhonPe,Monthly
2181,41,Male,Coat,Outerwear,2035,Gwalior,M,Yellow,Summer,4.1,No,Store Pickup,No,No,43,Cash,Quarterly
2182,22,Male,Handbag,Accessories,3465,Raipur,M,Black,Fall,3.2,No,Free Shipping,No,No,32,Bank Transfer,Bi-Weekly
2183,42,Male,Blouse,Clothing,5445,Nanded,M,Maroon,Winter,2.7,No,Store Pickup,No,No,26,GooglePay,Bi-Weekly
2184,30,Male,Shorts,Clothing,2035,Varanasi,M,Maroon,Spring,4.7,No,Store Pickup,No,No,2,Cash,Monthly
2185,38,Male,Shoes,Footwear,1870,Srinagar,S,Gold,Spring,3.2,No,Free Shipping,No,No,16,PhonPe,Every 3 Months
2186,40,Male,Shorts,Clothing,1760,Udaipur,M,Violet,Winter,2.5,No,Express,No,No,50,Debit Card,Every 3 Months
2187,55,Male,Sandals,Footwear,1265,Nanded,XL,Teal,Winter,4.3,No,Next Day Air,No,No,6,PhonPe,Every 3 Months
2188,37,Male,Blouse,Clothing,4290,Ujjain,M,Violet,Spring,4.4,No,Free Shipping,No,No,20,PhonPe,Annually
2189,41,Male,Coat,Outerwear,2970,Vadodara,M,Brown,Winter,4.7,No,Next Day Air,No,No,9,Credit Card,Weekly
2190,38,Male,Blouse,Clothing,5170,Gaya,XL,Brown,Fall,4,No,Express,No,No,47,Credit Card,Bi-Weekly
2191,42,Male,Belt,Accessories,4125,Rameswaram,S,Maroon,Spring,4.6,No,Express,No,No,33,Credit Card,Annually
2192,26,Male,Blouse,Clothing,3795,Kota,S,Maroon,Summer,3.8,No,Next Day Air,No,No,46,Cash,Bi-Weekly
2193,41,Male,Scarf,Accessories,1925,Shimla,L,Yellow,Winter,3.2,No,Next Day Air,No,No,9,Credit Card,Monthly
2194,27,Male,Shirt,Clothing,4290,Vadodara,L,Turquoise,Spring,5,No,Express,No,No,8,PhonPe,Monthly
2195,61,Male,Socks,Clothing,1595,Delhi,M,Silver,Summer,3.5,No,Standard,No,No,48,Bank Transfer,Quarterly
2196,58,Male,Jeans,Clothing,3410,Chandrapur,M,Brown,Fall,3.7,No,Next Day Air,No,No,2,Cash,Monthly
2197,25,Male,Dress,Clothing,3190,Pune,M,Gray,Spring,4.8,No,Next Day Air,No,No,31,PhonPe,Weekly
2198,33,Male,Boots,Footwear,4840,Kota,M,Indigo,Summer,3.7,No,2-Day Shipping,No,No,40,GooglePay,Monthly
2199,57,Male,Scarf,Accessories,4400,Chandrapur,L,Turquoise,Summer,3.5,No,Free Shipping,No,No,35,GooglePay,Monthly
2200,39,Male,Scarf,Accessories,2585,Udaipur,M,Maroon,Summer,4.9,No,Store Pickup,No,No,40,Debit Card,Monthly
2201,60,Male,Gloves,Accessories,2805,Nagpur,L,Charcoal,Summer,4.7,No,Next Day Air,No,No,27,Debit Card,Every 3 Months
2202,39,Male,Pants,Clothing,1375,Mysuru,L,Peach,Spring,4.9,No,2-Day Shipping,No,No,10,GooglePay,Annually
2203,42,Male,Dress,Clothing,1980,Nellore,M,Red,Summer,4.3,No,Next Day Air,No,No,23,Credit Card,Weekly
2204,53,Male,Dress,Clothing,4345,Bangalore,M,Indigo,Winter,3.1,No,Free Shipping,No,No,32,Cash,Quarterly
2205,20,Male,Jeans,Clothing,2255,Chandigarh,S,Lavender,Winter,3.4,No,2-Day Shipping,No,No,6,Debit Card,Monthly
2206,46,Male,Sweater,Clothing,3740,Bhubaneswar,XL,Red,Fall,2.7,No,Express,No,No,27,PhonPe,Weekly
2207,46,Male,Sandals,Footwear,2805,Visakhapatnam,L,Green,Spring,2.6,No,Store Pickup,No,No,25,Bank Transfer,Fortnightly
2208,69,Male,Handbag,Accessories,2090,Nanded,M,Gray,Fall,2.9,No,Next Day Air,No,No,11,Credit Card,Annually
2209,28,Male,Scarf,Accessories,2530,Dhanbad,XL,Violet,Summer,2.7,No,2-Day Shipping,No,No,23,PhonPe,Monthly
2210,42,Male,Sandals,Footwear,1100,Jalandhar,XL,Beige,Summer,4.5,No,2-Day Shipping,No,No,44,Bank Transfer,Quarterly
2211,30,Male,Sunglasses,Accessories,1375,Shimla,M,Orange,Summer,3.1,No,Store Pickup,No,No,35,PhonPe,Fortnightly
2212,50,Male,Sweater,Clothing,4895,Mumbai,L,Purple,Winter,3.2,No,Free Shipping,No,No,45,Debit Card,Every 3 Months
2213,59,Male,Pants,Clothing,4235,Nainital,M,Brown,Winter,3.3,No,Next Day Air,No,No,22,Bank Transfer,Quarterly
2214,54,Male,Hat,Accessories,5170,Raipur,M,Maroon,Fall,2.9,No,Express,No,No,18,Debit Card,Quarterly
2215,50,Male,Belt,Accessories,5500,Ujjain,L,Gold,Fall,4.1,No,Standard,No,No,20,Debit Card,Weekly
2216,25,Male,Sandals,Footwear,5280,Ranchi,M,Indigo,Winter,2.7,No,Express,No,No,28,Credit Card,Fortnightly
2217,41,Male,Pants,Clothing,1980,Pune,XL,Silver,Winter,4,No,Store Pickup,No,No,15,GooglePay,Bi-Weekly
2218,35,Male,Jewelry,Accessories,1485,Vijaywada,XL,Red,Fall,2.6,No,Store Pickup,No,No,42,Bank Transfer,Fortnightly
2219,67,Male,Sunglasses,Accessories,3685,Ujjain,M,Magenta,Winter,3.5,No,Store Pickup,No,No,20,Debit Card,Quarterly
2220,33,Male,Blouse,Clothing,5005,Prayagraj,S,Purple,Fall,2.8,No,Store Pickup,No,No,16,Bank Transfer,Fortnightly
2221,19,Male,Belt,Accessories,3410,Nagpur,XL,Beige,Fall,4.5,No,Store Pickup,No,No,47,Cash,Annually
2222,25,Male,Shorts,Clothing,4840,Varanasi,XL,White,Fall,3,No,Free Shipping,No,No,34,Credit Card,Annually
2223,32,Male,Pants,Clothing,3630,Bareily,M,Teal,Summer,4.4,No,Store Pickup,No,No,30,Credit Card,Weekly
2224,30,Male,Sandals,Footwear,3575,Varanasi,M,Gray,Fall,4.7,No,Next Day Air,No,No,5,PhonPe,Quarterly
2225,18,Male,Gloves,Accessories,1375,Nainital,L,Charcoal,Winter,4.3,No,Standard,No,No,38,Cash,Quarterly
2226,38,Male,Belt,Accessories,3520,Patna,S,Olive,Spring,4.8,No,Free Shipping,No,No,18,Credit Card,Annually
2227,22,Male,Shirt,Clothing,3960,Mussoorie,L,Blue,Spring,4.8,No,Store Pickup,No,No,28,Cash,Annually
2228,40,Male,Scarf,Accessories,4070,Patna,S,Gray,Summer,4.4,No,Next Day Air,No,No,42,Credit Card,Fortnightly
2229,54,Male,Gloves,Accessories,2750,Varanasi,M,Green,Fall,3.7,No,Free Shipping,No,No,5,Credit Card,Weekly
2230,70,Male,Pants,Clothing,5335,Prayagraj,M,Silver,Fall,3.9,No,Express,No,No,50,GooglePay,Monthly
2231,52,Male,Sneakers,Footwear,1980,Dhanbad,S,Teal,Spring,3.8,No,Express,No,No,33,GooglePay,Fortnightly
2232,34,Male,Jacket,Outerwear,2695,Jalandhar,M,Beige,Fall,4.1,No,Store Pickup,No,No,1,Credit Card,Weekly
2233,65,Male,Shoes,Footwear,3520,Udaipur,L,Lavender,Spring,4,No,Store Pickup,No,No,14,Cash,Fortnightly
2234,38,Male,Blouse,Clothing,1705,Ghaziabad,XL,Gray,Summer,4.5,No,Express,No,No,48,Credit Card,Monthly
2235,35,Male,Boots,Footwear,3630,Hyderabad,S,Yellow,Winter,4,No,Express,No,No,26,Cash,Weekly
2236,40,Male,Socks,Clothing,4510,Visakhapatnam,M,Gray,Spring,4.5,No,2-Day Shipping,No,No,44,Credit Card,Annually
2237,23,Male,T-shirt,Clothing,4840,Lucknow,M,Yellow,Winter,2.7,No,Standard,No,No,18,Debit Card,Fortnightly
2238,45,Male,Sandals,Footwear,1870,Nellore,S,Black,Summer,3.8,No,Next Day Air,No,No,31,GooglePay,Every 3 Months
2239,40,Male,Sneakers,Footwear,4620,Ghaziabad,L,Beige,Winter,3.8,No,Standard,No,No,18,Debit Card,Weekly
2240,42,Male,Jewelry,Accessories,5280,Nellore,L,Indigo,Summer,3.8,No,2-Day Shipping,No,No,41,Credit Card,Every 3 Months
2241,57,Male,Sandals,Footwear,3905,Vadodara,L,Green,Winter,4.3,No,Next Day Air,No,No,18,Debit Card,Every 3 Months
2242,18,Male,Jacket,Outerwear,4235,Kolhapur,M,Purple,Summer,3.5,No,Free Shipping,No,No,3,Bank Transfer,Bi-Weekly
2243,18,Male,Skirt,Clothing,3630,Srinagar,M,Orange,Spring,3.8,No,Next Day Air,No,No,5,Credit Card,Bi-Weekly
2244,56,Male,Shirt,Clothing,1155,Kolkata,M,Teal,Winter,3.7,No,2-Day Shipping,No,No,13,Debit Card,Annually
2245,35,Male,Shorts,Clothing,2035,Nashik,M,Gold,Summer,4.8,No,2-Day Shipping,No,No,22,PhonPe,Annually
2246,49,Male,Socks,Clothing,4950,Chennai,L,Gray,Fall,4.9,No,Free Shipping,No,No,45,PhonPe,Fortnightly
2247,49,Male,Jacket,Outerwear,5280,Raipur,M,Cyan,Fall,4.3,No,Store Pickup,No,No,39,PhonPe,Every 3 Months
2248,34,Male,Jewelry,Accessories,2035,Ghaziabad,L,Teal,Summer,4.4,No,Next Day Air,No,No,18,GooglePay,Annually
2249,63,Male,T-shirt,Clothing,3630,Bangalore,M,Violet,Winter,3.4,No,Free Shipping,No,No,19,PhonPe,Fortnightly
2250,42,Male,Gloves,Accessories,2475,Nagpur,XL,Indigo,Spring,4.3,No,Next Day Air,No,No,29,Debit Card,Weekly
2251,41,Male,Shoes,Footwear,4895,Dhanbad,L,Pink,Summer,4.6,No,Store Pickup,No,No,19,Credit Card,Weekly
2252,26,Male,Shoes,Footwear,5170,Shimla,L,Gold,Fall,3.8,No,Free Shipping,No,No,22,Debit Card,Monthly
2253,48,Male,Shoes,Footwear,5280,Nainital,S,Maroon,Summer,3.9,No,Express,No,No,21,Bank Transfer,Annually
2254,62,Male,Hoodie,Clothing,1705,Surat,M,Brown,Spring,2.6,No,Store Pickup,No,No,22,PhonPe,Monthly
2255,24,Male,Belt,Accessories,4345,Bhubaneswar,M,Gold,Winter,4.2,No,Store Pickup,No,No,44,PhonPe,Every 3 Months
2256,48,Male,Coat,Outerwear,2145,Michigan,L,Teal,Spring,4.6,No,Store Pickup,No,No,42,Bank Transfer,Quarterly
2257,31,Male,Blouse,Clothing,1210,Vadodara,M,Turquoise,Fall,5,No,Standard,No,No,33,Credit Card,Quarterly
2258,41,Male,Skirt,Clothing,1760,Kochi,L,Olive,Fall,4.2,No,Standard,No,No,6,Bank Transfer,Annually
2259,24,Male,T-shirt,Clothing,3905,Mysuru,L,Cyan,Winter,4.3,No,Store Pickup,No,No,44,Credit Card,Every 3 Months
2260,60,Male,Jeans,Clothing,5280,Ghaziabad,XL,Beige,Spring,3.3,No,Free Shipping,No,No,24,Cash,Annually
2261,38,Male,Scarf,Accessories,4510,Mussoorie,M,Blue,Fall,4.9,No,Express,No,No,16,PhonPe,Quarterly
2262,58,Male,Backpack,Accessories,4180,Nashik,L,Gold,Spring,4.4,No,Standard,No,No,12,Bank Transfer,Fortnightly
2263,53,Male,Backpack,Accessories,1210,Coimbatore,M,Green,Winter,3.1,No,2-Day Shipping,No,No,50,PhonPe,Monthly
2264,44,Male,Scarf,Accessories,2200,Vijaywada,XL,Green,Winter,3.5,No,Store Pickup,No,No,42,Cash,Quarterly
2265,51,Male,Hat,Accessories,5060,Bhubaneswar,M,Turquoise,Summer,3.9,No,2-Day Shipping,No,No,50,PhonPe,Monthly
2266,36,Male,Coat,Outerwear,5170,Ahmedabad,XL,Yellow,Fall,3.9,No,Store Pickup,No,No,10,PhonPe,Quarterly
2267,20,Male,Dress,Clothing,2420,Mussoorie,M,Yellow,Fall,4.3,No,Store Pickup,No,No,32,Debit Card,Weekly
2268,32,Male,Gloves,Accessories,2695,Delhi,S,Blue,Spring,3.8,No,Express,No,No,37,GooglePay,Weekly
2269,66,Male,Sweater,Clothing,1430,Bareily,L,Charcoal,Spring,2.7,No,2-Day Shipping,No,No,15,Bank Transfer,Monthly
2270,49,Male,Skirt,Clothing,2090,Delhi,M,Yellow,Fall,4.4,No,Store Pickup,No,No,27,Credit Card,Annually
2271,27,Male,Blouse,Clothing,3960,Bareily,L,Purple,Spring,3.5,No,Express,No,No,7,GooglePay,Weekly
2272,29,Male,Dress,Clothing,5445,Rameswaram,M,Green,Summer,3.4,No,Free Shipping,No,No,49,PhonPe,Quarterly
2273,29,Male,Jacket,Outerwear,2090,Mumbai,L,Charcoal,Spring,4,No,Standard,No,No,44,PhonPe,Monthly
2274,55,Male,Coat,Outerwear,5280,Nanded,L,Silver,Winter,4.8,No,Express,No,No,13,PhonPe,Bi-Weekly
2275,57,Male,Dress,Clothing,1485,Chandrapur,L,Turquoise,Spring,4.5,No,Next Day Air,No,No,38,PhonPe,Fortnightly
2276,29,Male,Shorts,Clothing,1320,Surat,M,Gray,Winter,4.4,No,Standard,No,No,10,Debit Card,Weekly
2277,31,Male,Jeans,Clothing,4510,Nagpur,L,Red,Summer,4.1,No,2-Day Shipping,No,No,25,Debit Card,Weekly
2278,25,Male,Hat,Accessories,3080,Nellore,M,Beige,Summer,4.6,No,Next Day Air,No,No,18,Credit Card,Quarterly
2279,61,Male,Gloves,Accessories,1375,Kolhapur,M,Maroon,Fall,3.8,No,Store Pickup,No,No,6,Cash,Every 3 Months
2280,53,Male,Sneakers,Footwear,3685,Ranchi,L,Indigo,Spring,2.9,No,Free Shipping,No,No,35,Bank Transfer,Quarterly
2281,22,Male,Shoes,Footwear,1155,Delhi,M,Red,Summer,2.8,No,Standard,No,No,31,Credit Card,Fortnightly
2282,28,Male,Hoodie,Clothing,1485,Varanasi,XL,Maroon,Summer,3,No,Store Pickup,No,No,41,Bank Transfer,Annually
2283,18,Male,Sneakers,Footwear,5335,Ujjain,S,Red,Fall,4.2,No,2-Day Shipping,No,No,8,Credit Card,Annually
2284,44,Male,Handbag,Accessories,2475,Mysuru,S,Black,Winter,4.1,No,Free Shipping,No,No,34,Credit Card,Fortnightly
2285,32,Male,Blouse,Clothing,3465,Sultanpur,XL,Black,Fall,4.1,No,Express,No,No,20,GooglePay,Annually
2286,34,Male,Belt,Accessories,5500,Michigan,L,Pink,Summer,4.6,No,2-Day Shipping,No,No,38,PhonPe,Every 3 Months
2287,67,Male,Socks,Clothing,2090,Ayodhya,L,Blue,Spring,2.5,No,Store Pickup,No,No,35,GooglePay,Quarterly
2288,66,Male,Blouse,Clothing,2475,Nainital,L,Green,Summer,3,No,Store Pickup,No,No,6,Debit Card,Annually
2289,28,Male,Jewelry,Accessories,5005,Vadodara,M,Orange,Fall,3.8,No,Next Day Air,No,No,50,PhonPe,Weekly
2290,70,Male,Shorts,Clothing,4510,Srinagar,M,Orange,Fall,4.1,No,Free Shipping,No,No,47,GooglePay,Weekly
2291,37,Male,Boots,Footwear,2640,Varanasi,L,Magenta,Winter,3.3,No,Standard,No,No,23,PhonPe,Quarterly
2292,28,Male,Coat,Outerwear,1650,Mysuru,M,Indigo,Spring,5,No,2-Day Shipping,No,No,13,Credit Card,Quarterly
2293,43,Male,T-shirt,Clothing,1870,Pune,S,Beige,Spring,3.8,No,Next Day Air,No,No,31,Debit Card,Monthly
2294,37,Male,Sweater,Clothing,3740,Bareily,L,Green,Fall,3.3,No,Express,No,No,16,Debit Card,Every 3 Months
2295,54,Male,Sunglasses,Accessories,5225,Kolhapur,M,Red,Winter,5,No,Express,No,No,40,Debit Card,Annually
2296,50,Male,Hat,Accessories,1210,Gwalior,L,Beige,Spring,2.9,No,2-Day Shipping,No,No,45,PhonPe,Quarterly
2297,46,Male,Gloves,Accessories,4840,Patna,M,Green,Fall,2.5,No,Next Day Air,No,No,50,GooglePay,Every 3 Months
2298,60,Male,Socks,Clothing,4565,Vadodara,M,Orange,Summer,4.7,No,Standard,No,No,1,Bank Transfer,Quarterly
2299,40,Male,Handbag,Accessories,4785,Ahmedabad,L,Cyan,Spring,2.9,No,2-Day Shipping,No,No,10,Cash,Every 3 Months
2300,64,Male,Coat,Outerwear,3135,Ujjain,M,Violet,Summer,3.7,No,Store Pickup,No,No,48,Credit Card,Every 3 Months
2301,18,Male,Coat,Outerwear,4840,Kota,XL,Lavender,Summer,4.4,No,2-Day Shipping,No,No,38,Credit Card,Monthly
2302,37,Male,Pants,Clothing,1100,Mumbai,L,Turquoise,Winter,2.9,No,Next Day Air,No,No,21,Debit Card,Annually
2303,36,Male,Belt,Accessories,2145,Ahmedabad,L,Pink,Summer,3.6,No,Store Pickup,No,No,38,GooglePay,Monthly
2304,51,Male,Sunglasses,Accessories,3905,Mangaluru,S,Beige,Spring,4.8,No,2-Day Shipping,No,No,31,Credit Card,Fortnightly
2305,26,Male,Hoodie,Clothing,4015,Lucknow,L,Silver,Winter,4.7,No,Free Shipping,No,No,9,Debit Card,Fortnightly
2306,68,Male,Handbag,Accessories,3465,Mumbai,M,Gold,Summer,2.6,No,Free Shipping,No,No,47,Cash,Weekly
2307,27,Male,Gloves,Accessories,4290,Ghaziabad,L,Silver,Winter,3.4,No,Standard,No,No,8,Cash,Bi-Weekly
2308,28,Male,Skirt,Clothing,5280,Mussoorie,L,Green,Fall,3.5,No,Next Day Air,No,No,30,Debit Card,Annually
2309,49,Male,Sunglasses,Accessories,4455,Bhubaneswar,M,Teal,Winter,3.4,No,2-Day Shipping,No,No,22,Bank Transfer,Quarterly
2310,70,Male,Dress,Clothing,5225,Gwalior,S,Gold,Fall,5,No,2-Day Shipping,No,No,3,Bank Transfer,Quarterly
2311,30,Male,Gloves,Accessories,3740,Shimla,M,Cyan,Spring,4.6,No,Standard,No,No,15,PhonPe,Monthly
2312,27,Male,Sneakers,Footwear,1540,Ahmedabad,L,Gold,Spring,4.8,No,2-Day Shipping,No,No,10,Bank Transfer,Every 3 Months
2313,19,Male,T-shirt,Clothing,1650,Pune,L,Violet,Summer,3.7,No,Free Shipping,No,No,19,Cash,Every 3 Months
2314,64,Male,Dress,Clothing,1705,Bareily,M,Black,Summer,4.7,No,Next Day Air,No,No,36,Bank Transfer,Fortnightly
2315,42,Male,Handbag,Accessories,5225,Shimla,XL,Brown,Winter,4.4,No,Express,No,No,12,Bank Transfer,Every 3 Months
2316,69,Male,Socks,Clothing,4345,Pune,M,Indigo,Winter,3.5,No,2-Day Shipping,No,No,49,Debit Card,Quarterly
2317,28,Male,Sneakers,Footwear,2145,Ahmedabad,L,Yellow,Winter,3.8,No,Standard,No,No,7,Debit Card,Annually
2318,47,Male,Jacket,Outerwear,1870,Mangaluru,M,Purple,Summer,4.7,No,Next Day Air,No,No,28,Bank Transfer,Monthly
2319,69,Male,Hoodie,Clothing,1540,Nagpur,L,White,Spring,3.1,No,Store Pickup,No,No,30,Credit Card,Annually
2320,56,Male,Sandals,Footwear,2090,Mumbai,XL,Turquoise,Winter,5,No,Free Shipping,No,No,29,PhonPe,Monthly
2321,28,Male,Shoes,Footwear,3025,Nanded,M,Olive,Spring,3.7,No,Free Shipping,No,No,9,Debit Card,Every 3 Months
2322,50,Male,Sandals,Footwear,1705,Dhanbad,M,Beige,Winter,3,No,Next Day Air,No,No,27,Debit Card,Fortnightly
2323,39,Male,Coat,Outerwear,4620,Gwalior,S,Lavender,Spring,4.5,No,Store Pickup,No,No,21,GooglePay,Fortnightly
2324,35,Male,Gloves,Accessories,5115,Kolhapur,L,White,Winter,4.7,No,Express,No,No,36,Credit Card,Monthly
2325,59,Male,Coat,Outerwear,1540,Chandigarh,L,Brown,Winter,3.5,No,Free Shipping,No,No,19,Debit Card,Annually
2326,44,Male,Boots,Footwear,3025,Chandrapur,M,Charcoal,Summer,4.4,No,2-Day Shipping,No,No,47,Cash,Weekly
2327,66,Male,Skirt,Clothing,3465,Surat,L,Maroon,Winter,2.6,No,Standard,No,No,38,Bank Transfer,Annually
2328,20,Male,Skirt,Clothing,5170,Nellore,M,Red,Winter,4.2,No,2-Day Shipping,No,No,22,GooglePay,Bi-Weekly
2329,45,Male,Pants,Clothing,1980,Bhubaneswar,M,Maroon,Fall,2.6,No,Express,No,No,29,GooglePay,Bi-Weekly
2330,49,Male,Hat,Accessories,5335,Nainital,S,Teal,Spring,4.8,No,Free Shipping,No,No,42,Bank Transfer,Annually
2331,60,Male,Backpack,Accessories,3465,Coimbatore,L,Orange,Summer,2.9,No,Store Pickup,No,No,47,PhonPe,Every 3 Months
2332,61,Male,Scarf,Accessories,4235,Visakhapatnam,S,Olive,Spring,4.3,No,2-Day Shipping,No,No,10,Credit Card,Bi-Weekly
2333,36,Male,Scarf,Accessories,2915,Nashik,XL,Olive,Fall,2.6,No,Store Pickup,No,No,10,GooglePay,Monthly
2334,33,Male,Shirt,Clothing,4235,Varanasi,M,Beige,Spring,3.8,No,Next Day Air,No,No,1,PhonPe,Every 3 Months
2335,49,Male,Boots,Footwear,4345,Varanasi,L,Green,Summer,4.2,No,Standard,No,No,7,Credit Card,Monthly
2336,31,Male,Coat,Outerwear,2035,Ujjain,M,Black,Summer,3.9,No,Store Pickup,No,No,10,GooglePay,Fortnightly
2337,19,Male,Belt,Accessories,5170,Vadodara,M,Green,Winter,3.1,No,Free Shipping,No,No,11,Credit Card,Weekly
2338,39,Male,Boots,Footwear,4180,Bhubaneswar,S,Violet,Fall,3.6,No,Store Pickup,No,No,5,Cash,Annually
2339,66,Male,Sneakers,Footwear,3740,Bareily,S,Silver,Fall,4,No,Express,No,No,21,PhonPe,Quarterly
2340,25,Male,Shirt,Clothing,3575,Visakhapatnam,L,Maroon,Spring,3.4,No,Next Day Air,No,No,24,Bank Transfer,Quarterly
2341,63,Male,Blouse,Clothing,1320,Chennai,M,Cyan,Summer,2.6,No,Standard,No,No,37,Credit Card,Fortnightly
2342,56,Male,Jacket,Outerwear,1705,Gwalior,L,Teal,Summer,4.5,No,Express,No,No,22,GooglePay,Every 3 Months
2343,20,Male,Skirt,Clothing,4895,Kochi,M,Olive,Fall,4.9,No,Standard,No,No,16,Debit Card,Fortnightly
2344,58,Male,Socks,Clothing,2695,Kolhapur,M,Red,Summer,4.4,No,2-Day Shipping,No,No,44,PhonPe,Monthly
2345,34,Male,Sandals,Footwear,5060,Bangalore,XL,Lavender,Fall,3.5,No,Express,No,No,14,GooglePay,Bi-Weekly
2346,28,Male,T-shirt,Clothing,1760,Chandrapur,S,Orange,Winter,3.3,No,Express,No,No,23,Bank Transfer,Every 3 Months
2347,22,Male,Jacket,Outerwear,3685,Nanded,L,Brown,Winter,3.1,No,Standard,No,No,46,Debit Card,Fortnightly
2348,37,Male,Belt,Accessories,3520,Vadodara,S,Gray,Fall,4.2,No,Express,No,No,46,Cash,Every 3 Months
2349,54,Male,Shoes,Footwear,4620,Mumbai,M,Orange,Spring,4.9,No,Next Day Air,No,No,16,PhonPe,Every 3 Months
2350,65,Male,Blouse,Clothing,1870,Chandrapur,M,Orange,Fall,3.9,No,Standard,No,No,40,Credit Card,Every 3 Months
2351,57,Male,Shoes,Footwear,1430,Raipur,M,Turquoise,Winter,4.2,No,Free Shipping,No,No,21,Cash,Annually
2352,38,Male,Sweater,Clothing,2750,Hyderabad,S,Cyan,Fall,4.9,No,Store Pickup,No,No,25,PhonPe,Bi-Weekly
2353,70,Male,Boots,Footwear,2530,Nainital,M,Yellow,Fall,2.8,No,Store Pickup,No,No,25,Bank Transfer,Quarterly
2354,56,Male,Handbag,Accessories,3905,Ahmedabad,M,White,Fall,4.1,No,Standard,No,No,25,Debit Card,Every 3 Months
2355,56,Male,Blouse,Clothing,4290,Gaya,M,Blue,Summer,4.8,No,Next Day Air,No,No,27,GooglePay,Monthly
2356,22,Male,Skirt,Clothing,1925,Kochi,S,Purple,Winter,4.1,No,Next Day Air,No,No,12,Cash,Monthly
2357,57,Male,Backpack,Accessories,3190,Ahmedabad,M,Gray,Summer,3,No,Free Shipping,No,No,27,Debit Card,Quarterly
2358,53,Male,Shirt,Clothing,3685,Michigan,L,Cyan,Fall,4.2,No,2-Day Shipping,No,No,40,Credit Card,Bi-Weekly
2359,53,Male,Sweater,Clothing,5115,Amritsar,L,Pink,Spring,3.8,No,Standard,No,No,38,Credit Card,Quarterly
2360,19,Male,Scarf,Accessories,4455,Kota,S,Gold,Spring,3.3,No,2-Day Shipping,No,No,44,Bank Transfer,Every 3 Months
2361,49,Male,Handbag,Accessories,4400,Chandrapur,L,Silver,Fall,4.7,No,2-Day Shipping,No,No,27,GooglePay,Every 3 Months
2362,44,Male,Scarf,Accessories,3520,Nellore,M,Gray,Spring,4.3,No,2-Day Shipping,No,No,30,Credit Card,Every 3 Months
2363,27,Male,Jeans,Clothing,2255,Shimla,M,Brown,Fall,2.7,No,Standard,No,No,24,Credit Card,Monthly
2364,60,Male,Socks,Clothing,4345,Kota,XL,Pink,Winter,4.2,No,Express,No,No,38,Cash,Bi-Weekly
2365,62,Male,Sunglasses,Accessories,3300,Indore,L,Maroon,Winter,4.2,No,Free Shipping,No,No,4,PhonPe,Quarterly
2366,52,Male,Sneakers,Footwear,5005,Nagpur,S,Peach,Winter,2.5,No,Next Day Air,No,No,32,GooglePay,Monthly
2367,30,Male,Shoes,Footwear,3630,Nanded,L,Brown,Winter,3.6,No,Express,No,No,32,Credit Card,Fortnightly
2368,66,Male,Socks,Clothing,4675,Bhubaneswar,L,Green,Winter,3.4,No,Standard,No,No,28,Bank Transfer,Bi-Weekly
2369,29,Male,Sunglasses,Accessories,2090,Mangaluru,M,Lavender,Summer,3.3,No,Standard,No,No,6,Debit Card,Every 3 Months
2370,24,Male,Sweater,Clothing,1265,Pune,M,Cyan,Winter,4.6,No,Standard,No,No,24,PhonPe,Monthly
2371,51,Male,Shoes,Footwear,3905,Rameswaram,M,Black,Spring,3.9,No,Store Pickup,No,No,38,GooglePay,Weekly
2372,67,Male,Socks,Clothing,1375,Vijaywada,M,Charcoal,Winter,3.7,No,Next Day Air,No,No,28,Debit Card,Annually
2373,50,Male,Boots,Footwear,2145,Nellore,XL,Silver,Spring,3.1,No,Express,No,No,9,PhonPe,Fortnightly
2374,37,Male,Hoodie,Clothing,1100,Michigan,M,Gray,Spring,4.9,No,Express,No,No,21,Debit Card,Every 3 Months
2375,69,Male,Gloves,Accessories,4015,Patna,L,Peach,Winter,4.7,No,Standard,No,No,31,Debit Card,Monthly
2376,60,Male,Backpack,Accessories,3465,Shimla,L,Peach,Fall,2.9,No,Next Day Air,No,No,18,Credit Card,Quarterly
2377,21,Male,Gloves,Accessories,5170,Kochi,XL,Cyan,Spring,4.1,No,Express,No,No,5,Cash,Weekly
2378,44,Male,Blouse,Clothing,5170,Ayodhya,L,Magenta,Fall,4,No,Next Day Air,No,No,22,Cash,Annually
2379,26,Male,Scarf,Accessories,3905,Hyderabad,L,Teal,Summer,2.7,No,Store Pickup,No,No,37,PhonPe,Bi-Weekly
2380,40,Male,Hat,Accessories,4235,Ayodhya,M,Peach,Spring,4,No,2-Day Shipping,No,No,22,Debit Card,Monthly
2381,41,Male,Scarf,Accessories,3630,Kota,M,Black,Fall,2.5,No,Next Day Air,No,No,36,PhonPe,Fortnightly
2382,62,Male,Sandals,Footwear,1265,Gaya,M,Teal,Summer,4.5,No,Free Shipping,No,No,23,PhonPe,Annually
2383,39,Male,Sweater,Clothing,3300,Vadodara,M,Turquoise,Spring,3.9,No,Express,No,No,44,Debit Card,Weekly
2384,53,Male,Backpack,Accessories,3960,Bangalore,L,Gold,Spring,4.9,No,2-Day Shipping,No,No,25,Bank Transfer,Annually
2385,24,Male,Blouse,Clothing,1925,Nellore,L,Green,Winter,3.3,No,2-Day Shipping,No,No,40,PhonPe,Quarterly
2386,41,Male,Scarf,Accessories,1705,Surat,M,Brown,Fall,3.8,No,Express,No,No,12,PhonPe,Weekly
2387,19,Male,Socks,Clothing,1815,Visakhapatnam,L,Blue,Summer,2.9,No,Standard,No,No,14,GooglePay,Monthly
2388,36,Male,Hat,Accessories,5225,Kochi,M,Gold,Summer,4,No,2-Day Shipping,No,No,14,Debit Card,Monthly
2389,21,Male,Dress,Clothing,3740,Nellore,M,Peach,Fall,4.1,No,Store Pickup,No,No,10,Debit Card,Annually
2390,25,Male,Coat,Outerwear,4785,Varanasi,M,Violet,Spring,3.1,No,Store Pickup,No,No,17,Bank Transfer,Every 3 Months
2391,65,Male,Shirt,Clothing,3520,Coimbatore,XL,Yellow,Winter,4.6,No,Express,No,No,24,Debit Card,Fortnightly
2392,42,Male,Shirt,Clothing,4070,Michigan,M,Black,Winter,4.6,No,Next Day Air,No,No,31,Bank Transfer,Quarterly
2393,40,Male,Jeans,Clothing,3410,Mussoorie,L,Silver,Spring,2.6,No,2-Day Shipping,No,No,36,Cash,Annually
2394,58,Male,Socks,Clothing,5335,Lucknow,M,Brown,Winter,5,No,2-Day Shipping,No,No,38,PhonPe,Every 3 Months
2395,40,Male,Sandals,Footwear,2585,Gwalior,L,Peach,Fall,2.9,No,2-Day Shipping,No,No,23,Debit Card,Fortnightly
2396,62,Male,Blouse,Clothing,4565,Gwalior,M,Cyan,Winter,3.5,No,2-Day Shipping,No,No,47,PhonPe,Bi-Weekly
2397,38,Male,Shirt,Clothing,4510,Chandigarh,M,Olive,Spring,3.7,No,2-Day Shipping,No,No,20,GooglePay,Weekly
2398,37,Male,Sunglasses,Accessories,1430,Ranchi,L,Black,Fall,2.9,No,Store Pickup,No,No,41,GooglePay,Monthly
2399,65,Male,Jacket,Outerwear,4455,Ghaziabad,M,Orange,Winter,4.3,No,Free Shipping,No,No,44,Bank Transfer,Fortnightly
2400,55,Male,Dress,Clothing,2420,Hyderabad,L,Beige,Spring,3.2,No,Store Pickup,No,No,31,Cash,Monthly
2401,43,Male,Sunglasses,Accessories,4840,Chandigarh,M,Peach,Winter,4.2,No,Next Day Air,No,No,11,Credit Card,Bi-Weekly
2402,43,Male,Boots,Footwear,4180,Chandigarh,M,Pink,Winter,4.2,No,Standard,No,No,25,PhonPe,Bi-Weekly
2403,45,Male,Scarf,Accessories,4895,Jalandhar,M,Brown,Winter,3.8,No,Free Shipping,No,No,31,Cash,Weekly
2404,64,Male,Shorts,Clothing,1210,Mussoorie,M,Magenta,Fall,4.4,No,Standard,No,No,40,Debit Card,Weekly
2405,28,Male,Shorts,Clothing,1815,Ranchi,L,Cyan,Winter,3.1,No,2-Day Shipping,No,No,23,Credit Card,Bi-Weekly
2406,69,Male,Jeans,Clothing,5335,Vadodara,XL,Silver,Fall,5,No,Standard,No,No,5,Debit Card,Quarterly
2407,54,Male,Scarf,Accessories,3135,Vadodara,M,Indigo,Winter,4.7,No,Standard,No,No,26,PhonPe,Weekly
2408,52,Male,Shorts,Clothing,2090,Visakhapatnam,M,Beige,Summer,3,No,Express,No,No,11,Credit Card,Bi-Weekly
2409,23,Male,Sneakers,Footwear,3025,Raipur,XL,Black,Fall,4.2,No,Next Day Air,No,No,44,Debit Card,Every 3 Months
2410,26,Male,Jewelry,Accessories,2035,Patna,L,Yellow,Spring,3,No,Store Pickup,No,No,47,Cash,Every 3 Months
2411,48,Male,Shoes,Footwear,2365,Gaya,M,Maroon,Summer,3.7,No,Free Shipping,No,No,46,PhonPe,Monthly
2412,49,Male,Hoodie,Clothing,5280,Shimla,M,Cyan,Summer,2.7,No,Free Shipping,No,No,35,Cash,Every 3 Months
2413,53,Male,Jacket,Outerwear,2805,Chandigarh,M,Pink,Winter,4.3,No,2-Day Shipping,No,No,8,Bank Transfer,Bi-Weekly
2414,69,Male,Shorts,Clothing,5225,Kota,XL,Violet,Fall,2.7,No,2-Day Shipping,No,No,30,Bank Transfer,Weekly
2415,26,Male,Socks,Clothing,1430,Shimla,M,Lavender,Summer,3.7,No,Next Day Air,No,No,14,Credit Card,Bi-Weekly
2416,21,Male,Coat,Outerwear,1870,Raipur,XL,Lavender,Fall,4.3,No,Standard,No,No,30,Bank Transfer,Weekly
2417,59,Male,Sandals,Footwear,4565,Nainital,S,Black,Summer,4,No,Next Day Air,No,No,26,Credit Card,Every 3 Months
2418,21,Male,Backpack,Accessories,1320,Rameswaram,M,Olive,Fall,3.3,No,Standard,No,No,32,GooglePay,Fortnightly
2419,22,Male,Pants,Clothing,3795,Michigan,S,Indigo,Fall,4,No,Next Day Air,No,No,47,Cash,Every 3 Months
2420,26,Male,Sweater,Clothing,2200,Udaipur,M,Blue,Fall,2.7,No,Next Day Air,No,No,11,Credit Card,Every 3 Months
2421,41,Male,Jacket,Outerwear,4785,Udaipur,S,Green,Winter,4.2,No,Free Shipping,No,No,28,PhonPe,Annually
2422,37,Male,Sneakers,Footwear,2530,Prayagraj,L,Pink,Spring,4.6,No,Standard,No,No,2,Debit Card,Every 3 Months
2423,30,Male,Jewelry,Accessories,4510,Bareily,M,Peach,Winter,4.8,No,Store Pickup,No,No,45,Credit Card,Weekly
2424,49,Male,Backpack,Accessories,4455,Ranchi,M,Purple,Summer,2.8,No,Free Shipping,No,No,7,Credit Card,Every 3 Months
2425,49,Male,Jewelry,Accessories,3135,Chennai,M,Peach,Winter,4.5,No,Next Day Air,No,No,28,Bank Transfer,Bi-Weekly
2426,58,Male,Shoes,Footwear,2695,Bhubaneswar,S,Olive,Summer,3,No,2-Day Shipping,No,No,34,Bank Transfer,Quarterly
2427,70,Male,Jacket,Outerwear,2310,Ghaziabad,M,Olive,Fall,4.6,No,Free Shipping,No,No,26,Debit Card,Every 3 Months
2428,27,Male,Jacket,Outerwear,1430,Chandigarh,M,Purple,Spring,3.3,No,Standard,No,No,45,Cash,Quarterly
2429,65,Male,T-shirt,Clothing,2090,Ujjain,M,Violet,Spring,4.4,No,Next Day Air,No,No,34,Debit Card,Annually
2430,57,Male,Sneakers,Footwear,3135,Shimla,XL,Maroon,Summer,4.4,No,Standard,No,No,47,Credit Card,Fortnightly
2431,20,Male,Jacket,Outerwear,5500,Bhubaneswar,XL,White,Summer,4.3,No,Express,No,No,42,Cash,Quarterly
2432,34,Male,Hoodie,Clothing,4015,Nellore,S,Olive,Fall,3.4,No,Express,No,No,27,Bank Transfer,Every 3 Months
2433,59,Male,Jacket,Outerwear,3630,Raipur,M,Peach,Winter,2.8,No,Store Pickup,No,No,43,GooglePay,Monthly
2434,54,Male,T-shirt,Clothing,4015,Chandigarh,M,Blue,Spring,3.4,No,Standard,No,No,16,Cash,Bi-Weekly
2435,36,Male,Gloves,Accessories,2475,Jalandhar,M,Brown,Spring,5,No,Store Pickup,No,No,40,Credit Card,Monthly
2436,21,Male,Sneakers,Footwear,1485,Raipur,S,Black,Fall,4.5,No,Free Shipping,No,No,29,Cash,Bi-Weekly
2437,52,Male,T-shirt,Clothing,1320,Gwalior,M,Yellow,Fall,2.7,No,Store Pickup,No,No,38,Credit Card,Quarterly
2438,43,Male,Sneakers,Footwear,3245,Nagpur,XL,Magenta,Winter,3.4,No,Store Pickup,No,No,34,Credit Card,Weekly
2439,32,Male,Jeans,Clothing,1100,Chennai,S,Cyan,Winter,3.4,No,Express,No,No,30,GooglePay,Weekly
2440,55,Male,Handbag,Accessories,2420,Gurgaon,M,Maroon,Summer,2.8,No,Standard,No,No,45,Bank Transfer,Annually
2441,31,Male,Socks,Clothing,4950,Vijaywada,M,Red,Spring,4.7,No,Standard,No,No,47,Bank Transfer,Annually
2442,45,Male,Jewelry,Accessories,1980,Vadodara,M,Black,Fall,4.7,No,Free Shipping,No,No,5,Credit Card,Monthly
2443,53,Male,Blouse,Clothing,5225,Nagpur,L,Violet,Winter,4.7,No,Free Shipping,No,No,50,Debit Card,Bi-Weekly
2444,24,Male,Backpack,Accessories,1650,Ayodhya,M,Green,Spring,3.4,No,2-Day Shipping,No,No,24,Bank Transfer,Bi-Weekly
2445,47,Male,Scarf,Accessories,3575,Ranchi,S,Gold,Fall,3.7,No,Express,No,No,15,Debit Card,Bi-Weekly
2446,63,Male,Scarf,Accessories,5280,Kochi,M,Brown,Summer,4.1,No,Store Pickup,No,No,50,Cash,Weekly
2447,38,Male,Shirt,Clothing,3575,Rameswaram,L,Peach,Spring,2.9,No,2-Day Shipping,No,No,7,Credit Card,Monthly
2448,59,Male,Pants,Clothing,2585,Ayodhya,L,Peach,Fall,3.2,No,Store Pickup,No,No,10,GooglePay,Fortnightly
2449,54,Male,Hat,Accessories,1375,Kochi,S,Violet,Fall,3,No,Free Shipping,No,No,38,PhonPe,Bi-Weekly
2450,26,Male,Coat,Outerwear,3080,Nellore,S,Violet,Fall,4.1,No,Express,No,No,31,GooglePay,Fortnightly
2451,68,Male,T-shirt,Clothing,4180,Udaipur,M,Magenta,Fall,4.5,No,Standard,No,No,7,GooglePay,Quarterly
2452,41,Male,Socks,Clothing,3300,Surat,M,Purple,Fall,3.4,No,Store Pickup,No,No,27,GooglePay,Monthly
2453,68,Male,Shirt,Clothing,3685,Chandrapur,L,Purple,Winter,4.1,No,Express,No,No,45,Bank Transfer,Every 3 Months
2454,21,Male,Sweater,Clothing,5225,Sultanpur,XL,Cyan,Spring,4.6,No,Store Pickup,No,No,13,Cash,Annually
2455,32,Male,Gloves,Accessories,3960,Rameswaram,M,Magenta,Winter,4.6,No,Express,No,No,33,GooglePay,Annually
2456,20,Male,Belt,Accessories,5390,Rameswaram,L,Lavender,Spring,3.4,No,Express,No,No,25,Cash,Every 3 Months
2457,59,Male,Jeans,Clothing,4565,Nainital,M,Green,Winter,3.3,No,2-Day Shipping,No,No,5,PhonPe,Monthly
2458,53,Male,Handbag,Accessories,2035,Chennai,M,Maroon,Fall,3.6,No,2-Day Shipping,No,No,23,Cash,Quarterly
2459,66,Male,T-shirt,Clothing,4675,Amritsar,L,Turquoise,Fall,4.6,No,Free Shipping,No,No,17,Bank Transfer,Weekly
2460,47,Male,Socks,Clothing,1980,Mussoorie,L,Violet,Fall,4.3,No,2-Day Shipping,No,No,14,Cash,Weekly
2461,58,Male,Jeans,Clothing,1980,Mumbai,S,Lavender,Winter,4,No,Store Pickup,No,No,28,Credit Card,Annually
2462,28,Male,Scarf,Accessories,4730,Kota,L,Red,Summer,4.8,No,Next Day Air,No,No,19,Credit Card,Weekly
2463,68,Male,Pants,Clothing,5445,Mussoorie,XL,Orange,Spring,4.3,No,Standard,No,No,31,Bank Transfer,Bi-Weekly
2464,60,Male,Blouse,Clothing,1155,Indore,XL,Indigo,Summer,3.3,No,Standard,No,No,25,Cash,Bi-Weekly
2465,47,Male,Jacket,Outerwear,4620,Raipur,L,Teal,Winter,2.8,No,Express,No,No,4,Cash,Bi-Weekly
2466,18,Male,Sandals,Footwear,3465,Amritsar,M,Brown,Spring,4.4,No,Free Shipping,No,No,20,Bank Transfer,Weekly
2467,32,Male,Shorts,Clothing,4620,Ayodhya,S,Pink,Summer,3.7,No,Express,No,No,37,Cash,Annually
2468,27,Male,Shorts,Clothing,3960,Mangaluru,M,Lavender,Spring,3.6,No,Express,No,No,28,Credit Card,Annually
2469,65,Male,Skirt,Clothing,1155,Gwalior,L,Cyan,Winter,3.7,No,2-Day Shipping,No,No,6,GooglePay,Weekly
2470,68,Male,Sandals,Footwear,5060,Kolhapur,M,Yellow,Fall,5,No,Standard,No,No,27,PhonPe,Annually
2471,55,Male,Blouse,Clothing,3960,Coimbatore,XL,Pink,Fall,2.7,No,Next Day Air,No,No,29,Credit Card,Fortnightly
2472,30,Male,Sandals,Footwear,4565,Surat,M,Gray,Spring,4.3,No,Store Pickup,No,No,1,Cash,Annually
2473,24,Male,Shirt,Clothing,4015,Jalandhar,M,Peach,Summer,4.1,No,Standard,No,No,31,Credit Card,Annually
2474,57,Male,Socks,Clothing,5390,Gurgaon,M,Red,Winter,2.6,No,Next Day Air,No,No,28,Cash,Quarterly
2475,23,Male,T-shirt,Clothing,4180,Udaipur,M,Olive,Fall,3.2,No,Store Pickup,No,No,19,Bank Transfer,Quarterly
2476,69,Male,Dress,Clothing,2365,Vadodara,S,Lavender,Summer,3.5,No,Next Day Air,No,No,36,GooglePay,Monthly
2477,60,Male,Hat,Accessories,3300,Dhanbad,M,Turquoise,Summer,3.7,No,Next Day Air,No,No,28,Cash,Monthly
2478,25,Male,Gloves,Accessories,2200,Vadodara,L,Turquoise,Spring,3.8,No,2-Day Shipping,No,No,29,PhonPe,Weekly
2479,18,Male,Socks,Clothing,5115,Pune,S,Maroon,Winter,4.8,No,2-Day Shipping,No,No,9,Bank Transfer,Every 3 Months
2480,37,Male,Dress,Clothing,5390,Varanasi,S,Olive,Fall,4.2,No,Standard,No,No,26,Credit Card,Every 3 Months
2481,61,Male,Socks,Clothing,5005,Mysuru,XL,Maroon,Summer,2.9,No,Next Day Air,No,No,7,Credit Card,Fortnightly
2482,41,Male,Belt,Accessories,5060,Mangaluru,XL,Cyan,Fall,2.9,No,Free Shipping,No,No,35,Debit Card,Weekly
2483,69,Male,Handbag,Accessories,4785,Coimbatore,S,Peach,Winter,4.8,No,Next Day Air,No,No,46,Credit Card,Every 3 Months
2484,32,Male,Skirt,Clothing,5280,Coimbatore,S,Teal,Fall,2.9,No,Standard,No,No,8,Debit Card,Monthly
2485,60,Male,Hoodie,Clothing,5335,Hyderabad,M,Green,Summer,4.8,No,2-Day Shipping,No,No,50,Cash,Every 3 Months
2486,43,Male,Blouse,Clothing,3025,Lucknow,M,Beige,Spring,4.6,No,2-Day Shipping,No,No,37,Bank Transfer,Annually
2487,61,Male,Jeans,Clothing,3190,Amritsar,L,Magenta,Spring,4.4,No,Store Pickup,No,No,6,Credit Card,Fortnightly
2488,57,Male,Boots,Footwear,1155,Ahmedabad,L,Violet,Spring,3,No,Next Day Air,No,No,16,PhonPe,Bi-Weekly
2489,56,Male,Handbag,Accessories,4510,Hyderabad,XL,Charcoal,Summer,4.4,No,Express,No,No,30,PhonPe,Monthly
2490,66,Male,Coat,Outerwear,1870,Ayodhya,M,Green,Winter,3.9,No,Express,No,No,50,GooglePay,Quarterly
2491,52,Male,Blouse,Clothing,4290,Ahmedabad,M,Gray,Spring,4,No,Free Shipping,No,No,5,Cash,Every 3 Months
2492,63,Male,Handbag,Accessories,2585,Udaipur,M,Magenta,Spring,2.5,No,Express,No,No,15,Bank Transfer,Monthly
2493,50,Male,Sunglasses,Accessories,5280,Ayodhya,S,Silver,Summer,4.1,No,Next Day Air,No,No,34,Bank Transfer,Bi-Weekly
2494,21,Male,Socks,Clothing,1265,Mumbai,S,Beige,Fall,4.8,No,2-Day Shipping,No,No,6,GooglePay,Every 3 Months
2495,42,Male,Shoes,Footwear,1485,Surat,S,Peach,Winter,2.6,No,Store Pickup,No,No,26,Debit Card,Annually
2496,40,Male,Backpack,Accessories,2035,Nainital,XL,Orange,Spring,3.1,No,Free Shipping,No,No,34,Credit Card,Every 3 Months
2497,67,Male,Scarf,Accessories,4345,Visakhapatnam,S,Yellow,Summer,3.2,No,Store Pickup,No,No,37,Credit Card,Weekly
2498,35,Male,Backpack,Accessories,2200,Dhanbad,M,Violet,Summer,4.2,No,Standard,No,No,28,Bank Transfer,Annually
2499,18,Male,Coat,Outerwear,2145,Kolkata,S,Green,Fall,2.6,No,Next Day Air,No,No,38,Cash,Fortnightly
2500,52,Male,Hoodie,Clothing,4015,Lucknow,L,Pink,Summer,3.1,No,Next Day Air,No,No,2,Cash,Quarterly
2501,59,Male,Gloves,Accessories,4620,Kolkata,M,Violet,Fall,2.9,No,Store Pickup,No,No,32,Cash,Bi-Weekly
2502,49,Male,Shorts,Clothing,5170,Ranchi,M,Violet,Fall,4.6,No,Free Shipping,No,No,30,GooglePay,Bi-Weekly
2503,46,Male,Skirt,Clothing,2585,Ujjain,L,Pink,Spring,4.1,No,Standard,No,No,17,PhonPe,Every 3 Months
2504,69,Male,Boots,Footwear,4235,Mysuru,M,Violet,Summer,2.5,No,Store Pickup,No,No,5,Debit Card,Bi-Weekly
2505,56,Male,Shorts,Clothing,5170,Bangalore,M,Turquoise,Winter,4,No,Store Pickup,No,No,31,Cash,Bi-Weekly
2506,27,Male,Handbag,Accessories,4125,Visakhapatnam,M,Cyan,Summer,3.5,No,Express,No,No,43,PhonPe,Quarterly
2507,57,Male,Dress,Clothing,4510,Chandrapur,XL,Orange,Spring,4.4,No,Free Shipping,No,No,19,GooglePay,Annually
2508,58,Male,Shoes,Footwear,1980,Lucknow,M,Cyan,Fall,2.9,No,Store Pickup,No,No,32,Credit Card,Every 3 Months
2509,23,Male,Sneakers,Footwear,4950,Vadodara,XL,Indigo,Spring,3.1,No,2-Day Shipping,No,No,5,Debit Card,Bi-Weekly
2510,19,Male,Socks,Clothing,2640,Patna,M,Black,Spring,4.4,No,Free Shipping,No,No,9,Bank Transfer,Quarterly
2511,40,Male,Jacket,Outerwear,2310,Ayodhya,L,Purple,Winter,4.4,No,Standard,No,No,48,Credit Card,Weekly
2512,54,Male,Backpack,Accessories,1815,Ujjain,M,Cyan,Summer,2.7,No,Store Pickup,No,No,1,PhonPe,Quarterly
2513,50,Male,Socks,Clothing,3465,Bhubaneswar,M,Green,Summer,4.9,No,Free Shipping,No,No,20,Credit Card,Monthly
2514,69,Male,Handbag,Accessories,2915,Patna,L,Teal,Winter,3.5,No,2-Day Shipping,No,No,42,Cash,Annually
2515,42,Male,Hat,Accessories,2035,Rameswaram,L,Teal,Spring,4.8,No,Free Shipping,No,No,45,PhonPe,Bi-Weekly
2516,37,Male,Blouse,Clothing,5060,Varanasi,M,Magenta,Summer,4.2,No,2-Day Shipping,No,No,41,Cash,Monthly
2517,46,Male,Shorts,Clothing,4015,Jalandhar,XL,Brown,Spring,4.6,No,Standard,No,No,36,Debit Card,Quarterly
2518,64,Male,Shirt,Clothing,2090,Nagpur,L,Orange,Spring,2.9,No,Standard,No,No,10,GooglePay,Annually
2519,20,Male,Boots,Footwear,2805,Mumbai,XL,Blue,Fall,4,No,Store Pickup,No,No,31,GooglePay,Annually
2520,40,Male,Jacket,Outerwear,4950,Michigan,L,Magenta,Spring,4.9,No,Standard,No,No,21,Credit Card,Quarterly
2521,64,Male,Jacket,Outerwear,3080,Visakhapatnam,L,Magenta,Summer,3.1,No,Next Day Air,No,No,16,Cash,Every 3 Months
2522,29,Male,Handbag,Accessories,1815,Prayagraj,M,Magenta,Fall,4.4,No,Standard,No,No,18,PhonPe,Every 3 Months
2523,20,Male,Belt,Accessories,2915,Kolkata,S,Olive,Winter,2.5,No,2-Day Shipping,No,No,20,Debit Card,Weekly
2524,43,Male,Handbag,Accessories,1320,Mangaluru,S,Cyan,Spring,3.4,No,Express,No,No,21,Bank Transfer,Annually
2525,60,Male,Coat,Outerwear,3245,Varanasi,M,Purple,Spring,3.7,No,Express,No,No,23,Credit Card,Quarterly
2526,39,Male,Sweater,Clothing,3960,Delhi,M,Purple,Winter,4.2,No,Standard,No,No,20,PhonPe,Weekly
2527,47,Male,Shorts,Clothing,1540,Bangalore,S,Peach,Spring,3.4,No,Express,No,No,30,PhonPe,Bi-Weekly
2528,19,Male,Pants,Clothing,1980,Visakhapatnam,M,Gold,Fall,3.6,No,Express,No,No,33,Bank Transfer,Every 3 Months
2529,52,Male,Jewelry,Accessories,2585,Nellore,S,Peach,Fall,4.7,No,2-Day Shipping,No,No,31,Debit Card,Monthly
2530,34,Male,Gloves,Accessories,3410,Kochi,M,Magenta,Spring,4.7,No,Next Day Air,No,No,48,Bank Transfer,Monthly
2531,25,Male,Skirt,Clothing,5390,Kolkata,S,Cyan,Spring,3.6,No,Free Shipping,No,No,28,Debit Card,Weekly
2532,43,Male,Sandals,Footwear,1540,Amritsar,M,Violet,Summer,4.6,No,Free Shipping,No,No,7,Cash,Every 3 Months
2533,55,Male,Socks,Clothing,4730,Nainital,S,Charcoal,Summer,2.6,No,Next Day Air,No,No,4,Debit Card,Weekly
2534,66,Male,Jewelry,Accessories,2530,Kota,S,Blue,Summer,3.1,No,Standard,No,No,49,Cash,Bi-Weekly
2535,41,Male,Sunglasses,Accessories,2310,Shimla,XL,Red,Fall,3.2,No,Free Shipping,No,No,22,Cash,Weekly
2536,47,Male,Coat,Outerwear,4400,Pune,S,Purple,Winter,3.9,No,Express,No,No,39,Bank Transfer,Fortnightly
2537,51,Male,Belt,Accessories,2145,Surat,L,Gray,Spring,4.9,No,Express,No,No,45,PhonPe,Every 3 Months
2538,44,Male,Coat,Outerwear,2695,Mumbai,M,Purple,Summer,4.1,No,2-Day Shipping,No,No,30,PhonPe,Fortnightly
2539,18,Male,Scarf,Accessories,1760,Mangaluru,M,Silver,Summer,4.2,No,Next Day Air,No,No,33,Credit Card,Bi-Weekly
2540,33,Male,Sandals,Footwear,4015,Kolkata,M,Purple,Fall,4.1,No,Next Day Air,No,No,24,Cash,Bi-Weekly
2541,24,Male,Belt,Accessories,2310,Mangaluru,M,Charcoal,Summer,3.9,No,Free Shipping,No,No,11,Debit Card,Quarterly
2542,33,Male,Scarf,Accessories,3190,Patna,M,Silver,Spring,2.7,No,Next Day Air,No,No,13,GooglePay,Every 3 Months
2543,61,Male,Jewelry,Accessories,1210,Gurgaon,M,White,Winter,3.7,No,Express,No,No,27,PhonPe,Annually
2544,27,Male,Scarf,Accessories,3080,Ranchi,L,Peach,Spring,2.7,No,Next Day Air,No,No,30,PhonPe,Bi-Weekly
2545,46,Male,Pants,Clothing,3850,Chennai,M,Red,Spring,2.5,No,Next Day Air,No,No,39,GooglePay,Quarterly
2546,38,Male,Shoes,Footwear,2750,Amritsar,L,Olive,Spring,3.9,No,Free Shipping,No,No,10,Debit Card,Annually
2547,63,Male,Boots,Footwear,1155,Amritsar,L,Gray,Summer,3,No,Express,No,No,4,Credit Card,Quarterly
2548,47,Male,Jacket,Outerwear,5335,Indore,M,Beige,Summer,3.2,No,2-Day Shipping,No,No,16,Cash,Weekly
2549,42,Male,Backpack,Accessories,3465,Amritsar,L,Pink,Winter,3.8,No,Standard,No,No,34,Credit Card,Monthly
2550,41,Male,Jacket,Outerwear,3300,Shimla,M,Red,Fall,2.7,No,Standard,No,No,11,Debit Card,Every 3 Months
2551,53,Male,Boots,Footwear,2860,Hyderabad,XL,Peach,Fall,3,No,Store Pickup,No,No,30,Debit Card,Fortnightly
2552,29,Male,Shoes,Footwear,1760,Prayagraj,M,Maroon,Winter,4.1,No,Next Day Air,No,No,40,Debit Card,Annually
2553,61,Male,Belt,Accessories,2640,Kolhapur,XL,Purple,Spring,3.2,No,2-Day Shipping,No,No,13,Credit Card,Annually
2554,69,Male,Jewelry,Accessories,1375,Pune,M,Maroon,Summer,4.5,No,Store Pickup,No,No,28,GooglePay,Every 3 Months
2555,51,Male,Jewelry,Accessories,3740,Varanasi,M,Gray,Summer,4.3,No,Store Pickup,No,No,49,Debit Card,Bi-Weekly
2556,24,Male,Pants,Clothing,4070,Ujjain,M,Gray,Fall,3.5,No,Standard,No,No,23,Credit Card,Weekly
2557,24,Male,T-shirt,Clothing,4840,Ahmedabad,XL,Magenta,Fall,3.1,No,Standard,No,No,4,Bank Transfer,Quarterly
2558,70,Male,Shorts,Clothing,1265,Surat,L,Cyan,Spring,3.9,No,Standard,No,No,17,PhonPe,Fortnightly
2559,49,Male,Hoodie,Clothing,1760,Vadodara,M,Silver,Fall,2.7,No,Express,No,No,24,PhonPe,Fortnightly
2560,48,Male,Belt,Accessories,3905,Indore,S,Green,Winter,4,No,Free Shipping,No,No,21,Debit Card,Every 3 Months
2561,58,Male,Boots,Footwear,3410,Vadodara,M,Violet,Spring,2.7,No,Next Day Air,No,No,17,Debit Card,Bi-Weekly
2562,32,Male,Hoodie,Clothing,1100,Chandrapur,L,Magenta,Spring,2.7,No,Free Shipping,No,No,22,Debit Card,Quarterly
2563,57,Male,Shorts,Clothing,3410,Coimbatore,XL,Yellow,Spring,4.7,No,Standard,No,No,27,Cash,Fortnightly
2564,69,Male,Backpack,Accessories,4455,Kolkata,XL,Gray,Winter,4.5,No,Standard,No,No,1,GooglePay,Every 3 Months
2565,42,Male,Scarf,Accessories,4950,Delhi,L,Indigo,Winter,3,No,2-Day Shipping,No,No,27,Bank Transfer,Weekly
2566,30,Male,Socks,Clothing,2365,Pune,S,Indigo,Fall,3.6,No,Store Pickup,No,No,8,GooglePay,Quarterly
2567,35,Male,Handbag,Accessories,2090,Mussoorie,S,Yellow,Fall,3.3,No,Standard,No,No,43,PhonPe,Quarterly
2568,19,Male,Sunglasses,Accessories,1375,Michigan,XL,Gold,Spring,4.3,No,Store Pickup,No,No,24,Cash,Fortnightly
2569,52,Male,T-shirt,Clothing,5390,Amritsar,XL,Green,Winter,4.3,No,Express,No,No,29,PhonPe,Fortnightly
2570,42,Male,Dress,Clothing,4125,Chandrapur,M,Charcoal,Spring,4.8,No,Free Shipping,No,No,10,Bank Transfer,Bi-Weekly
2571,36,Male,Sneakers,Footwear,1485,Nanded,XL,Olive,Spring,4,No,Store Pickup,No,No,12,PhonPe,Fortnightly
2572,45,Male,Sunglasses,Accessories,1485,Indore,L,Black,Winter,3.5,No,Standard,No,No,48,Cash,Fortnightly
2573,54,Male,Blouse,Clothing,2310,Patna,M,Silver,Fall,3.9,No,Next Day Air,No,No,40,Bank Transfer,Quarterly
2574,54,Male,T-shirt,Clothing,4950,Nanded,M,Red,Summer,4.4,No,Store Pickup,No,No,1,Bank Transfer,Annually
2575,27,Male,Hat,Accessories,3465,Ghaziabad,M,Brown,Summer,4.6,No,2-Day Shipping,No,No,26,Credit Card,Fortnightly
2576,53,Male,Shorts,Clothing,5280,Prayagraj,M,Silver,Fall,4,No,Express,No,No,9,PhonPe,Annually
2577,20,Male,Hoodie,Clothing,2200,Hyderabad,M,Silver,Winter,4.2,No,Free Shipping,No,No,19,Debit Card,Quarterly
2578,52,Male,Socks,Clothing,2145,Prayagraj,L,Black,Fall,4.5,No,Next Day Air,No,No,37,Bank Transfer,Monthly
2579,54,Male,Sunglasses,Accessories,2640,Pune,M,Purple,Fall,3.9,No,Free Shipping,No,No,3,Cash,Quarterly
2580,65,Male,Blouse,Clothing,1100,Prayagraj,M,Purple,Summer,3.7,No,Express,No,No,40,GooglePay,Weekly
2581,43,Male,Jeans,Clothing,1595,Kolkata,S,Turquoise,Summer,3.6,No,Store Pickup,No,No,13,Bank Transfer,Quarterly
2582,57,Male,Dress,Clothing,4455,Nagpur,M,Gold,Winter,4.7,No,Express,No,No,48,Credit Card,Monthly
2583,19,Male,Dress,Clothing,5390,Ayodhya,S,Indigo,Fall,3.6,No,2-Day Shipping,No,No,4,GooglePay,Every 3 Months
2584,69,Male,Jeans,Clothing,5115,Surat,M,Lavender,Fall,2.5,No,Next Day Air,No,No,9,Cash,Weekly
2585,26,Male,Socks,Clothing,1650,Ghaziabad,L,Blue,Summer,2.9,No,Store Pickup,No,No,26,Bank Transfer,Bi-Weekly
2586,57,Male,Sunglasses,Accessories,2035,Gaya,L,Maroon,Fall,4.4,No,Free Shipping,No,No,19,Debit Card,Weekly
2587,20,Male,Coat,Outerwear,1540,Mumbai,L,Yellow,Winter,4.6,No,Express,No,No,1,Credit Card,Every 3 Months
2588,55,Male,Scarf,Accessories,1595,Gwalior,M,Purple,Winter,3.7,No,Express,No,No,29,PhonPe,Every 3 Months
2589,44,Male,Backpack,Accessories,2695,Chennai,M,Peach,Summer,3.2,No,Free Shipping,No,No,38,GooglePay,Bi-Weekly
2590,52,Male,Pants,Clothing,2915,Bhubaneswar,M,Silver,Winter,4.9,No,2-Day Shipping,No,No,31,PhonPe,Annually
2591,57,Male,Gloves,Accessories,3630,Vadodara,M,Turquoise,Summer,5,No,Free Shipping,No,No,35,GooglePay,Annually
2592,40,Male,Jacket,Outerwear,3355,Nanded,S,Olive,Spring,3.3,No,Express,No,No,40,Cash,Quarterly
2593,23,Male,Shorts,Clothing,1265,Sultanpur,XL,Peach,Summer,4.4,No,Store Pickup,No,No,13,GooglePay,Quarterly
2594,36,Male,Pants,Clothing,1980,Dhanbad,S,Indigo,Fall,4.7,No,Store Pickup,No,No,9,Bank Transfer,Every 3 Months
2595,59,Male,Skirt,Clothing,4455,Ahmedabad,L,Indigo,Fall,3.6,No,Free Shipping,No,No,25,Cash,Every 3 Months
2596,29,Male,Blouse,Clothing,3080,Sultanpur,XL,Maroon,Summer,3.2,No,Free Shipping,No,No,3,Bank Transfer,Bi-Weekly
2597,63,Male,Shirt,Clothing,4290,Lucknow,L,Black,Spring,3,No,Next Day Air,No,No,35,Credit Card,Monthly
2598,60,Male,Jewelry,Accessories,1375,Nellore,XL,Teal,Summer,4.4,No,Store Pickup,No,No,13,GooglePay,Bi-Weekly
2599,64,Male,Backpack,Accessories,4730,Srinagar,XL,Olive,Fall,3.3,No,Express,No,No,31,Debit Card,Annually
2600,63,Male,Jewelry,Accessories,5445,Pune,M,Gold,Winter,3.4,No,Express,No,No,48,Credit Card,Monthly
2601,21,Male,Belt,Accessories,4565,Chandrapur,M,Gray,Fall,3.9,No,Express,No,No,6,Bank Transfer,Bi-Weekly
2602,61,Male,Dress,Clothing,1815,Indore,L,Orange,Winter,2.9,No,Store Pickup,No,No,43,Cash,Monthly
2603,65,Male,Coat,Outerwear,2420,Nashik,M,Black,Fall,2.9,No,Free Shipping,No,No,1,GooglePay,Quarterly
2604,69,Male,Dress,Clothing,3190,Patna,M,Teal,Spring,2.7,No,2-Day Shipping,No,No,8,Cash,Annually
2605,47,Male,Sweater,Clothing,2970,Dhanbad,M,Beige,Spring,3.4,No,Store Pickup,No,No,6,Debit Card,Weekly
2606,41,Male,Hoodie,Clothing,5115,Srinagar,M,White,Spring,3.7,No,2-Day Shipping,No,No,32,GooglePay,Fortnightly
2607,68,Male,Shoes,Footwear,5390,Srinagar,L,Turquoise,Spring,4.7,No,Standard,No,No,46,Bank Transfer,Bi-Weekly
2608,41,Male,Shoes,Footwear,1980,Surat,XL,Teal,Spring,3.1,No,Express,No,No,38,PhonPe,Every 3 Months
2609,42,Male,Jacket,Outerwear,3740,Indore,L,Orange,Fall,4.2,No,2-Day Shipping,No,No,48,Credit Card,Fortnightly
2610,66,Male,Backpack,Accessories,5225,Gurgaon,M,Black,Summer,3,No,Store Pickup,No,No,18,Debit Card,Bi-Weekly
2611,66,Male,Jeans,Clothing,5115,Ranchi,M,Violet,Spring,3.1,No,Express,No,No,25,Cash,Quarterly
2612,33,Male,Jacket,Outerwear,5445,Michigan,L,Maroon,Fall,4.2,No,2-Day Shipping,No,No,4,Cash,Fortnightly
2613,55,Male,Sunglasses,Accessories,1210,Lucknow,M,Turquoise,Winter,3.8,No,Next Day Air,No,No,27,GooglePay,Quarterly
2614,58,Male,Gloves,Accessories,4840,Ayodhya,M,Gold,Fall,2.9,No,Express,No,No,14,Bank Transfer,Monthly
2615,18,Male,Jacket,Outerwear,3575,Bhubaneswar,M,Turquoise,Spring,4.2,No,Express,No,No,36,Bank Transfer,Fortnightly
2616,49,Male,T-shirt,Clothing,3410,Coimbatore,M,Maroon,Fall,3.1,No,2-Day Shipping,No,No,6,Debit Card,Quarterly
2617,61,Male,Sandals,Footwear,3025,Bareily,XL,Purple,Spring,3.6,No,Express,No,No,46,Cash,Annually
2618,31,Male,Shorts,Clothing,5335,Ujjain,S,Maroon,Spring,4.8,No,Standard,No,No,29,Bank Transfer,Annually
2619,70,Male,Handbag,Accessories,4235,Lucknow,L,Brown,Fall,4.1,No,Express,No,No,12,GooglePay,Monthly
2620,68,Male,Pants,Clothing,2200,Gwalior,L,Indigo,Winter,3.9,No,Free Shipping,No,No,47,Credit Card,Weekly
2621,27,Male,Blouse,Clothing,1265,Mysuru,S,Lavender,Winter,3,No,Standard,No,No,28,Debit Card,Annually
2622,48,Male,Shoes,Footwear,2530,Mumbai,M,Beige,Winter,3,No,Express,No,No,21,Bank Transfer,Annually
2623,63,Male,Backpack,Accessories,4125,Hyderabad,M,Yellow,Spring,4.9,No,2-Day Shipping,No,No,15,Credit Card,Annually
2624,49,Male,Shoes,Footwear,4180,Kolkata,M,Gold,Fall,4.8,No,Next Day Air,No,No,38,Cash,Annually
2625,19,Male,Dress,Clothing,3245,Ayodhya,M,Indigo,Summer,3.3,No,Standard,No,No,19,Credit Card,Annually
2626,30,Male,Skirt,Clothing,2805,Dhanbad,L,Cyan,Summer,2.7,No,Standard,No,No,31,Credit Card,Weekly
2627,50,Male,Jacket,Outerwear,2530,Bangalore,XL,Silver,Fall,4.2,No,Express,No,No,30,Credit Card,Every 3 Months
2628,66,Male,Shirt,Clothing,1430,Mussoorie,L,Silver,Fall,3.6,No,Next Day Air,No,No,40,Bank Transfer,Quarterly
2629,25,Male,Hoodie,Clothing,2805,Nagpur,M,Silver,Summer,3.8,No,Next Day Air,No,No,42,Credit Card,Bi-Weekly
2630,61,Male,Scarf,Accessories,2420,Hyderabad,M,Peach,Winter,3.8,No,Free Shipping,No,No,25,GooglePay,Annually
2631,29,Male,Skirt,Clothing,4510,Mumbai,S,Pink,Spring,4.2,No,Free Shipping,No,No,20,Cash,Quarterly
2632,53,Male,Skirt,Clothing,2420,Gwalior,S,Violet,Summer,2.7,No,Express,No,No,3,Cash,Weekly
2633,24,Male,Scarf,Accessories,1485,Rameswaram,M,Black,Fall,5,No,Next Day Air,No,No,14,Cash,Annually
2634,51,Male,Sunglasses,Accessories,4950,Rameswaram,M,Purple,Fall,4.7,No,Next Day Air,No,No,32,Credit Card,Fortnightly
2635,26,Male,Sandals,Footwear,3190,Udaipur,S,Black,Summer,3.2,No,Store Pickup,No,No,20,PhonPe,Every 3 Months
2636,59,Male,Hoodie,Clothing,4400,Dhanbad,XL,Peach,Spring,2.9,No,2-Day Shipping,No,No,34,PhonPe,Fortnightly
2637,41,Male,Jacket,Outerwear,2200,Jalandhar,S,Magenta,Winter,4.2,No,Store Pickup,No,No,6,GooglePay,Annually
2638,20,Male,Pants,Clothing,1265,Nellore,M,Magenta,Spring,3.7,No,Store Pickup,No,No,2,PhonPe,Annually
2639,22,Male,Shirt,Clothing,1870,Raipur,S,Black,Spring,4.2,No,Store Pickup,No,No,35,Credit Card,Annually
2640,18,Male,Blouse,Clothing,1925,Hyderabad,XL,Pink,Winter,2.6,No,Free Shipping,No,No,33,Debit Card,Quarterly
2641,30,Male,Skirt,Clothing,4125,Vijaywada,L,Olive,Summer,4,No,Store Pickup,No,No,45,GooglePay,Bi-Weekly
2642,25,Male,Sunglasses,Accessories,3300,Pune,XL,Olive,Winter,2.7,No,Next Day Air,No,No,20,Bank Transfer,Every 3 Months
2643,39,Male,Belt,Accessories,4785,Sultanpur,L,Peach,Summer,4,No,Store Pickup,No,No,48,Bank Transfer,Annually
2644,49,Male,Gloves,Accessories,2255,Kolhapur,S,Silver,Spring,2.9,No,Next Day Air,No,No,37,Cash,Monthly
2645,25,Male,Pants,Clothing,4565,Nanded,M,Turquoise,Spring,3.3,No,Standard,No,No,4,Bank Transfer,Every 3 Months
2646,23,Male,Scarf,Accessories,4455,Lucknow,L,Olive,Spring,4,No,Store Pickup,No,No,24,Bank Transfer,Bi-Weekly
2647,33,Male,T-shirt,Clothing,3080,Nanded,S,Lavender,Summer,3.9,No,Next Day Air,No,No,4,Debit Card,Every 3 Months
2648,60,Male,Shoes,Footwear,3190,Nashik,M,Red,Summer,3.3,No,2-Day Shipping,No,No,25,Debit Card,Annually
2649,51,Male,Pants,Clothing,4620,Visakhapatnam,M,Gray,Spring,3.9,No,Next Day Air,No,No,14,PhonPe,Bi-Weekly
2650,23,Male,Gloves,Accessories,1155,Prayagraj,M,Magenta,Fall,3.9,No,Store Pickup,No,No,14,Bank Transfer,Fortnightly
2651,20,Male,Socks,Clothing,1925,Chandigarh,L,Maroon,Summer,4.2,No,Standard,No,No,46,Credit Card,Every 3 Months
2652,51,Male,Sneakers,Footwear,2365,Kochi,M,Cyan,Summer,4.6,No,Store Pickup,No,No,27,PhonPe,Quarterly
2653,23,Female,Shorts,Clothing,1100,Kolhapur,L,Cyan,Summer,3.3,No,2-Day Shipping,No,No,46,Credit Card,Monthly
2654,67,Female,Blouse,Clothing,1980,Gaya,L,Lavender,Fall,4.8,No,Express,No,No,24,GooglePay,Every 3 Months
2655,23,Female,Coat,Outerwear,3850,Ujjain,S,Pink,Fall,4.1,No,Next Day Air,No,No,4,PhonPe,Annually
2656,26,Female,Sunglasses,Accessories,4565,Nagpur,M,Gray,Summer,3.4,No,Standard,No,No,2,Credit Card,Fortnightly
2657,52,Female,Shorts,Clothing,4180,Vijaywada,L,Yellow,Winter,3.6,No,Express,No,No,29,Bank Transfer,Fortnightly
2658,52,Female,Dress,Clothing,4455,Amritsar,M,Pink,Summer,2.7,No,Express,No,No,7,Credit Card,Fortnightly
2659,52,Female,Handbag,Accessories,2585,Mysuru,XL,Indigo,Summer,3.2,No,Next Day Air,No,No,39,PhonPe,Monthly
2660,35,Female,Boots,Footwear,1925,Varanasi,L,Gray,Summer,4.4,No,2-Day Shipping,No,No,46,Credit Card,Fortnightly
2661,24,Female,Pants,Clothing,4675,Nashik,L,Yellow,Spring,4.9,No,Express,No,No,44,GooglePay,Annually
2662,43,Female,Boots,Footwear,5280,Michigan,XL,Olive,Fall,4.8,No,Express,No,No,20,Bank Transfer,Annually
2663,25,Female,Skirt,Clothing,5390,Nainital,M,Cyan,Summer,2.8,No,2-Day Shipping,No,No,44,PhonPe,Fortnightly
2664,46,Female,Sneakers,Footwear,2860,Gaya,L,Silver,Fall,2.9,No,Free Shipping,No,No,23,Bank Transfer,Annually
2665,22,Female,Jewelry,Accessories,4620,Visakhapatnam,L,Silver,Winter,3.2,No,Store Pickup,No,No,37,PhonPe,Weekly
2666,70,Female,T-shirt,Clothing,3905,Lucknow,L,Red,Winter,3.5,No,Store Pickup,No,No,4,GooglePay,Weekly
2667,49,Female,Sandals,Footwear,5225,Mysuru,S,Brown,Winter,4.1,No,Store Pickup,No,No,14,GooglePay,Fortnightly
2668,48,Female,Boots,Footwear,2585,Kolhapur,M,Orange,Summer,4.1,No,Free Shipping,No,No,31,Cash,Fortnightly
2669,59,Female,Coat,Outerwear,4125,Amritsar,M,Black,Summer,4.8,No,Next Day Air,No,No,9,PhonPe,Quarterly
2670,39,Female,Belt,Accessories,1540,Visakhapatnam,L,Teal,Spring,2.8,No,Free Shipping,No,No,31,Credit Card,Weekly
2671,30,Female,Sunglasses,Accessories,2420,Kota,M,Yellow,Fall,4.7,No,Express,No,No,26,Bank Transfer,Bi-Weekly
2672,37,Female,Sandals,Footwear,3520,Nellore,XL,Gray,Winter,4.8,No,2-Day Shipping,No,No,41,PhonPe,Every 3 Months
2673,56,Female,Boots,Footwear,1540,Ranchi,M,Maroon,Spring,2.9,No,Standard,No,No,13,Cash,Annually
2674,67,Female,Hoodie,Clothing,1155,Srinagar,M,Olive,Summer,2.6,No,2-Day Shipping,No,No,4,Cash,Monthly
2675,40,Female,Hat,Accessories,2255,Ghaziabad,S,Charcoal,Fall,3.3,No,Express,No,No,15,Cash,Every 3 Months
2676,24,Female,Shorts,Clothing,2090,Shimla,M,Peach,Winter,3.4,No,Free Shipping,No,No,38,Cash,Bi-Weekly
2677,43,Female,Backpack,Accessories,4235,Delhi,M,Maroon,Spring,3.6,No,Free Shipping,No,No,3,Cash,Fortnightly
2678,45,Female,Shorts,Clothing,2365,Gwalior,L,Olive,Spring,3.8,No,Next Day Air,No,No,6,PhonPe,Every 3 Months
2679,33,Female,Belt,Accessories,5005,Ahmedabad,M,Magenta,Spring,3.4,No,2-Day Shipping,No,No,34,Credit Card,Bi-Weekly
2680,53,Female,Shorts,Clothing,3740,Ahmedabad,S,Yellow,Spring,3.8,No,Express,No,No,7,Debit Card,Quarterly
2681,44,Female,Socks,Clothing,2035,Nainital,L,Indigo,Fall,3.3,No,Next Day Air,No,No,21,GooglePay,Annually
2682,23,Female,Shoes,Footwear,1265,Kolkata,L,Olive,Summer,4.8,No,Standard,No,No,17,Debit Card,Monthly
2683,59,Female,Sneakers,Footwear,3575,Udaipur,L,Maroon,Winter,3.9,No,2-Day Shipping,No,No,5,GooglePay,Every 3 Months
2684,68,Female,Backpack,Accessories,1650,Ahmedabad,M,Indigo,Summer,4.2,No,Next Day Air,No,No,21,Cash,Fortnightly
2685,46,Female,Dress,Clothing,2475,Patna,M,Gray,Summer,4.7,No,Free Shipping,No,No,42,Credit Card,Bi-Weekly
2686,56,Female,Boots,Footwear,1375,Shimla,M,Gray,Winter,2.7,No,Express,No,No,49,Credit Card,Quarterly
2687,40,Female,Socks,Clothing,3960,Bareily,M,Black,Winter,3.8,No,2-Day Shipping,No,No,33,Cash,Fortnightly
2688,61,Female,Dress,Clothing,4125,Chennai,M,White,Fall,3.6,No,2-Day Shipping,No,No,12,Debit Card,Bi-Weekly
2689,53,Female,Handbag,Accessories,3465,Ranchi,XL,Turquoise,Spring,2.9,No,2-Day Shipping,No,No,18,Credit Card,Every 3 Months
2690,29,Female,Blouse,Clothing,1925,Nagpur,M,Orange,Fall,3.9,No,Standard,No,No,47,PhonPe,Quarterly
2691,44,Female,Belt,Accessories,1760,Nanded,L,Yellow,Summer,4.7,No,Free Shipping,No,No,18,Bank Transfer,Weekly
2692,43,Female,Pants,Clothing,1375,Nainital,L,Blue,Winter,3.3,No,2-Day Shipping,No,No,48,Cash,Monthly
2693,40,Female,Sneakers,Footwear,4950,Patna,XL,Violet,Spring,4.2,No,Free Shipping,No,No,18,Debit Card,Every 3 Months
2694,55,Female,Boots,Footwear,3850,Raipur,L,Lavender,Summer,2.6,No,Standard,No,No,46,Cash,Quarterly
2695,66,Female,Sunglasses,Accessories,1485,Lucknow,M,Olive,Spring,4.9,No,Express,No,No,34,Credit Card,Every 3 Months
2696,50,Female,Hat,Accessories,5060,Kochi,M,Orange,Fall,3.6,No,Standard,No,No,10,PhonPe,Bi-Weekly
2697,57,Female,Coat,Outerwear,1100,Ayodhya,M,White,Spring,4.7,No,Free Shipping,No,No,12,Debit Card,Monthly
2698,42,Female,Jacket,Outerwear,2860,Chennai,L,Red,Winter,3.2,No,Standard,No,No,36,Bank Transfer,Quarterly
2699,55,Female,Hoodie,Clothing,3135,Shimla,M,Magenta,Summer,3.6,No,Store Pickup,No,No,34,GooglePay,Quarterly
2700,25,Female,Boots,Footwear,5280,Jalandhar,M,Violet,Fall,3.6,No,2-Day Shipping,No,No,49,Debit Card,Annually
2701,22,Female,T-shirt,Clothing,3740,Vadodara,XL,Olive,Winter,3.2,No,Standard,No,No,36,Cash,Weekly
2702,49,Female,Sweater,Clothing,1650,Ujjain,L,Silver,Summer,2.8,No,Store Pickup,No,No,18,Bank Transfer,Fortnightly
2703,70,Female,Shoes,Footwear,2035,Amritsar,L,Gray,Fall,4,No,Next Day Air,No,No,39,Debit Card,Fortnightly
2704,56,Female,Scarf,Accessories,2310,Kochi,XL,Olive,Winter,4.4,No,Free Shipping,No,No,34,PhonPe,Weekly
2705,52,Female,Dress,Clothing,2970,Kochi,L,Beige,Spring,3.4,No,Next Day Air,No,No,35,Debit Card,Weekly
2706,65,Female,Jacket,Outerwear,4455,Patna,S,Turquoise,Spring,5,No,Store Pickup,No,No,1,Credit Card,Bi-Weekly
2707,24,Female,Shoes,Footwear,2200,Nellore,S,Blue,Spring,3.1,No,Express,No,No,48,Debit Card,Quarterly
2708,32,Female,Backpack,Accessories,4840,Nainital,M,Pink,Fall,4.2,No,Standard,No,No,19,Cash,Weekly
2709,57,Female,Dress,Clothing,5170,Nellore,M,Teal,Summer,3.3,No,Store Pickup,No,No,44,Debit Card,Weekly
2710,35,Female,Shirt,Clothing,2970,Visakhapatnam,S,Cyan,Winter,2.9,No,Standard,No,No,9,Credit Card,Bi-Weekly
2711,69,Female,Jacket,Outerwear,2805,Gaya,L,Purple,Summer,4.7,No,Standard,No,No,3,Bank Transfer,Fortnightly
2712,30,Female,Sunglasses,Accessories,1210,Nainital,L,Red,Spring,4,No,Standard,No,No,50,GooglePay,Monthly
2713,37,Female,Jacket,Outerwear,5225,Bhubaneswar,L,Brown,Fall,4.6,No,Standard,No,No,7,Debit Card,Quarterly
2714,19,Female,Coat,Outerwear,3135,Indore,M,Magenta,Fall,3.8,No,2-Day Shipping,No,No,20,Debit Card,Annually
2715,53,Female,Sweater,Clothing,2475,Sultanpur,S,Olive,Winter,3.6,No,Store Pickup,No,No,16,Credit Card,Bi-Weekly
2716,25,Female,Sneakers,Footwear,5060,Indore,XL,Pink,Winter,4.1,No,Express,No,No,29,PhonPe,Fortnightly
2717,47,Female,Shoes,Footwear,2200,Dhanbad,L,Black,Spring,2.7,No,Store Pickup,No,No,21,Debit Card,Weekly
2718,18,Female,Sunglasses,Accessories,3410,Nainital,XL,Beige,Winter,4.3,No,Free Shipping,No,No,19,Credit Card,Every 3 Months
2719,22,Female,Shorts,Clothing,4950,Shimla,M,Peach,Winter,4.9,No,Next Day Air,No,No,10,GooglePay,Bi-Weekly
2720,69,Female,Hoodie,Clothing,4510,Lucknow,S,Peach,Fall,4.2,No,Free Shipping,No,No,4,Bank Transfer,Monthly
2721,55,Female,Scarf,Accessories,2860,Kolhapur,M,Peach,Spring,2.8,No,Store Pickup,No,No,45,Bank Transfer,Quarterly
2722,19,Female,Sandals,Footwear,3850,Prayagraj,S,Teal,Spring,4.9,No,Free Shipping,No,No,17,PhonPe,Fortnightly
2723,23,Female,Hat,Accessories,4565,Mumbai,M,Green,Spring,2.8,No,2-Day Shipping,No,No,22,PhonPe,Fortnightly
2724,54,Female,Shoes,Footwear,2695,Amritsar,XL,Brown,Summer,2.9,No,Store Pickup,No,No,3,PhonPe,Every 3 Months
2725,52,Female,Sneakers,Footwear,5005,Mussoorie,M,Brown,Spring,2.5,No,Next Day Air,No,No,11,Debit Card,Fortnightly
2726,64,Female,Backpack,Accessories,5445,Indore,S,Violet,Summer,2.7,No,Free Shipping,No,No,4,Debit Card,Annually
2727,33,Female,Belt,Accessories,5060,Michigan,L,Blue,Winter,3.3,No,Free Shipping,No,No,11,PhonPe,Bi-Weekly
2728,40,Female,Shirt,Clothing,4785,Dhanbad,L,Charcoal,Winter,3.7,No,2-Day Shipping,No,No,47,Credit Card,Fortnightly
2729,26,Female,Skirt,Clothing,1540,Ghaziabad,M,Pink,Winter,4,No,Express,No,No,17,Debit Card,Weekly
2730,31,Female,Gloves,Accessories,3905,Ahmedabad,S,Violet,Summer,4.1,No,Free Shipping,No,No,32,Credit Card,Monthly
2731,23,Female,Gloves,Accessories,1760,Gaya,M,Teal,Winter,4.1,No,Store Pickup,No,No,37,Bank Transfer,Annually
2732,52,Female,Handbag,Accessories,1815,Gaya,M,Red,Summer,2.5,No,2-Day Shipping,No,No,44,Bank Transfer,Quarterly
2733,21,Female,Socks,Clothing,4125,Chennai,L,Orange,Winter,4.2,No,Store Pickup,No,No,27,Debit Card,Every 3 Months
2734,31,Female,Backpack,Accessories,4565,Udaipur,M,Magenta,Summer,4.7,No,Express,No,No,46,PhonPe,Annually
2735,63,Female,Jeans,Clothing,5115,Chandrapur,XL,Yellow,Summer,2.7,No,2-Day Shipping,No,No,13,Cash,Bi-Weekly
2736,46,Female,Skirt,Clothing,1595,Vadodara,M,Yellow,Spring,3,No,Express,No,No,2,PhonPe,Bi-Weekly
2737,44,Female,Hoodie,Clothing,1375,Ahmedabad,M,Pink,Spring,4.8,No,Store Pickup,No,No,45,Credit Card,Annually
2738,57,Female,Jewelry,Accessories,4180,Udaipur,S,Indigo,Spring,4.4,No,Free Shipping,No,No,35,Cash,Every 3 Months
2739,50,Female,Sneakers,Footwear,4455,Mysuru,M,Charcoal,Summer,4.3,No,2-Day Shipping,No,No,39,GooglePay,Every 3 Months
2740,33,Female,Shirt,Clothing,4400,Rameswaram,XL,Blue,Winter,2.5,No,Store Pickup,No,No,39,Credit Card,Every 3 Months
2741,19,Female,Sunglasses,Accessories,3850,Kota,M,Lavender,Summer,4.9,No,Free Shipping,No,No,34,Bank Transfer,Fortnightly
2742,68,Female,Dress,Clothing,4455,Mumbai,L,Yellow,Fall,4.9,No,2-Day Shipping,No,No,41,GooglePay,Monthly
2743,27,Female,Shoes,Footwear,4730,Amritsar,M,Black,Spring,3.9,No,Free Shipping,No,No,47,Debit Card,Annually
2744,61,Female,Belt,Accessories,5170,Mangaluru,S,Beige,Fall,4.1,No,2-Day Shipping,No,No,17,GooglePay,Quarterly
2745,38,Female,Shirt,Clothing,3630,Nagpur,M,Silver,Winter,3.3,No,Store Pickup,No,No,40,Credit Card,Monthly
2746,28,Female,Boots,Footwear,5390,Michigan,M,Magenta,Summer,4.1,No,Standard,No,No,44,PhonPe,Bi-Weekly
2747,39,Female,Hoodie,Clothing,1375,Mysuru,M,Orange,Fall,3.7,No,Standard,No,No,21,PhonPe,Every 3 Months
2748,18,Female,Jeans,Clothing,3410,Ranchi,M,Teal,Winter,3.1,No,Free Shipping,No,No,21,Credit Card,Every 3 Months
2749,24,Female,Jacket,Outerwear,5390,Shimla,L,Turquoise,Spring,3,No,Free Shipping,No,No,16,GooglePay,Annually
2750,64,Female,Jacket,Outerwear,2915,Pune,M,Cyan,Spring,3.4,No,Standard,No,No,15,Bank Transfer,Annually
2751,51,Female,Sandals,Footwear,3630,Rameswaram,L,Pink,Spring,2.7,No,2-Day Shipping,No,No,26,PhonPe,Every 3 Months
2752,27,Female,Dress,Clothing,2860,Prayagraj,S,Indigo,Fall,3.1,No,Free Shipping,No,No,50,GooglePay,Monthly
2753,48,Female,Sweater,Clothing,3520,Dhanbad,S,Peach,Winter,4,No,Free Shipping,No,No,30,GooglePay,Bi-Weekly
2754,69,Female,Gloves,Accessories,3245,Bangalore,M,Beige,Spring,3.6,No,Next Day Air,No,No,48,PhonPe,Quarterly
2755,59,Female,Sunglasses,Accessories,3355,Mangaluru,L,Gold,Summer,3.6,No,Free Shipping,No,No,21,GooglePay,Bi-Weekly
2756,59,Female,Belt,Accessories,5335,Srinagar,M,Indigo,Winter,3.3,No,Store Pickup,No,No,18,Credit Card,Annually
2757,42,Female,Hat,Accessories,1265,Prayagraj,L,Violet,Winter,4.1,No,Free Shipping,No,No,41,PhonPe,Monthly
2758,39,Female,Hat,Accessories,5390,Chennai,XL,Brown,Fall,4.3,No,Next Day Air,No,No,11,GooglePay,Monthly
2759,32,Female,Blouse,Clothing,5390,Visakhapatnam,M,Purple,Summer,3.2,No,Standard,No,No,8,Bank Transfer,Bi-Weekly
2760,68,Female,Shoes,Footwear,3245,Patna,M,Turquoise,Summer,3.9,No,Free Shipping,No,No,42,Cash,Every 3 Months
2761,41,Female,Skirt,Clothing,4510,Rameswaram,S,Violet,Fall,5,No,Next Day Air,No,No,41,Credit Card,Bi-Weekly
2762,31,Female,Sneakers,Footwear,4510,Michigan,M,Purple,Fall,3.4,No,Next Day Air,No,No,3,Credit Card,Every 3 Months
2763,58,Female,T-shirt,Clothing,2255,Bareily,M,Charcoal,Fall,3.8,No,Store Pickup,No,No,10,Debit Card,Every 3 Months
2764,28,Female,Handbag,Accessories,2860,Ranchi,M,Green,Fall,2.9,No,2-Day Shipping,No,No,35,GooglePay,Quarterly
2765,63,Female,Sweater,Clothing,2255,Coimbatore,XL,White,Spring,2.6,No,Next Day Air,No,No,2,Debit Card,Weekly
2766,64,Female,Gloves,Accessories,3850,Dhanbad,M,Purple,Summer,4.3,No,2-Day Shipping,No,No,24,Credit Card,Quarterly
2767,66,Female,Dress,Clothing,5005,Kochi,M,Cyan,Winter,2.8,No,Standard,No,No,47,Credit Card,Monthly
2768,31,Female,Dress,Clothing,5225,Sultanpur,M,Green,Spring,4.5,No,Free Shipping,No,No,31,Cash,Monthly
2769,55,Female,Blouse,Clothing,1375,Varanasi,M,Beige,Spring,3.8,No,2-Day Shipping,No,No,28,PhonPe,Bi-Weekly
2770,32,Female,Shirt,Clothing,4895,Surat,L,Lavender,Fall,3,No,Standard,No,No,13,Cash,Weekly
2771,50,Female,Boots,Footwear,2420,Nainital,S,Blue,Fall,3.3,No,Express,No,No,22,Bank Transfer,Quarterly
2772,58,Female,Jacket,Outerwear,2860,Kolhapur,S,Beige,Summer,3.1,No,2-Day Shipping,No,No,12,Bank Transfer,Fortnightly
2773,18,Female,Backpack,Accessories,5170,Kota,L,Blue,Spring,3.5,No,Store Pickup,No,No,10,Bank Transfer,Every 3 Months
2774,39,Female,Pants,Clothing,5390,Coimbatore,S,Maroon,Spring,4.6,No,Express,No,No,45,Bank Transfer,Quarterly
2775,56,Female,Boots,Footwear,2200,Surat,L,Yellow,Fall,4.1,No,Standard,No,No,42,Credit Card,Quarterly
2776,37,Female,Socks,Clothing,1375,Ahmedabad,L,Red,Fall,3.6,No,Free Shipping,No,No,16,Debit Card,Weekly
2777,46,Female,Scarf,Accessories,3410,Nagpur,L,Green,Fall,2.9,No,Free Shipping,No,No,6,Bank Transfer,Annually
2778,52,Female,Blouse,Clothing,1320,Ujjain,M,Magenta,Fall,4.8,No,Standard,No,No,28,Credit Card,Every 3 Months
2779,70,Female,Belt,Accessories,3135,Kota,L,Yellow,Spring,3.2,No,Standard,No,No,24,Credit Card,Bi-Weekly
2780,61,Female,Sunglasses,Accessories,3630,Ahmedabad,L,Blue,Winter,4.3,No,Express,No,No,14,Credit Card,Fortnightly
2781,33,Female,Boots,Footwear,3850,Mysuru,M,Charcoal,Winter,4.1,No,Next Day Air,No,No,29,PhonPe,Fortnightly
2782,65,Female,Sandals,Footwear,2145,Indore,M,Blue,Spring,4.6,No,Standard,No,No,33,PhonPe,Weekly
2783,41,Female,Gloves,Accessories,1870,Ujjain,S,Cyan,Spring,3.8,No,Free Shipping,No,No,30,PhonPe,Annually
2784,19,Female,Skirt,Clothing,2090,Shimla,M,Silver,Spring,4.5,No,Next Day Air,No,No,26,Credit Card,Quarterly
2785,33,Female,Skirt,Clothing,3850,Ujjain,M,Black,Winter,3.1,No,Express,No,No,12,PhonPe,Every 3 Months
2786,53,Female,Blouse,Clothing,4400,Lucknow,S,Green,Summer,2.9,No,Next Day Air,No,No,13,Bank Transfer,Monthly
2787,54,Female,Handbag,Accessories,2805,Dhanbad,M,Violet,Spring,3.8,No,Next Day Air,No,No,41,Debit Card,Every 3 Months
2788,36,Female,Boots,Footwear,4345,Ranchi,XL,Pink,Spring,4.1,No,Next Day Air,No,No,4,GooglePay,Fortnightly
2789,56,Female,Boots,Footwear,5060,Bangalore,M,Olive,Summer,3.1,No,Free Shipping,No,No,2,Credit Card,Annually
2790,28,Female,Sweater,Clothing,4675,Udaipur,L,Orange,Fall,5,No,Express,No,No,28,Credit Card,Bi-Weekly
2791,34,Female,Socks,Clothing,3465,Mumbai,M,Black,Spring,4.5,No,Free Shipping,No,No,24,Debit Card,Annually
2792,43,Female,Gloves,Accessories,3300,Sultanpur,M,Yellow,Fall,2.8,No,Express,No,No,14,GooglePay,Fortnightly
2793,54,Female,Shorts,Clothing,2420,Delhi,L,Violet,Winter,3.2,No,Express,No,No,11,Credit Card,Weekly
2794,37,Female,Boots,Footwear,3135,Kolkata,M,Silver,Spring,3.1,No,Standard,No,No,27,Debit Card,Bi-Weekly
2795,33,Female,Jacket,Outerwear,1320,Chandrapur,M,Gold,Fall,3.3,No,Standard,No,No,7,Cash,Fortnightly
2796,33,Female,Scarf,Accessories,1925,Nainital,M,Magenta,Winter,3.4,No,Store Pickup,No,No,49,PhonPe,Annually
2797,55,Female,Jacket,Outerwear,4015,Surat,M,Red,Winter,3.8,No,Store Pickup,No,No,21,Cash,Annually
2798,63,Female,Jewelry,Accessories,2310,Surat,M,Green,Winter,3.5,No,Express,No,No,10,GooglePay,Every 3 Months
2799,52,Female,Hoodie,Clothing,1100,Bangalore,XL,Red,Winter,4.8,No,Store Pickup,No,No,37,PhonPe,Weekly
2800,23,Female,T-shirt,Clothing,4895,Mumbai,L,Pink,Spring,3.9,No,Free Shipping,No,No,9,Bank Transfer,Every 3 Months
2801,70,Female,Shirt,Clothing,4180,Gurgaon,L,Violet,Fall,3.4,No,Free Shipping,No,No,14,Cash,Bi-Weekly
2802,64,Female,Shirt,Clothing,3080,Nanded,M,Indigo,Winter,2.6,No,Express,No,No,30,PhonPe,Annually
2803,22,Female,Coat,Outerwear,5500,Raipur,L,Red,Fall,3.1,No,Store Pickup,No,No,42,Credit Card,Fortnightly
2804,46,Female,T-shirt,Clothing,2420,Ujjain,M,Violet,Winter,3.3,No,Free Shipping,No,No,31,Bank Transfer,Monthly
2805,65,Female,Hoodie,Clothing,4180,Nashik,M,Cyan,Spring,2.8,No,Standard,No,No,48,Bank Transfer,Every 3 Months
2806,18,Female,Sunglasses,Accessories,5335,Srinagar,S,Black,Fall,4.3,No,Standard,No,No,48,Cash,Quarterly
2807,45,Female,Blouse,Clothing,2145,Nashik,L,Purple,Spring,2.7,No,Standard,No,No,50,Credit Card,Annually
2808,56,Female,Hoodie,Clothing,5500,Kolhapur,M,Charcoal,Spring,4.4,No,2-Day Shipping,No,No,10,Debit Card,Fortnightly
2809,49,Female,Skirt,Clothing,3410,Kochi,M,Beige,Spring,3.9,No,Free Shipping,No,No,45,PhonPe,Every 3 Months
2810,66,Female,Shorts,Clothing,5390,Gurgaon,XL,Teal,Summer,3,No,Standard,No,No,27,Debit Card,Quarterly
2811,27,Female,Jeans,Clothing,1705,Coimbatore,M,Purple,Summer,4,No,Standard,No,No,10,Debit Card,Fortnightly
2812,69,Female,Jacket,Outerwear,4895,Mysuru,M,Blue,Fall,3.7,No,Store Pickup,No,No,19,Credit Card,Quarterly
2813,66,Female,Hoodie,Clothing,5005,Bhubaneswar,XL,Magenta,Fall,3.8,No,Store Pickup,No,No,1,Credit Card,Every 3 Months
2814,45,Female,Shirt,Clothing,2750,Pune,S,Maroon,Summer,3.3,No,2-Day Shipping,No,No,39,Debit Card,Quarterly
2815,31,Female,T-shirt,Clothing,1760,Prayagraj,L,Gold,Winter,3.6,No,Standard,No,No,14,Bank Transfer,Monthly
2816,33,Female,Blouse,Clothing,3685,Ujjain,L,Black,Fall,3.9,No,Free Shipping,No,No,40,GooglePay,Every 3 Months
2817,43,Female,Skirt,Clothing,1540,Kolhapur,M,Black,Spring,3.5,No,Free Shipping,No,No,45,GooglePay,Weekly
2818,25,Female,Backpack,Accessories,3575,Nashik,XL,Yellow,Winter,3.4,No,Standard,No,No,6,GooglePay,Weekly
2819,46,Female,Shorts,Clothing,4015,Vadodara,M,Turquoise,Fall,4.7,No,Next Day Air,No,No,12,Debit Card,Annually
2820,67,Female,Shirt,Clothing,1485,Bareily,L,Lavender,Spring,3,No,Free Shipping,No,No,19,Cash,Monthly
2821,26,Female,Backpack,Accessories,4895,Pune,L,Yellow,Summer,3.9,No,Free Shipping,No,No,5,Cash,Bi-Weekly
2822,35,Female,Shoes,Footwear,3960,Bareily,L,Olive,Summer,4.5,No,Standard,No,No,37,GooglePay,Monthly
2823,61,Female,Skirt,Clothing,2035,Mangaluru,S,Brown,Fall,4.1,No,Standard,No,No,33,PhonPe,Quarterly
2824,26,Female,Dress,Clothing,3465,Jalandhar,M,Olive,Summer,4.5,No,Standard,No,No,47,Debit Card,Bi-Weekly
2825,39,Female,Hat,Accessories,4950,Jalandhar,M,Purple,Fall,4,No,Free Shipping,No,No,49,Debit Card,Quarterly
2826,69,Female,Handbag,Accessories,3410,Udaipur,M,Yellow,Winter,4.3,No,2-Day Shipping,No,No,28,Bank Transfer,Annually
2827,32,Female,Handbag,Accessories,2365,Ghaziabad,L,Brown,Fall,3.6,No,Express,No,No,23,GooglePay,Annually
2828,20,Female,Blouse,Clothing,5280,Gaya,M,Magenta,Fall,3.1,No,Next Day Air,No,No,11,Bank Transfer,Bi-Weekly
2829,25,Female,Scarf,Accessories,4565,Kochi,L,Lavender,Fall,2.6,No,Standard,No,No,33,PhonPe,Quarterly
2830,56,Female,Jewelry,Accessories,3685,Coimbatore,XL,Teal,Fall,3.4,No,Next Day Air,No,No,47,Cash,Weekly
2831,63,Female,Skirt,Clothing,4950,Chandigarh,L,Cyan,Spring,2.9,No,Store Pickup,No,No,13,GooglePay,Every 3 Months
2832,34,Female,Hoodie,Clothing,2915,Shimla,L,Pink,Winter,5,No,Express,No,No,4,Credit Card,Weekly
2833,29,Female,Scarf,Accessories,2035,Kolhapur,M,Magenta,Summer,4.6,No,Standard,No,No,40,PhonPe,Quarterly
2834,43,Female,Jeans,Clothing,3080,Gurgaon,M,Teal,Fall,3.3,No,Free Shipping,No,No,19,Cash,Monthly
2835,39,Female,Jacket,Outerwear,2365,Amritsar,M,Indigo,Fall,2.9,No,2-Day Shipping,No,No,17,Credit Card,Weekly
2836,33,Female,T-shirt,Clothing,4620,Pune,S,Pink,Winter,4.9,No,Free Shipping,No,No,7,GooglePay,Annually
2837,51,Female,Pants,Clothing,2750,Nagpur,M,Charcoal,Winter,5,No,2-Day Shipping,No,No,21,Cash,Bi-Weekly
2838,65,Female,Shoes,Footwear,4840,Nellore,M,Brown,Summer,4.5,No,Express,No,No,44,PhonPe,Weekly
2839,51,Female,Jacket,Outerwear,2750,Mumbai,M,Blue,Fall,3.7,No,Free Shipping,No,No,2,Bank Transfer,Weekly
2840,70,Female,Scarf,Accessories,4400,Ayodhya,L,Teal,Summer,2.8,No,Store Pickup,No,No,30,Bank Transfer,Monthly
2841,40,Female,T-shirt,Clothing,2585,Ranchi,L,Pink,Spring,3.5,No,Store Pickup,No,No,41,Cash,Annually
2842,19,Female,Dress,Clothing,1815,Mysuru,XL,Magenta,Winter,3,No,2-Day Shipping,No,No,31,Cash,Weekly
2843,28,Female,Coat,Outerwear,5500,Coimbatore,L,Green,Fall,4.3,No,Standard,No,No,48,Debit Card,Quarterly
2844,51,Female,Sweater,Clothing,1430,Mysuru,M,White,Summer,3.6,No,Store Pickup,No,No,41,GooglePay,Weekly
2845,32,Female,Hat,Accessories,4345,Nanded,M,Indigo,Summer,4.4,No,Standard,No,No,42,GooglePay,Annually
2846,26,Female,Backpack,Accessories,4235,Ayodhya,L,Lavender,Summer,4.1,No,Express,No,No,39,Debit Card,Every 3 Months
2847,50,Female,Socks,Clothing,1980,Surat,XL,Black,Fall,2.8,No,Next Day Air,No,No,15,PhonPe,Bi-Weekly
2848,68,Female,Jewelry,Accessories,1155,Gwalior,L,Charcoal,Winter,2.8,No,Free Shipping,No,No,3,PhonPe,Every 3 Months
2849,33,Female,Boots,Footwear,3960,Gaya,L,Gray,Fall,4.9,No,Store Pickup,No,No,28,Bank Transfer,Quarterly
2850,56,Female,Coat,Outerwear,1375,Hyderabad,M,Gold,Spring,4.1,No,Express,No,No,27,PhonPe,Bi-Weekly
2851,57,Female,Sweater,Clothing,4345,Nainital,M,Silver,Spring,3,No,Store Pickup,No,No,36,Debit Card,Annually
2852,58,Female,Blouse,Clothing,4015,Srinagar,L,Teal,Summer,3,No,Store Pickup,No,No,42,Debit Card,Monthly
2853,40,Female,Belt,Accessories,3905,Chandrapur,M,Magenta,Spring,3,No,Store Pickup,No,No,30,GooglePay,Weekly
2854,37,Female,Hat,Accessories,2640,Kota,M,Magenta,Winter,3.2,No,Next Day Air,No,No,9,PhonPe,Weekly
2855,36,Female,Sandals,Footwear,1540,Chennai,M,Beige,Fall,2.7,No,Store Pickup,No,No,25,GooglePay,Monthly
2856,29,Female,Boots,Footwear,5225,Indore,S,Maroon,Winter,3.8,No,2-Day Shipping,No,No,33,PhonPe,Quarterly
2857,65,Female,Jacket,Outerwear,2640,Sultanpur,M,Indigo,Winter,3.5,No,2-Day Shipping,No,No,31,Credit Card,Monthly
2858,44,Female,Dress,Clothing,5115,Jalandhar,S,Maroon,Spring,3.8,No,Next Day Air,No,No,35,Debit Card,Monthly
2859,34,Female,Jeans,Clothing,4785,Kolhapur,L,Teal,Summer,3.8,No,2-Day Shipping,No,No,46,Bank Transfer,Monthly
2860,31,Female,Shorts,Clothing,1760,Jalandhar,L,Yellow,Fall,3.4,No,Express,No,No,29,Bank Transfer,Annually
2861,28,Female,Shirt,Clothing,2090,Bangalore,M,Gold,Spring,2.9,No,Next Day Air,No,No,49,Bank Transfer,Weekly
2862,66,Female,Coat,Outerwear,2970,Kolhapur,M,Teal,Fall,3.4,No,Free Shipping,No,No,27,Credit Card,Monthly
2863,68,Female,Coat,Outerwear,4125,Raipur,S,Violet,Summer,4.7,No,Store Pickup,No,No,5,Bank Transfer,Every 3 Months
2864,37,Female,T-shirt,Clothing,3080,Gwalior,M,Yellow,Fall,3.9,No,2-Day Shipping,No,No,18,GooglePay,Monthly
2865,58,Female,Sweater,Clothing,2365,Visakhapatnam,S,Maroon,Fall,3.6,No,Store Pickup,No,No,31,GooglePay,Weekly
2866,28,Female,Skirt,Clothing,5335,Vadodara,M,Silver,Fall,3.7,No,Free Shipping,No,No,27,Cash,Fortnightly
2867,54,Female,Blouse,Clothing,4125,Gwalior,S,Violet,Summer,3.1,No,Free Shipping,No,No,19,Cash,Annually
2868,21,Female,Sneakers,Footwear,3025,Dhanbad,L,White,Summer,4.9,No,Next Day Air,No,No,33,Cash,Fortnightly
2869,45,Female,Backpack,Accessories,2695,Dhanbad,M,Black,Winter,2.6,No,Next Day Air,No,No,42,PhonPe,Every 3 Months
2870,57,Female,Socks,Clothing,3190,Bareily,M,White,Summer,4.2,No,Standard,No,No,16,Bank Transfer,Weekly
2871,47,Female,Jewelry,Accessories,1870,Bhubaneswar,M,Blue,Winter,4.8,No,Free Shipping,No,No,49,Debit Card,Every 3 Months
2872,46,Female,Shorts,Clothing,2365,Ujjain,S,Black,Summer,2.7,No,2-Day Shipping,No,No,40,GooglePay,Bi-Weekly
2873,63,Female,Jewelry,Accessories,2640,Gwalior,L,Olive,Fall,2.6,No,Next Day Air,No,No,5,Cash,Annually
2874,44,Female,Sweater,Clothing,2200,Ahmedabad,M,Teal,Spring,2.6,No,Free Shipping,No,No,8,Bank Transfer,Monthly
2875,36,Female,Shirt,Clothing,1595,Dhanbad,L,Silver,Summer,3.1,No,Standard,No,No,2,Debit Card,Annually
2876,24,Female,Pants,Clothing,4455,Delhi,M,Pink,Fall,2.6,No,Free Shipping,No,No,14,Debit Card,Weekly
2877,65,Female,Hoodie,Clothing,4620,Nanded,M,Charcoal,Spring,3.4,No,2-Day Shipping,No,No,5,Bank Transfer,Fortnightly
2878,32,Female,Socks,Clothing,2530,Mangaluru,M,Silver,Summer,3.6,No,Standard,No,No,34,GooglePay,Monthly
2879,63,Female,Dress,Clothing,4730,Vadodara,L,Turquoise,Summer,4.3,No,Next Day Air,No,No,13,Bank Transfer,Annually
2880,62,Female,Blouse,Clothing,3135,Bhubaneswar,XL,Turquoise,Winter,4.9,No,Free Shipping,No,No,31,GooglePay,Annually
2881,19,Female,Skirt,Clothing,3355,Ghaziabad,L,Beige,Winter,4.8,No,Store Pickup,No,No,43,PhonPe,Quarterly
2882,38,Female,Backpack,Accessories,4950,Amritsar,M,Cyan,Winter,4.2,No,Free Shipping,No,No,6,Bank Transfer,Annually
2883,59,Female,Blouse,Clothing,2805,Surat,L,Gold,Winter,2.6,No,Store Pickup,No,No,23,Credit Card,Bi-Weekly
2884,22,Female,Socks,Clothing,2640,Bangalore,XL,Silver,Spring,3.2,No,Standard,No,No,10,PhonPe,Weekly
2885,55,Female,Boots,Footwear,2750,Gurgaon,M,Purple,Summer,3.4,No,2-Day Shipping,No,No,47,Credit Card,Every 3 Months
2886,29,Female,Backpack,Accessories,4510,Srinagar,M,Yellow,Summer,3.5,No,Next Day Air,No,No,14,Credit Card,Bi-Weekly
2887,42,Female,Hat,Accessories,1815,Jalandhar,L,Blue,Spring,4.2,No,Free Shipping,No,No,29,PhonPe,Weekly
2888,23,Female,Sandals,Footwear,1540,Delhi,L,Blue,Winter,2.8,No,Express,No,No,12,Cash,Bi-Weekly
2889,70,Female,Hoodie,Clothing,2310,Gaya,L,Green,Spring,5,No,2-Day Shipping,No,No,25,Debit Card,Quarterly
2890,64,Female,Sunglasses,Accessories,2365,Prayagraj,M,Charcoal,Fall,3.3,No,Store Pickup,No,No,21,GooglePay,Annually
2891,39,Female,Jeans,Clothing,3025,Bhubaneswar,M,Violet,Winter,3.7,No,Free Shipping,No,No,23,Credit Card,Monthly
2892,47,Female,T-shirt,Clothing,4015,Mysuru,XL,Black,Winter,2.5,No,Free Shipping,No,No,10,PhonPe,Monthly
2893,22,Female,Dress,Clothing,2145,Srinagar,M,Teal,Spring,3.2,No,Standard,No,No,47,Credit Card,Monthly
2894,69,Female,Belt,Accessories,1100,Delhi,S,Orange,Spring,3.1,No,Free Shipping,No,No,44,Debit Card,Every 3 Months
2895,35,Female,Jewelry,Accessories,1760,Delhi,S,Brown,Spring,3.5,No,Standard,No,No,41,GooglePay,Annually
2896,56,Female,Hoodie,Clothing,4730,Ahmedabad,L,Green,Summer,4.6,No,Standard,No,No,29,Bank Transfer,Monthly
2897,30,Female,Blouse,Clothing,5005,Chennai,M,Silver,Summer,3.3,No,Free Shipping,No,No,2,GooglePay,Every 3 Months
2898,43,Female,Jacket,Outerwear,3245,Ahmedabad,L,Violet,Fall,2.5,No,Free Shipping,No,No,2,Cash,Fortnightly
2899,23,Female,Sneakers,Footwear,1815,Mangaluru,XL,Peach,Summer,4.6,No,Express,No,No,29,Credit Card,Annually
2900,50,Female,Boots,Footwear,3520,Nainital,M,Gold,Spring,4.2,No,2-Day Shipping,No,No,22,Bank Transfer,Fortnightly
2901,41,Female,Blouse,Clothing,3685,Kolhapur,XL,Violet,Winter,4,No,Standard,No,No,23,Cash,Bi-Weekly
2902,41,Female,Blouse,Clothing,2365,Nellore,L,Olive,Winter,2.6,No,Free Shipping,No,No,46,Credit Card,Quarterly
2903,27,Female,Boots,Footwear,1760,Udaipur,S,Orange,Spring,4.6,No,Standard,No,No,19,PhonPe,Bi-Weekly
2904,38,Female,Scarf,Accessories,2145,Chennai,S,Teal,Spring,3.5,No,2-Day Shipping,No,No,24,Credit Card,Every 3 Months
2905,41,Female,Sandals,Footwear,2255,Sultanpur,M,Gray,Spring,4,No,2-Day Shipping,No,No,43,GooglePay,Monthly
2906,58,Female,Sunglasses,Accessories,2915,Chandrapur,L,Black,Winter,4.8,No,Standard,No,No,14,Debit Card,Fortnightly
2907,58,Female,Coat,Outerwear,1485,Shimla,M,Indigo,Spring,3.9,No,Standard,No,No,7,GooglePay,Annually
2908,19,Female,Sunglasses,Accessories,4510,Kolhapur,XL,Lavender,Summer,3.7,No,Next Day Air,No,No,50,PhonPe,Bi-Weekly
2909,43,Female,Blouse,Clothing,4785,Amritsar,M,Beige,Winter,3.1,No,Store Pickup,No,No,15,Debit Card,Every 3 Months
2910,27,Female,Backpack,Accessories,4290,Lucknow,M,Indigo,Winter,3,No,Next Day Air,No,No,40,Credit Card,Every 3 Months
2911,32,Female,Belt,Accessories,1760,Indore,M,Blue,Summer,2.9,No,Store Pickup,No,No,41,Credit Card,Monthly
2912,28,Female,Socks,Clothing,2090,Mysuru,XL,Orange,Fall,2.9,No,Next Day Air,No,No,34,GooglePay,Quarterly
2913,48,Female,Shoes,Footwear,2035,Chandigarh,M,Yellow,Winter,4,No,Standard,No,No,27,Cash,Bi-Weekly
2914,43,Female,Coat,Outerwear,4565,Nagpur,L,Cyan,Winter,3.5,No,Express,No,No,12,Cash,Every 3 Months
2915,45,Female,Sweater,Clothing,3960,Kota,M,Yellow,Fall,3.8,No,Express,No,No,1,Debit Card,Bi-Weekly
2916,26,Female,Shirt,Clothing,1650,Chandigarh,M,Cyan,Fall,4.5,No,Express,No,No,39,Debit Card,Bi-Weekly
2917,62,Female,Shorts,Clothing,3630,Surat,M,Green,Winter,2.7,No,Express,No,No,13,Credit Card,Bi-Weekly
2918,58,Female,Shirt,Clothing,2475,Dhanbad,XL,White,Winter,2.9,No,Store Pickup,No,No,50,GooglePay,Annually
2919,19,Female,Sunglasses,Accessories,4015,Chandrapur,S,Black,Fall,4.9,No,Free Shipping,No,No,36,Cash,Weekly
2920,64,Female,Shoes,Footwear,3685,Prayagraj,L,Charcoal,Winter,3.8,No,Standard,No,No,31,Debit Card,Monthly
2921,33,Female,Sunglasses,Accessories,3960,Amritsar,XL,Brown,Spring,4.9,No,Free Shipping,No,No,3,Debit Card,Bi-Weekly
2922,20,Female,Handbag,Accessories,1320,Gaya,M,Cyan,Fall,4.6,No,Standard,No,No,11,Cash,Fortnightly
2923,45,Female,Sunglasses,Accessories,3740,Delhi,L,Beige,Winter,3.5,No,Express,No,No,16,PhonPe,Quarterly
2924,28,Female,Shirt,Clothing,3850,Kota,M,Magenta,Spring,4.2,No,2-Day Shipping,No,No,12,Cash,Quarterly
2925,47,Female,Shirt,Clothing,3520,Bangalore,L,Indigo,Winter,3.7,No,Free Shipping,No,No,37,Debit Card,Every 3 Months
2926,54,Female,Sweater,Clothing,5005,Visakhapatnam,M,Maroon,Spring,2.8,No,Store Pickup,No,No,43,Credit Card,Every 3 Months
2927,64,Female,Handbag,Accessories,4510,Kolhapur,M,Gray,Winter,4.8,No,2-Day Shipping,No,No,9,Cash,Weekly
2928,45,Female,Shirt,Clothing,1320,Mussoorie,M,Black,Summer,2.7,No,Express,No,No,15,GooglePay,Bi-Weekly
2929,40,Female,Jewelry,Accessories,4400,Nellore,L,Yellow,Spring,3.6,No,Store Pickup,No,No,17,Credit Card,Weekly
2930,31,Female,Socks,Clothing,2915,Mumbai,XL,White,Winter,4.5,No,Next Day Air,No,No,42,GooglePay,Fortnightly
2931,38,Female,T-shirt,Clothing,2750,Indore,M,Orange,Spring,4,No,Free Shipping,No,No,14,GooglePay,Monthly
2932,36,Female,Jewelry,Accessories,1705,Nellore,M,Magenta,Fall,4.5,No,2-Day Shipping,No,No,49,Credit Card,Bi-Weekly
2933,65,Female,Backpack,Accessories,4840,Rameswaram,L,Black,Spring,3.9,No,Express,No,No,3,PhonPe,Quarterly
2934,27,Female,Hat,Accessories,2860,Visakhapatnam,M,Brown,Summer,3.8,No,Standard,No,No,28,GooglePay,Monthly
2935,38,Female,Gloves,Accessories,1210,Ujjain,M,Orange,Fall,4.7,No,Next Day Air,No,No,41,Bank Transfer,Quarterly
2936,58,Female,Sneakers,Footwear,1485,Udaipur,XL,Gray,Spring,4.6,No,Standard,No,No,11,GooglePay,Weekly
2937,31,Female,Skirt,Clothing,1870,Patna,M,White,Spring,3.6,No,Express,No,No,46,PhonPe,Weekly
2938,28,Female,Handbag,Accessories,2145,Ranchi,M,White,Spring,4.3,No,2-Day Shipping,No,No,15,Credit Card,Weekly
2939,28,Female,Sunglasses,Accessories,2915,Mumbai,M,Violet,Fall,3,No,Standard,No,No,15,Cash,Monthly
2940,32,Female,Sweater,Clothing,2530,Delhi,M,Beige,Winter,4.3,No,Express,No,No,34,GooglePay,Weekly
2941,61,Female,Handbag,Accessories,4675,Kolkata,L,Beige,Summer,4.8,No,Next Day Air,No,No,13,Cash,Monthly
2942,38,Female,Skirt,Clothing,4730,Kota,L,Purple,Spring,3.7,No,Free Shipping,No,No,27,PhonPe,Monthly
2943,54,Female,Socks,Clothing,3465,Raipur,M,Brown,Summer,2.6,No,Free Shipping,No,No,37,Bank Transfer,Weekly
2944,29,Female,Shirt,Clothing,2420,Shimla,M,Orange,Spring,3.4,No,Standard,No,No,37,Credit Card,Monthly
2945,50,Female,Sneakers,Footwear,5225,Chandrapur,XL,Cyan,Summer,3.9,No,Free Shipping,No,No,4,GooglePay,Every 3 Months
2946,32,Female,Belt,Accessories,2695,Chennai,M,Charcoal,Summer,4.8,No,Free Shipping,No,No,1,Credit Card,Every 3 Months
2947,38,Female,Pants,Clothing,4235,Raipur,L,Purple,Spring,2.8,No,Free Shipping,No,No,29,Bank Transfer,Quarterly
2948,52,Female,Jewelry,Accessories,3465,Nainital,L,Peach,Spring,4.4,No,Standard,No,No,50,GooglePay,Annually
2949,61,Female,Pants,Clothing,4565,Pune,M,Violet,Winter,3.1,No,Standard,No,No,38,Debit Card,Bi-Weekly
2950,25,Female,Jewelry,Accessories,5115,Sultanpur,M,Peach,Spring,3.8,No,Store Pickup,No,No,15,PhonPe,Annually
2951,22,Female,Jeans,Clothing,5005,Sultanpur,S,Maroon,Winter,4.1,No,2-Day Shipping,No,No,44,Debit Card,Every 3 Months
2952,47,Female,Scarf,Accessories,5445,Gurgaon,L,Maroon,Fall,4.6,No,Free Shipping,No,No,14,Cash,Weekly
2953,50,Female,Belt,Accessories,1320,Nellore,M,Peach,Spring,4.9,No,Next Day Air,No,No,5,Debit Card,Monthly
2954,45,Female,Dress,Clothing,4510,Kolhapur,M,Silver,Summer,4.8,No,Next Day Air,No,No,11,Credit Card,Annually
2955,33,Female,T-shirt,Clothing,1540,Ayodhya,M,Indigo,Winter,3.9,No,Express,No,No,15,Credit Card,Annually
2956,42,Female,Boots,Footwear,3685,Pune,M,Silver,Winter,2.6,No,Free Shipping,No,No,46,Credit Card,Annually
2957,52,Female,Dress,Clothing,4840,Ahmedabad,M,Olive,Fall,3.7,No,Standard,No,No,30,GooglePay,Monthly
2958,69,Female,Jewelry,Accessories,3850,Ayodhya,S,Gray,Fall,4.7,No,Standard,No,No,2,Cash,Annually
2959,55,Female,Skirt,Clothing,5500,Mysuru,M,Black,Summer,4.5,No,Standard,No,No,28,PhonPe,Monthly
2960,38,Female,Handbag,Accessories,1540,Amritsar,L,Maroon,Summer,4.7,No,Free Shipping,No,No,9,PhonPe,Quarterly
2961,57,Female,Coat,Outerwear,2640,Vijaywada,S,Olive,Spring,3.6,No,Standard,No,No,47,Credit Card,Weekly
2962,33,Female,Hoodie,Clothing,2365,Hyderabad,S,Gold,Fall,2.8,No,Free Shipping,No,No,21,Debit Card,Bi-Weekly
2963,57,Female,Pants,Clothing,2200,Vadodara,L,Pink,Fall,4,No,Express,No,No,42,Credit Card,Every 3 Months
2964,52,Female,Boots,Footwear,5335,Mumbai,M,Brown,Spring,3.6,No,Free Shipping,No,No,28,Credit Card,Weekly
2965,44,Female,Coat,Outerwear,1375,Mysuru,S,White,Fall,3.8,No,2-Day Shipping,No,No,13,GooglePay,Fortnightly
2966,48,Female,Scarf,Accessories,2475,Chennai,M,Blue,Summer,4.4,No,Standard,No,No,25,PhonPe,Fortnightly
2967,52,Female,Boots,Footwear,2695,Surat,L,Orange,Fall,2.8,No,Store Pickup,No,No,38,Debit Card,Every 3 Months
2968,34,Female,Sneakers,Footwear,1980,Vijaywada,L,Silver,Summer,3.4,No,Free Shipping,No,No,40,GooglePay,Annually
2969,26,Female,Sweater,Clothing,2640,Nashik,S,Gray,Fall,4.9,No,Express,No,No,25,Cash,Every 3 Months
2970,36,Female,Belt,Accessories,3410,Pune,S,Blue,Fall,4.3,No,Next Day Air,No,No,20,Cash,Every 3 Months
2971,24,Female,Jewelry,Accessories,4070,Varanasi,M,White,Winter,3.4,No,Free Shipping,No,No,44,Credit Card,Bi-Weekly
2972,30,Female,Handbag,Accessories,5500,Jalandhar,L,Yellow,Fall,3.9,No,Next Day Air,No,No,9,PhonPe,Every 3 Months
2973,31,Female,Jacket,Outerwear,2145,Chandrapur,S,Indigo,Fall,4.2,No,Free Shipping,No,No,11,GooglePay,Every 3 Months
2974,25,Female,Boots,Footwear,3575,Vijaywada,M,Blue,Summer,2.7,No,Store Pickup,No,No,3,Bank Transfer,Fortnightly
2975,57,Female,Sneakers,Footwear,5445,Kochi,XL,Peach,Summer,4.1,No,Store Pickup,No,No,34,Credit Card,Weekly
2976,61,Female,Scarf,Accessories,3740,Bareily,XL,Lavender,Winter,4.5,No,2-Day Shipping,No,No,48,Cash,Every 3 Months
2977,30,Female,Coat,Outerwear,5335,Nainital,M,Silver,Summer,2.8,No,Express,No,No,28,Cash,Fortnightly
2978,38,Female,Shorts,Clothing,2585,Patna,L,Gold,Winter,3.4,No,Standard,No,No,20,GooglePay,Annually
2979,53,Female,Shorts,Clothing,3080,Ujjain,S,Cyan,Spring,3.9,No,Free Shipping,No,No,49,Bank Transfer,Fortnightly
2980,31,Female,Jeans,Clothing,5005,Lucknow,L,Olive,Fall,2.6,No,Next Day Air,No,No,14,PhonPe,Weekly
2981,70,Female,Gloves,Accessories,5115,Mangaluru,L,Teal,Fall,4.4,No,2-Day Shipping,No,No,9,Bank Transfer,Monthly
2982,21,Female,Pants,Clothing,1980,Chennai,L,Pink,Winter,4.9,No,Standard,No,No,37,GooglePay,Annually
2983,33,Female,Dress,Clothing,2475,Gaya,M,Orange,Summer,3.6,No,Store Pickup,No,No,4,Credit Card,Weekly
2984,60,Female,Pants,Clothing,2420,Ranchi,M,Charcoal,Winter,2.8,No,2-Day Shipping,No,No,1,Credit Card,Quarterly
2985,45,Female,Gloves,Accessories,1760,Amritsar,L,Red,Spring,4.3,No,2-Day Shipping,No,No,36,Debit Card,Bi-Weekly
2986,46,Female,Belt,Accessories,1980,Raipur,S,Teal,Summer,3,No,Express,No,No,21,Cash,Bi-Weekly
2987,62,Female,Belt,Accessories,4675,Coimbatore,S,Silver,Summer,3.3,No,2-Day Shipping,No,No,16,Credit Card,Monthly
2988,63,Female,Skirt,Clothing,1980,Lucknow,L,Black,Winter,2.5,No,Store Pickup,No,No,42,Cash,Monthly
2989,69,Female,Socks,Clothing,3025,Srinagar,S,Pink,Spring,5,No,2-Day Shipping,No,No,31,Debit Card,Monthly
2990,46,Female,Belt,Accessories,1100,Bangalore,XL,Teal,Summer,4.3,No,2-Day Shipping,No,No,6,Credit Card,Weekly
2991,69,Female,Shirt,Clothing,5005,Visakhapatnam,M,Teal,Fall,4.2,No,Free Shipping,No,No,24,GooglePay,Monthly
2992,66,Female,Dress,Clothing,3905,Jalandhar,L,Green,Summer,3.9,No,Standard,No,No,7,PhonPe,Bi-Weekly
2993,41,Female,Socks,Clothing,3520,Bhubaneswar,M,Charcoal,Spring,3.9,No,Store Pickup,No,No,25,GooglePay,Weekly
2994,32,Female,Jacket,Outerwear,1155,Varanasi,L,Indigo,Spring,4.2,No,Free Shipping,No,No,18,Cash,Bi-Weekly
2995,69,Female,Sweater,Clothing,5500,Srinagar,S,White,Winter,3.5,No,Store Pickup,No,No,14,Bank Transfer,Quarterly
2996,29,Female,Jeans,Clothing,5280,Shimla,M,Orange,Summer,2.5,No,Standard,No,No,42,Debit Card,Bi-Weekly
2997,70,Female,Jewelry,Accessories,5005,Jalandhar,M,White,Spring,2.9,No,Express,No,No,6,GooglePay,Every 3 Months
2998,41,Female,Sweater,Clothing,2200,Ujjain,S,Yellow,Spring,2.7,No,Next Day Air,No,No,14,GooglePay,Every 3 Months
2999,31,Female,Hoodie,Clothing,2915,Rameswaram,M,Red,Summer,4.7,No,Express,No,No,30,Debit Card,Quarterly
3000,31,Female,Sunglasses,Accessories,2640,Hyderabad,S,Charcoal,Winter,3.8,No,Standard,No,No,10,Cash,Monthly
3001,57,Female,Sandals,Footwear,3850,Mysuru,M,Lavender,Winter,3.7,No,Express,No,No,7,PhonPe,Weekly
3002,29,Female,Coat,Outerwear,1595,Ahmedabad,L,Charcoal,Summer,4.7,No,Express,No,No,28,Credit Card,Quarterly
3003,70,Female,Belt,Accessories,1595,Lucknow,M,Maroon,Fall,3.6,No,Next Day Air,No,No,19,Bank Transfer,Quarterly
3004,51,Female,Blouse,Clothing,2915,Chandigarh,M,Brown,Fall,2.8,No,Express,No,No,13,Credit Card,Every 3 Months
3005,45,Female,Skirt,Clothing,4345,Coimbatore,M,Lavender,Winter,3.7,No,Store Pickup,No,No,23,GooglePay,Fortnightly
3006,18,Female,Shorts,Clothing,3575,Rameswaram,XL,Brown,Spring,3.5,No,Express,No,No,5,GooglePay,Weekly
3007,37,Female,Dress,Clothing,5445,Jalandhar,M,Olive,Summer,3.7,No,Store Pickup,No,No,17,GooglePay,Bi-Weekly
3008,23,Female,Sunglasses,Accessories,3300,Chandrapur,L,Lavender,Winter,3,No,Next Day Air,No,No,31,GooglePay,Weekly
3009,39,Female,Shoes,Footwear,4730,Nanded,M,Gold,Winter,4.9,No,Free Shipping,No,No,19,PhonPe,Weekly
3010,62,Female,Belt,Accessories,4015,Lucknow,M,Silver,Winter,4.6,No,Free Shipping,No,No,8,GooglePay,Fortnightly
3011,70,Female,Belt,Accessories,2475,Mysuru,M,Violet,Winter,3.3,No,Free Shipping,No,No,15,Credit Card,Annually
3012,20,Female,Belt,Accessories,3850,Srinagar,S,Brown,Summer,3,No,Next Day Air,No,No,18,Credit Card,Every 3 Months
3013,42,Female,Belt,Accessories,3575,Ujjain,M,Teal,Fall,3.5,No,Standard,No,No,16,PhonPe,Annually
3014,41,Female,Skirt,Clothing,3025,Coimbatore,L,Peach,Summer,4.2,No,Store Pickup,No,No,13,Cash,Monthly
3015,24,Female,T-shirt,Clothing,3575,Jalandhar,M,Maroon,Spring,4.5,No,Express,No,No,38,PhonPe,Every 3 Months
3016,37,Female,Scarf,Accessories,1155,Nagpur,XL,Lavender,Spring,2.8,No,Express,No,No,27,Bank Transfer,Bi-Weekly
3017,30,Female,Blouse,Clothing,1430,Vijaywada,L,Lavender,Summer,4.9,No,Store Pickup,No,No,31,Bank Transfer,Quarterly
3018,58,Female,Sunglasses,Accessories,3905,Gaya,S,Purple,Summer,3.3,No,Next Day Air,No,No,24,Cash,Bi-Weekly
3019,43,Female,Boots,Footwear,2255,Amritsar,M,Green,Summer,3,No,Free Shipping,No,No,21,Debit Card,Bi-Weekly
3020,19,Female,Jacket,Outerwear,2420,Jalandhar,M,Yellow,Winter,3.9,No,2-Day Shipping,No,No,15,PhonPe,Annually
3021,23,Female,Jeans,Clothing,4455,Gurgaon,S,Charcoal,Fall,2.8,No,Store Pickup,No,No,48,GooglePay,Every 3 Months
3022,65,Female,Sunglasses,Accessories,4235,Kota,S,Blue,Summer,4.5,No,2-Day Shipping,No,No,47,Cash,Quarterly
3023,58,Female,Sandals,Footwear,1430,Bareily,M,Lavender,Fall,4,No,Free Shipping,No,No,23,PhonPe,Weekly
3024,50,Female,Backpack,Accessories,1705,Vijaywada,M,Brown,Summer,2.9,No,Express,No,No,4,PhonPe,Quarterly
3025,67,Female,Blouse,Clothing,4510,Ujjain,S,White,Spring,4,No,Free Shipping,No,No,47,Credit Card,Every 3 Months
3026,40,Female,Shoes,Footwear,3300,Ahmedabad,XL,Green,Summer,3.4,No,Store Pickup,No,No,7,PhonPe,Monthly
3027,55,Female,Shirt,Clothing,3850,Kochi,L,Magenta,Fall,2.5,No,Free Shipping,No,No,6,Credit Card,Annually
3028,52,Female,Hoodie,Clothing,1430,Ranchi,XL,Peach,Winter,2.8,No,2-Day Shipping,No,No,47,Credit Card,Quarterly
3029,62,Female,Dress,Clothing,5500,Vadodara,L,Charcoal,Summer,3,No,Free Shipping,No,No,7,PhonPe,Every 3 Months
3030,64,Female,Dress,Clothing,4510,Bareily,M,Gold,Summer,3.1,No,Free Shipping,No,No,1,Debit Card,Quarterly
3031,43,Female,Sneakers,Footwear,1320,Kolhapur,XL,Purple,Spring,2.6,No,2-Day Shipping,No,No,23,Credit Card,Weekly
3032,61,Female,Blouse,Clothing,4070,Ujjain,L,Teal,Summer,4.9,No,2-Day Shipping,No,No,30,Credit Card,Monthly
3033,26,Female,Backpack,Accessories,3190,Vadodara,XL,Green,Summer,3.5,No,Next Day Air,No,No,24,Credit Card,Quarterly
3034,22,Female,Sweater,Clothing,3080,Nellore,L,Orange,Spring,2.6,No,Store Pickup,No,No,9,PhonPe,Weekly
3035,51,Female,Boots,Footwear,2035,Jalandhar,L,Peach,Spring,3.5,No,2-Day Shipping,No,No,25,Credit Card,Quarterly
3036,69,Female,Handbag,Accessories,3520,Delhi,M,Gold,Spring,4.5,No,Free Shipping,No,No,18,Cash,Bi-Weekly
3037,50,Female,Hoodie,Clothing,3190,Pune,S,Violet,Spring,4.3,No,Next Day Air,No,No,7,GooglePay,Fortnightly
3038,51,Female,Belt,Accessories,2420,Sultanpur,L,Charcoal,Summer,4.8,No,Next Day Air,No,No,2,Cash,Annually
3039,56,Female,Jewelry,Accessories,2145,Bareily,M,Brown,Summer,4.2,No,Free Shipping,No,No,36,Debit Card,Annually
3040,59,Female,Blouse,Clothing,2640,Nellore,L,Blue,Spring,3.2,No,Next Day Air,No,No,31,PhonPe,Bi-Weekly
3041,18,Female,Handbag,Accessories,1760,Nainital,M,Gold,Fall,4.1,No,Express,No,No,10,Cash,Fortnightly
3042,48,Female,Handbag,Accessories,4345,Bangalore,M,Orange,Winter,4,No,Express,No,No,27,PhonPe,Monthly
3043,53,Female,Coat,Outerwear,1485,Ayodhya,L,Turquoise,Winter,2.9,No,Next Day Air,No,No,14,PhonPe,Every 3 Months
3044,45,Female,Belt,Accessories,5390,Visakhapatnam,S,Peach,Fall,2.6,No,Store Pickup,No,No,17,Credit Card,Monthly
3045,21,Female,Boots,Footwear,3685,Udaipur,M,Magenta,Winter,2.7,No,Free Shipping,No,No,10,Bank Transfer,Quarterly
3046,42,Female,Socks,Clothing,2035,Ghaziabad,L,Black,Winter,4.6,No,2-Day Shipping,No,No,4,PhonPe,Bi-Weekly
3047,60,Female,Shoes,Footwear,2695,Kota,M,White,Spring,3.2,No,Store Pickup,No,No,25,Cash,Every 3 Months
3048,21,Female,Sneakers,Footwear,4070,Pune,M,Violet,Fall,4.1,No,2-Day Shipping,No,No,3,PhonPe,Bi-Weekly
3049,69,Female,Jewelry,Accessories,5115,Dhanbad,M,Olive,Summer,3.9,No,Standard,No,No,47,GooglePay,Fortnightly
3050,40,Female,Handbag,Accessories,3300,Jalandhar,L,Red,Summer,3,No,Next Day Air,No,No,41,Bank Transfer,Bi-Weekly
3051,31,Female,Coat,Outerwear,4180,Delhi,S,Green,Spring,3.6,No,Standard,No,No,28,GooglePay,Every 3 Months
3052,44,Female,Sunglasses,Accessories,3520,Nagpur,L,Gold,Summer,4.6,No,Express,No,No,49,Debit Card,Every 3 Months
3053,48,Female,Shoes,Footwear,2090,Mumbai,XL,Olive,Spring,4.5,No,Store Pickup,No,No,7,Bank Transfer,Fortnightly
3054,32,Female,Shoes,Footwear,5005,Mumbai,L,Brown,Winter,3.2,No,Next Day Air,No,No,22,Bank Transfer,Monthly
3055,42,Female,Boots,Footwear,3850,Hyderabad,S,Magenta,Summer,4.9,No,2-Day Shipping,No,No,34,GooglePay,Monthly
3056,27,Female,Sandals,Footwear,1210,Varanasi,M,Violet,Fall,5,No,Standard,No,No,5,Debit Card,Bi-Weekly
3057,69,Female,Gloves,Accessories,3245,Mangaluru,M,Beige,Spring,3.8,No,Standard,No,No,15,Cash,Bi-Weekly
3058,67,Female,Backpack,Accessories,1210,Udaipur,M,Blue,Spring,3.4,No,Next Day Air,No,No,26,Bank Transfer,Weekly
3059,41,Female,Handbag,Accessories,4070,Ranchi,S,Orange,Winter,3.8,No,Store Pickup,No,No,3,Bank Transfer,Fortnightly
3060,46,Female,Sweater,Clothing,3905,Delhi,L,Maroon,Spring,3.2,No,Express,No,No,42,Credit Card,Quarterly
3061,47,Female,Coat,Outerwear,4400,Vadodara,S,Charcoal,Summer,4.7,No,Store Pickup,No,No,1,GooglePay,Monthly
3062,33,Female,T-shirt,Clothing,3245,Ayodhya,L,Olive,Fall,4.5,No,Express,No,No,20,PhonPe,Every 3 Months
3063,51,Female,Backpack,Accessories,5280,Vadodara,L,Green,Fall,3.3,No,Standard,No,No,39,PhonPe,Monthly
3064,26,Female,Sunglasses,Accessories,2365,Gwalior,L,Brown,Winter,3.9,No,Store Pickup,No,No,24,Credit Card,Fortnightly
3065,22,Female,Belt,Accessories,4180,Ujjain,S,Cyan,Winter,3.6,No,Express,No,No,49,Bank Transfer,Quarterly
3066,49,Female,Jacket,Outerwear,3245,Bhubaneswar,M,Beige,Fall,2.8,No,Store Pickup,No,No,7,GooglePay,Bi-Weekly
3067,58,Female,Skirt,Clothing,2640,Michigan,L,Teal,Summer,4.3,No,Free Shipping,No,No,13,GooglePay,Every 3 Months
3068,70,Female,Belt,Accessories,1210,Mussoorie,S,Gray,Spring,3.5,No,Free Shipping,No,No,2,Cash,Weekly
3069,32,Female,Boots,Footwear,2200,Vadodara,M,Indigo,Winter,4.2,No,Express,No,No,4,Debit Card,Weekly
3070,62,Female,Jeans,Clothing,4015,Chennai,L,Magenta,Spring,4.6,No,Express,No,No,17,Debit Card,Quarterly
3071,52,Female,Shoes,Footwear,1430,Nellore,XL,Red,Fall,2.6,No,Free Shipping,No,No,43,PhonPe,Bi-Weekly
3072,23,Female,Sweater,Clothing,2255,Hyderabad,L,Turquoise,Spring,3.4,No,Next Day Air,No,No,6,PhonPe,Monthly
3073,26,Female,Jewelry,Accessories,5390,Chandrapur,L,Peach,Spring,3.1,No,Standard,No,No,46,PhonPe,Quarterly
3074,58,Female,Shirt,Clothing,3465,Chandigarh,L,White,Winter,3.6,No,Free Shipping,No,No,7,Debit Card,Bi-Weekly
3075,26,Female,Boots,Footwear,3025,Kolkata,L,Maroon,Winter,4.2,No,Next Day Air,No,No,34,Debit Card,Fortnightly
3076,54,Female,Shorts,Clothing,4950,Jalandhar,XL,Beige,Winter,3.6,No,Standard,No,No,21,PhonPe,Every 3 Months
3077,66,Female,Handbag,Accessories,2530,Hyderabad,M,Blue,Summer,3.6,No,Express,No,No,13,GooglePay,Bi-Weekly
3078,60,Female,Sweater,Clothing,4840,Visakhapatnam,S,Red,Spring,3,No,Store Pickup,No,No,33,Debit Card,Bi-Weekly
3079,32,Female,Belt,Accessories,5225,Rameswaram,M,Blue,Spring,2.5,No,2-Day Shipping,No,No,24,Bank Transfer,Bi-Weekly
3080,48,Female,Belt,Accessories,1705,Nagpur,M,Maroon,Fall,4,No,Store Pickup,No,No,4,Bank Transfer,Annually
3081,69,Female,Hoodie,Clothing,2310,Dhanbad,L,Yellow,Spring,4.1,No,Next Day Air,No,No,5,Cash,Bi-Weekly
3082,64,Female,Sneakers,Footwear,2420,Pune,L,Pink,Winter,4.9,No,Next Day Air,No,No,11,Credit Card,Weekly
3083,56,Female,T-shirt,Clothing,5445,Jalandhar,M,Maroon,Spring,4,No,Next Day Air,No,No,20,Bank Transfer,Annually
3084,22,Female,Pants,Clothing,1100,Visakhapatnam,S,Purple,Summer,3.5,No,Store Pickup,No,No,28,PhonPe,Quarterly
3085,46,Female,Scarf,Accessories,2035,Ujjain,S,Indigo,Spring,3.2,No,Store Pickup,No,No,43,PhonPe,Monthly
3086,24,Female,Sweater,Clothing,2750,Srinagar,L,Gray,Winter,2.8,No,Store Pickup,No,No,10,GooglePay,Every 3 Months
3087,47,Female,Handbag,Accessories,4015,Jalandhar,M,Lavender,Summer,3.5,No,Next Day Air,No,No,26,GooglePay,Every 3 Months
3088,62,Female,Shirt,Clothing,4620,Udaipur,M,Charcoal,Spring,3.1,No,Free Shipping,No,No,29,Bank Transfer,Monthly
3089,34,Female,Dress,Clothing,3520,Gurgaon,M,Teal,Spring,3.3,No,Store Pickup,No,No,35,Bank Transfer,Quarterly
3090,50,Female,Sandals,Footwear,1155,Udaipur,L,Blue,Fall,4.6,No,Free Shipping,No,No,23,Cash,Bi-Weekly
3091,29,Female,Shirt,Clothing,1980,Amritsar,M,Peach,Summer,4.9,No,Store Pickup,No,No,15,Bank Transfer,Quarterly
3092,68,Female,Dress,Clothing,4455,Srinagar,L,Orange,Winter,3.4,No,2-Day Shipping,No,No,46,Credit Card,Annually
3093,52,Female,Sunglasses,Accessories,2970,Jalandhar,L,Silver,Fall,3.5,No,Next Day Air,No,No,14,Bank Transfer,Bi-Weekly
3094,29,Female,Socks,Clothing,3465,Kota,L,Red,Summer,4.8,No,Store Pickup,No,No,17,Cash,Every 3 Months
3095,22,Female,Sandals,Footwear,3245,Bareily,M,Gray,Summer,2.7,No,Store Pickup,No,No,9,Cash,Weekly
3096,62,Female,Hat,Accessories,2915,Prayagraj,S,Beige,Fall,3.4,No,Standard,No,No,13,GooglePay,Fortnightly
3097,69,Female,Shirt,Clothing,3465,Varanasi,L,White,Winter,3.5,No,Next Day Air,No,No,20,Bank Transfer,Monthly
3098,48,Female,Shoes,Footwear,1815,Chennai,M,Silver,Fall,3.7,No,Free Shipping,No,No,39,Bank Transfer,Quarterly
3099,66,Female,Pants,Clothing,3520,Nanded,L,Cyan,Summer,3.3,No,Next Day Air,No,No,50,Bank Transfer,Quarterly
3100,42,Female,Shirt,Clothing,5390,Michigan,S,Maroon,Fall,2.9,No,Free Shipping,No,No,21,Bank Transfer,Bi-Weekly
3101,50,Female,Hat,Accessories,4675,Pune,L,Purple,Winter,3.9,No,Express,No,No,3,Bank Transfer,Weekly
3102,32,Female,Jewelry,Accessories,4510,Ujjain,S,Brown,Summer,2.7,No,Express,No,No,9,PhonPe,Fortnightly
3103,51,Female,Jacket,Outerwear,4675,Ayodhya,M,Green,Summer,4.3,No,Standard,No,No,29,Cash,Bi-Weekly
3104,27,Female,Shirt,Clothing,2035,Visakhapatnam,S,Peach,Winter,3,No,2-Day Shipping,No,No,42,Bank Transfer,Weekly
3105,43,Female,Pants,Clothing,3080,Bareily,S,Turquoise,Summer,5,No,2-Day Shipping,No,No,41,Debit Card,Fortnightly
3106,48,Female,Skirt,Clothing,1815,Chandigarh,M,Olive,Fall,2.7,No,Express,No,No,17,Debit Card,Monthly
3107,62,Female,Sandals,Footwear,3135,Nellore,M,Yellow,Winter,4.7,No,Next Day Air,No,No,20,PhonPe,Annually
3108,65,Female,Blouse,Clothing,1705,Raipur,L,Gray,Winter,4.6,No,Standard,No,No,18,Credit Card,Bi-Weekly
3109,50,Female,Socks,Clothing,3795,Chandigarh,M,Purple,Fall,3.2,No,2-Day Shipping,No,No,7,PhonPe,Monthly
3110,60,Female,Jacket,Outerwear,5060,Visakhapatnam,M,Gray,Winter,4.3,No,Free Shipping,No,No,47,Bank Transfer,Fortnightly
3111,19,Female,Handbag,Accessories,2530,Amritsar,L,Lavender,Fall,4.6,No,Next Day Air,No,No,2,Bank Transfer,Bi-Weekly
3112,21,Female,Belt,Accessories,4455,Varanasi,XL,Indigo,Spring,4.9,No,Free Shipping,No,No,25,Debit Card,Quarterly
3113,19,Female,Blouse,Clothing,5335,Amritsar,S,Green,Fall,3.8,No,Express,No,No,26,GooglePay,Annually
3114,46,Female,Shirt,Clothing,5115,Nainital,L,Green,Summer,2.6,No,Express,No,No,2,Debit Card,Weekly
3115,21,Female,Handbag,Accessories,3080,Gurgaon,M,Olive,Spring,4.7,No,Store Pickup,No,No,45,GooglePay,Bi-Weekly
3116,26,Female,Scarf,Accessories,2915,Ayodhya,M,Charcoal,Fall,4.1,No,Free Shipping,No,No,9,Bank Transfer,Bi-Weekly
3117,50,Female,Coat,Outerwear,3630,Ahmedabad,L,Gray,Spring,3.7,No,Store Pickup,No,No,1,GooglePay,Weekly
3118,43,Female,Hoodie,Clothing,2750,Ghaziabad,M,Olive,Fall,3,No,Free Shipping,No,No,4,PhonPe,Bi-Weekly
3119,61,Female,Shorts,Clothing,5335,Shimla,L,Blue,Summer,4.7,No,Standard,No,No,31,Debit Card,Quarterly
3120,63,Female,Sandals,Footwear,4345,Lucknow,XL,Silver,Winter,4.7,No,2-Day Shipping,No,No,21,Credit Card,Every 3 Months
3121,46,Female,Shirt,Clothing,4180,Lucknow,M,Magenta,Fall,4,No,Store Pickup,No,No,32,Debit Card,Fortnightly
3122,63,Female,Hoodie,Clothing,2090,Lucknow,L,Black,Fall,2.6,No,Standard,No,No,16,GooglePay,Weekly
3123,23,Female,Socks,Clothing,2475,Bareily,M,Pink,Fall,3,No,Express,No,No,34,Credit Card,Fortnightly
3124,57,Female,Handbag,Accessories,4235,Sultanpur,XL,Red,Fall,3.3,No,Next Day Air,No,No,40,GooglePay,Bi-Weekly
3125,57,Female,Jewelry,Accessories,2805,Vadodara,M,Peach,Summer,3.4,No,Standard,No,No,4,Cash,Every 3 Months
3126,33,Female,Coat,Outerwear,1430,Chandigarh,L,Lavender,Spring,4,No,Standard,No,No,3,Cash,Quarterly
3127,57,Female,Sunglasses,Accessories,4180,Mumbai,L,Lavender,Winter,2.6,No,Store Pickup,No,No,28,Bank Transfer,Bi-Weekly
3128,55,Female,Gloves,Accessories,5170,Lucknow,M,Beige,Winter,3.4,No,Free Shipping,No,No,43,Credit Card,Every 3 Months
3129,65,Female,Jacket,Outerwear,1760,Gurgaon,S,Indigo,Fall,4.4,No,Standard,No,No,20,Cash,Annually
3130,60,Female,Sandals,Footwear,1100,Kolhapur,S,Cyan,Summer,4.7,No,Express,No,No,40,GooglePay,Every 3 Months
3131,52,Female,Pants,Clothing,1100,Pune,M,Yellow,Summer,4.5,No,Store Pickup,No,No,34,GooglePay,Every 3 Months
3132,34,Female,Jacket,Outerwear,3245,Bhubaneswar,M,Peach,Fall,2.9,No,Store Pickup,No,No,11,Bank Transfer,Every 3 Months
3133,33,Female,Sweater,Clothing,5335,Michigan,M,Yellow,Summer,4.2,No,Express,No,No,26,Cash,Quarterly
3134,58,Female,T-shirt,Clothing,3740,Gurgaon,M,Orange,Spring,4.1,No,Next Day Air,No,No,29,Cash,Bi-Weekly
3135,35,Female,Boots,Footwear,3630,Delhi,L,Gray,Spring,4.4,No,Store Pickup,No,No,47,Bank Transfer,Weekly
3136,68,Female,Shoes,Footwear,4675,Vijaywada,L,Yellow,Spring,4.7,No,Free Shipping,No,No,48,GooglePay,Fortnightly
3137,58,Female,Skirt,Clothing,1760,Prayagraj,M,Gray,Fall,3.1,No,Next Day Air,No,No,29,Cash,Bi-Weekly
3138,34,Female,Coat,Outerwear,2420,Lucknow,M,Turquoise,Spring,2.7,No,2-Day Shipping,No,No,14,Bank Transfer,Monthly
3139,47,Female,Blouse,Clothing,5225,Delhi,L,Gray,Fall,4.6,No,Next Day Air,No,No,40,Cash,Every 3 Months
3140,35,Female,Sunglasses,Accessories,4675,Bareily,M,Olive,Winter,4.4,No,Next Day Air,No,No,4,GooglePay,Weekly
3141,34,Female,Gloves,Accessories,2420,Rameswaram,XL,Peach,Summer,4.6,No,Free Shipping,No,No,37,Bank Transfer,Weekly
3142,36,Female,Sunglasses,Accessories,1650,Indore,S,Peach,Winter,4.9,No,Express,No,No,47,Credit Card,Bi-Weekly
3143,23,Female,Sneakers,Footwear,1155,Varanasi,L,Magenta,Winter,4,No,2-Day Shipping,No,No,1,GooglePay,Quarterly
3144,68,Female,Hoodie,Clothing,1210,Coimbatore,M,Purple,Summer,2.9,No,Store Pickup,No,No,26,Cash,Quarterly
3145,23,Female,Boots,Footwear,3850,Mumbai,L,Beige,Spring,2.6,No,Free Shipping,No,No,12,Debit Card,Quarterly
3146,57,Female,Handbag,Accessories,1595,Amritsar,XL,Purple,Spring,4.6,No,Standard,No,No,16,PhonPe,Fortnightly
3147,21,Female,Shirt,Clothing,4565,Shimla,S,Yellow,Winter,4.9,No,Free Shipping,No,No,19,PhonPe,Annually
3148,45,Female,Sweater,Clothing,5445,Bhubaneswar,M,Pink,Winter,4.3,No,Express,No,No,21,Credit Card,Weekly
3149,37,Female,Shorts,Clothing,1925,Ranchi,L,Purple,Fall,4.3,No,Free Shipping,No,No,15,GooglePay,Weekly
3150,18,Female,Belt,Accessories,2200,Udaipur,M,Lavender,Winter,4.6,No,Free Shipping,No,No,9,GooglePay,Annually
3151,55,Female,Blouse,Clothing,1375,Bareily,M,Peach,Spring,2.6,No,Express,No,No,7,Bank Transfer,Bi-Weekly
3152,52,Female,T-shirt,Clothing,3520,Nanded,L,Orange,Fall,3.1,No,2-Day Shipping,No,No,47,Bank Transfer,Quarterly
3153,49,Female,Belt,Accessories,4950,Udaipur,M,Red,Fall,3.1,No,Store Pickup,No,No,17,PhonPe,Monthly
3154,56,Female,Socks,Clothing,4840,Nellore,L,Red,Fall,3.1,No,Next Day Air,No,No,46,GooglePay,Fortnightly
3155,27,Female,Belt,Accessories,3025,Gwalior,M,Gold,Winter,4.4,No,Standard,No,No,32,Cash,Quarterly
3156,22,Female,Handbag,Accessories,4950,Ahmedabad,M,Brown,Fall,4.3,No,Free Shipping,No,No,34,Cash,Annually
3157,18,Female,Shirt,Clothing,2750,Ahmedabad,M,Black,Winter,3.1,No,2-Day Shipping,No,No,18,Cash,Monthly
3158,21,Female,Belt,Accessories,1870,Mumbai,L,Red,Fall,3.1,No,Store Pickup,No,No,5,Debit Card,Fortnightly
3159,30,Female,Jewelry,Accessories,4235,Indore,M,Gray,Winter,4.9,No,2-Day Shipping,No,No,44,Credit Card,Monthly
3160,62,Female,Hat,Accessories,4895,Lucknow,L,Pink,Winter,2.9,No,Store Pickup,No,No,4,Bank Transfer,Quarterly
3161,28,Female,Backpack,Accessories,4785,Nainital,XL,Turquoise,Fall,3.8,No,Next Day Air,No,No,37,Cash,Fortnightly
3162,66,Female,Dress,Clothing,4235,Kolkata,S,Charcoal,Winter,4.2,No,2-Day Shipping,No,No,43,Cash,Monthly
3163,66,Female,Shoes,Footwear,4675,Gaya,L,Blue,Winter,3.9,No,Standard,No,No,28,Bank Transfer,Quarterly
3164,49,Female,Pants,Clothing,3630,Nainital,XL,Turquoise,Summer,2.8,No,Express,No,No,36,Cash,Monthly
3165,40,Female,Dress,Clothing,1760,Coimbatore,L,Silver,Winter,2.6,No,Standard,No,No,16,Credit Card,Annually
3166,49,Female,Jacket,Outerwear,5060,Raipur,M,Lavender,Spring,3,No,Store Pickup,No,No,38,Bank Transfer,Every 3 Months
3167,19,Female,Shirt,Clothing,4400,Bareily,M,Gold,Winter,2.7,No,Next Day Air,No,No,37,Bank Transfer,Fortnightly
3168,24,Female,Dress,Clothing,4290,Chandigarh,M,Blue,Fall,2.8,No,2-Day Shipping,No,No,9,Cash,Bi-Weekly
3169,31,Female,Jeans,Clothing,1320,Ahmedabad,M,Orange,Spring,2.9,No,2-Day Shipping,No,No,14,PhonPe,Fortnightly
3170,35,Female,T-shirt,Clothing,3245,Bareily,M,White,Fall,3.8,No,Free Shipping,No,No,3,GooglePay,Weekly
3171,65,Female,Sunglasses,Accessories,2255,Bangalore,XL,Charcoal,Spring,4.4,No,Express,No,No,10,Credit Card,Fortnightly
3172,68,Female,Jewelry,Accessories,1430,Kochi,M,Maroon,Spring,3.1,No,Express,No,No,26,Bank Transfer,Bi-Weekly
3173,57,Female,Socks,Clothing,2860,Mussoorie,M,Olive,Fall,3.7,No,Standard,No,No,30,Debit Card,Bi-Weekly
3174,69,Female,Skirt,Clothing,2530,Patna,L,Teal,Summer,4.9,No,Next Day Air,No,No,32,PhonPe,Fortnightly
3175,45,Female,Pants,Clothing,2860,Surat,L,Orange,Winter,3.8,No,Store Pickup,No,No,35,PhonPe,Monthly
3176,35,Female,Socks,Clothing,2310,Gwalior,M,Maroon,Fall,3.4,No,Store Pickup,No,No,26,Debit Card,Every 3 Months
3177,36,Female,Sandals,Footwear,2035,Gurgaon,XL,Turquoise,Spring,4.6,No,2-Day Shipping,No,No,39,Credit Card,Monthly
3178,55,Female,Belt,Accessories,2860,Mussoorie,L,Beige,Fall,3.2,No,Standard,No,No,31,Credit Card,Monthly
3179,66,Female,Sandals,Footwear,1870,Patna,L,Beige,Spring,2.7,No,Free Shipping,No,No,28,Credit Card,Annually
3180,57,Female,Shorts,Clothing,4840,Ujjain,M,Olive,Spring,4.3,No,Free Shipping,No,No,12,Debit Card,Bi-Weekly
3181,18,Female,Handbag,Accessories,4840,Ahmedabad,L,Turquoise,Fall,3.8,No,Standard,No,No,46,PhonPe,Weekly
3182,31,Female,Jacket,Outerwear,2805,Ahmedabad,M,Charcoal,Summer,4.4,No,Free Shipping,No,No,27,PhonPe,Every 3 Months
3183,50,Female,Sunglasses,Accessories,5335,Bareily,L,Green,Fall,3.6,No,Free Shipping,No,No,4,Credit Card,Annually
3184,50,Female,Sneakers,Footwear,3080,Indore,M,Green,Winter,3.5,No,Standard,No,No,14,Cash,Every 3 Months
3185,61,Female,Sweater,Clothing,2915,Raipur,L,Green,Spring,4.2,No,2-Day Shipping,No,No,30,GooglePay,Quarterly
3186,52,Female,Skirt,Clothing,3905,Mysuru,L,Gold,Fall,4.7,No,Express,No,No,6,PhonPe,Annually
3187,38,Female,Jewelry,Accessories,5115,Shimla,S,Cyan,Winter,4.8,No,Store Pickup,No,No,43,GooglePay,Annually
3188,67,Female,Blouse,Clothing,3960,Amritsar,L,Indigo,Winter,3.2,No,Free Shipping,No,No,28,Debit Card,Weekly
3189,42,Female,Blouse,Clothing,3245,Pune,M,Lavender,Winter,3.5,No,Standard,No,No,39,Bank Transfer,Monthly
3190,25,Female,Boots,Footwear,4785,Varanasi,M,Beige,Summer,4.2,No,Store Pickup,No,No,30,PhonPe,Bi-Weekly
3191,41,Female,Jeans,Clothing,4290,Vadodara,S,Purple,Fall,3.4,No,Free Shipping,No,No,5,Credit Card,Fortnightly
3192,62,Female,Hoodie,Clothing,3740,Indore,XL,Maroon,Winter,4.7,No,Store Pickup,No,No,42,Credit Card,Every 3 Months
3193,19,Female,Sweater,Clothing,4180,Sultanpur,S,Maroon,Fall,3,No,Free Shipping,No,No,20,Cash,Fortnightly
3194,63,Female,Gloves,Accessories,5445,Shimla,L,Teal,Winter,4,No,Express,No,No,35,Credit Card,Fortnightly
3195,43,Female,Sneakers,Footwear,2860,Kolhapur,L,Gold,Summer,4.6,No,Standard,No,No,10,Credit Card,Bi-Weekly
3196,68,Female,Sunglasses,Accessories,3190,Mussoorie,S,Red,Spring,4.9,No,Next Day Air,No,No,36,Credit Card,Quarterly
3197,24,Female,Belt,Accessories,3245,Gaya,L,Maroon,Winter,2.8,No,Express,No,No,21,Debit Card,Fortnightly
3198,27,Female,Sweater,Clothing,3905,Mumbai,M,Teal,Spring,3.2,No,Free Shipping,No,No,29,Credit Card,Every 3 Months
3199,61,Female,Gloves,Accessories,5170,Kota,L,Peach,Winter,2.8,No,Free Shipping,No,No,39,Debit Card,Weekly
3200,59,Female,Handbag,Accessories,2200,Mumbai,XL,Pink,Winter,4.2,No,Express,No,No,16,PhonPe,Monthly
3201,67,Female,Socks,Clothing,1320,Mussoorie,L,Black,Spring,4.8,No,Free Shipping,No,No,32,Credit Card,Monthly
3202,46,Female,Pants,Clothing,2090,Pune,S,Indigo,Fall,2.8,No,2-Day Shipping,No,No,34,Cash,Monthly
3203,65,Female,Scarf,Accessories,2035,Gaya,L,Green,Fall,4.5,No,Standard,No,No,38,GooglePay,Annually
3204,63,Female,Coat,Outerwear,1595,Mangaluru,L,Teal,Spring,4.1,No,Express,No,No,14,GooglePay,Annually
3205,57,Female,Jacket,Outerwear,5060,Nanded,XL,Lavender,Fall,4.3,No,Free Shipping,No,No,23,Debit Card,Bi-Weekly
3206,40,Female,Hoodie,Clothing,1320,Dhanbad,XL,Magenta,Fall,4.4,No,2-Day Shipping,No,No,50,Bank Transfer,Every 3 Months
3207,36,Female,Boots,Footwear,2860,Vadodara,M,Brown,Winter,3,No,Free Shipping,No,No,49,PhonPe,Monthly
3208,67,Female,Socks,Clothing,1595,Coimbatore,XL,Beige,Summer,2.7,No,Next Day Air,No,No,14,PhonPe,Annually
3209,61,Female,Jewelry,Accessories,1650,Vijaywada,L,Indigo,Winter,3.3,No,2-Day Shipping,No,No,42,PhonPe,Weekly
3210,64,Female,Shoes,Footwear,1705,Gurgaon,L,Peach,Fall,4.3,No,Standard,No,No,39,Debit Card,Annually
3211,30,Female,Socks,Clothing,3685,Srinagar,M,Magenta,Summer,2.9,No,Express,No,No,43,GooglePay,Bi-Weekly
3212,53,Female,Pants,Clothing,3575,Bangalore,L,Turquoise,Winter,4.9,No,Standard,No,No,12,Cash,Monthly
3213,27,Female,Sneakers,Footwear,1210,Nagpur,M,Indigo,Winter,3.6,No,2-Day Shipping,No,No,21,Debit Card,Weekly
3214,27,Female,Sunglasses,Accessories,3080,Amritsar,M,Brown,Winter,3.3,No,Standard,No,No,33,Credit Card,Monthly
3215,53,Female,Skirt,Clothing,4290,Patna,M,Yellow,Spring,3.1,No,Free Shipping,No,No,6,Debit Card,Annually
3216,34,Female,Coat,Outerwear,4950,Bangalore,M,Magenta,Summer,2.7,No,Free Shipping,No,No,10,PhonPe,Every 3 Months
3217,39,Female,Hoodie,Clothing,4675,Visakhapatnam,S,Olive,Winter,3.4,No,Next Day Air,No,No,18,Cash,Weekly
3218,44,Female,Sunglasses,Accessories,3190,Chandigarh,M,Silver,Fall,3.4,No,Express,No,No,46,GooglePay,Weekly
3219,37,Female,Skirt,Clothing,1870,Ghaziabad,M,Teal,Fall,3.9,No,Express,No,No,49,PhonPe,Monthly
3220,57,Female,Coat,Outerwear,2200,Varanasi,L,White,Summer,3.5,No,2-Day Shipping,No,No,39,Credit Card,Weekly
3221,38,Female,Handbag,Accessories,1595,Bhubaneswar,M,Blue,Fall,4.1,No,Free Shipping,No,No,16,Cash,Monthly
3222,21,Female,T-shirt,Clothing,4180,Hyderabad,M,Yellow,Winter,3.2,No,Standard,No,No,28,Cash,Annually
3223,45,Female,Sunglasses,Accessories,4620,Amritsar,S,Maroon,Fall,4.6,No,Store Pickup,No,No,22,PhonPe,Quarterly
3224,68,Female,Shirt,Clothing,3575,Ahmedabad,S,Gray,Spring,3.9,No,Standard,No,No,36,GooglePay,Bi-Weekly
3225,37,Female,Hoodie,Clothing,4400,Chennai,L,Indigo,Winter,2.7,No,Free Shipping,No,No,18,PhonPe,Monthly
3226,53,Female,Blouse,Clothing,5390,Hyderabad,M,Pink,Fall,3,No,Store Pickup,No,No,31,Credit Card,Weekly
3227,57,Female,Sneakers,Footwear,3905,Prayagraj,XL,Beige,Spring,3.3,No,Next Day Air,No,No,38,Bank Transfer,Fortnightly
3228,28,Female,Scarf,Accessories,3795,Rameswaram,XL,White,Fall,2.7,No,Free Shipping,No,No,42,Debit Card,Quarterly
3229,37,Female,Jewelry,Accessories,5225,Gwalior,M,Yellow,Spring,4.6,No,2-Day Shipping,No,No,27,PhonPe,Annually
3230,54,Female,Pants,Clothing,3685,Gwalior,M,Teal,Fall,2.7,No,Express,No,No,24,Cash,Monthly
3231,49,Female,Sneakers,Footwear,2695,Varanasi,M,Olive,Summer,2.5,No,Next Day Air,No,No,38,Debit Card,Annually
3232,62,Female,Shoes,Footwear,5335,Srinagar,M,Maroon,Winter,4.4,No,Free Shipping,No,No,9,Credit Card,Annually
3233,45,Female,T-shirt,Clothing,1870,Kolkata,M,White,Spring,4,No,Next Day Air,No,No,19,Bank Transfer,Monthly
3234,45,Female,Belt,Accessories,4070,Vijaywada,M,Lavender,Fall,3.8,No,Express,No,No,11,Debit Card,Bi-Weekly
3235,49,Female,Jewelry,Accessories,5280,Patna,M,Black,Winter,2.5,No,2-Day Shipping,No,No,16,Debit Card,Quarterly
3236,27,Female,Belt,Accessories,3740,Varanasi,M,Green,Summer,4,No,Free Shipping,No,No,18,GooglePay,Monthly
3237,63,Female,Belt,Accessories,4620,Nashik,L,Olive,Fall,4.1,No,Next Day Air,No,No,8,Cash,Monthly
3238,61,Female,T-shirt,Clothing,3135,Pune,M,Gray,Summer,2.8,No,Express,No,No,4,Cash,Weekly
3239,25,Female,Sneakers,Footwear,4620,Nagpur,XL,Teal,Fall,3.4,No,2-Day Shipping,No,No,37,Cash,Quarterly
3240,33,Female,Sunglasses,Accessories,1760,Dhanbad,M,Charcoal,Fall,2.7,No,2-Day Shipping,No,No,30,Cash,Monthly
3241,56,Female,Sandals,Footwear,2035,Ranchi,M,Violet,Fall,3.8,No,2-Day Shipping,No,No,37,Bank Transfer,Monthly
3242,50,Female,Handbag,Accessories,3190,Gwalior,M,Lavender,Summer,4.4,No,Store Pickup,No,No,30,PhonPe,Quarterly
3243,45,Female,Socks,Clothing,4070,Chandigarh,S,Beige,Fall,2.8,No,Express,No,No,17,GooglePay,Weekly
3244,45,Female,Hoodie,Clothing,5445,Ujjain,L,Black,Summer,5,No,Store Pickup,No,No,11,Bank Transfer,Every 3 Months
3245,65,Female,Sweater,Clothing,4455,Gurgaon,M,Black,Fall,4.7,No,Express,No,No,42,Credit Card,Annually
3246,63,Female,Pants,Clothing,4180,Varanasi,M,Purple,Fall,3.2,No,Next Day Air,No,No,20,Cash,Weekly
3247,70,Female,Sneakers,Footwear,5390,Michigan,M,Magenta,Summer,2.9,No,Store Pickup,No,No,37,Cash,Monthly
3248,53,Female,Gloves,Accessories,5005,Gurgaon,M,Teal,Summer,3.7,No,Express,No,No,12,PhonPe,Fortnightly
3249,22,Female,T-shirt,Clothing,4345,Kota,S,Teal,Summer,4.2,No,Free Shipping,No,No,41,Bank Transfer,Quarterly
3250,26,Female,Backpack,Accessories,4565,Shimla,M,Pink,Summer,3.4,No,Express,No,No,32,Credit Card,Quarterly
3251,23,Female,Coat,Outerwear,4950,Prayagraj,M,Teal,Spring,2.9,No,2-Day Shipping,No,No,15,GooglePay,Weekly
3252,25,Female,Coat,Outerwear,1100,Srinagar,M,Gold,Winter,3.7,No,Standard,No,No,39,GooglePay,Quarterly
3253,69,Female,Sandals,Footwear,1155,Ahmedabad,L,Brown,Spring,2.7,No,Store Pickup,No,No,48,Credit Card,Fortnightly
3254,36,Female,Backpack,Accessories,3300,Nainital,M,Brown,Fall,3.2,No,2-Day Shipping,No,No,8,GooglePay,Fortnightly
3255,21,Female,Sweater,Clothing,1705,Vijaywada,S,Magenta,Winter,4.9,No,Store Pickup,No,No,11,Bank Transfer,Every 3 Months
3256,57,Female,Shorts,Clothing,2200,Mangaluru,M,Black,Fall,2.8,No,Next Day Air,No,No,36,Bank Transfer,Monthly
3257,60,Female,Sunglasses,Accessories,1430,Gaya,L,Teal,Winter,4.7,No,Free Shipping,No,No,50,GooglePay,Every 3 Months
3258,44,Female,Shirt,Clothing,5390,Prayagraj,M,Brown,Fall,3.3,No,Express,No,No,39,GooglePay,Every 3 Months
3259,31,Female,Shoes,Footwear,2805,Mangaluru,M,Magenta,Spring,4.3,No,Express,No,No,11,Credit Card,Bi-Weekly
3260,57,Female,Hat,Accessories,5225,Surat,XL,Indigo,Fall,3.7,No,2-Day Shipping,No,No,5,Debit Card,Every 3 Months
3261,39,Female,Scarf,Accessories,1980,Gaya,M,Violet,Summer,4.5,No,2-Day Shipping,No,No,7,Credit Card,Annually
3262,48,Female,Belt,Accessories,2860,Bangalore,L,Cyan,Winter,3.4,No,Store Pickup,No,No,50,Debit Card,Weekly
3263,42,Female,T-shirt,Clothing,1925,Vijaywada,M,Violet,Spring,2.7,No,Standard,No,No,21,Cash,Every 3 Months
3264,56,Female,Shorts,Clothing,3740,Pune,S,Black,Fall,4.4,No,Express,No,No,31,Debit Card,Fortnightly
3265,28,Female,Pants,Clothing,2750,Mumbai,S,Charcoal,Winter,4,No,Express,No,No,39,Cash,Bi-Weekly
3266,40,Female,Sunglasses,Accessories,5500,Nellore,M,White,Winter,3.2,No,Express,No,No,28,Credit Card,Fortnightly
3267,49,Female,Coat,Outerwear,4070,Nellore,S,Gray,Winter,4.2,No,Next Day Air,No,No,33,Bank Transfer,Weekly
3268,37,Female,Hoodie,Clothing,2475,Ujjain,L,Pink,Winter,3,No,Store Pickup,No,No,42,Credit Card,Quarterly
3269,22,Female,Dress,Clothing,5335,Gurgaon,M,Cyan,Fall,2.8,No,Free Shipping,No,No,5,Bank Transfer,Every 3 Months
3270,27,Female,Blouse,Clothing,3300,Mysuru,M,Blue,Winter,4.9,No,Express,No,No,25,Cash,Monthly
3271,59,Female,Socks,Clothing,1375,Visakhapatnam,M,Indigo,Winter,4.7,No,Express,No,No,48,PhonPe,Annually
3272,35,Female,Socks,Clothing,3025,Srinagar,XL,Magenta,Spring,4.4,No,Standard,No,No,30,Credit Card,Weekly
3273,58,Female,Shoes,Footwear,5445,Amritsar,M,Lavender,Winter,3.1,No,Next Day Air,No,No,34,PhonPe,Quarterly
3274,58,Female,Belt,Accessories,2475,Srinagar,S,Orange,Summer,2.6,No,Free Shipping,No,No,34,PhonPe,Every 3 Months
3275,46,Female,Sweater,Clothing,1100,Surat,M,Cyan,Spring,3.9,No,Store Pickup,No,No,14,Cash,Fortnightly
3276,43,Female,Pants,Clothing,4840,Nellore,XL,Green,Summer,2.6,No,2-Day Shipping,No,No,2,Debit Card,Weekly
3277,39,Female,Scarf,Accessories,5445,Ayodhya,M,White,Summer,4,No,Store Pickup,No,No,41,PhonPe,Every 3 Months
3278,59,Female,Skirt,Clothing,4730,Amritsar,M,Blue,Spring,4.9,No,Store Pickup,No,No,3,Credit Card,Monthly
3279,59,Female,Dress,Clothing,3850,Ahmedabad,M,Black,Summer,3.3,No,2-Day Shipping,No,No,18,Bank Transfer,Weekly
3280,59,Female,Hat,Accessories,2750,Nagpur,S,Red,Fall,3,No,Express,No,No,1,Debit Card,Fortnightly
3281,45,Female,Handbag,Accessories,3135,Chandrapur,L,Red,Winter,2.7,No,Next Day Air,No,No,5,PhonPe,Monthly
3282,27,Female,Pants,Clothing,3795,Chandigarh,L,Gold,Winter,3.1,No,Free Shipping,No,No,41,Bank Transfer,Annually
3283,24,Female,T-shirt,Clothing,5170,Vadodara,M,Red,Fall,4.8,No,Next Day Air,No,No,5,Credit Card,Monthly
3284,47,Female,Jacket,Outerwear,1320,Udaipur,L,Purple,Spring,2.9,No,Express,No,No,10,Debit Card,Every 3 Months
3285,70,Female,Scarf,Accessories,4345,Delhi,L,White,Spring,4.5,No,2-Day Shipping,No,No,20,GooglePay,Annually
3286,58,Female,Hat,Accessories,1705,Raipur,XL,Magenta,Fall,4.6,No,Free Shipping,No,No,11,Cash,Weekly
3287,45,Female,Jacket,Outerwear,3685,Visakhapatnam,L,Pink,Winter,5,No,Express,No,No,4,GooglePay,Fortnightly
3288,24,Female,Skirt,Clothing,3465,Ranchi,L,Black,Spring,4.3,No,2-Day Shipping,No,No,38,Credit Card,Weekly
3289,67,Female,Handbag,Accessories,3355,Nashik,XL,White,Spring,4.9,No,Next Day Air,No,No,19,Credit Card,Bi-Weekly
3290,31,Female,Backpack,Accessories,2750,Ahmedabad,M,Maroon,Summer,4,No,2-Day Shipping,No,No,16,GooglePay,Every 3 Months
3291,52,Female,Coat,Outerwear,4510,Bhubaneswar,L,Black,Spring,3.1,No,Free Shipping,No,No,2,PhonPe,Monthly
3292,29,Female,Belt,Accessories,2805,Nanded,L,Olive,Fall,2.6,No,2-Day Shipping,No,No,11,Cash,Monthly
3293,62,Female,Handbag,Accessories,1265,Mussoorie,L,Gray,Spring,4.9,No,Standard,No,No,18,Bank Transfer,Fortnightly
3294,19,Female,Coat,Outerwear,5005,Ranchi,M,Gold,Spring,3.5,No,2-Day Shipping,No,No,47,Credit Card,Fortnightly
3295,62,Female,Sweater,Clothing,3300,Nashik,S,Magenta,Spring,4.5,No,Store Pickup,No,No,15,Bank Transfer,Bi-Weekly
3296,70,Female,Blouse,Clothing,1870,Ranchi,S,Lavender,Summer,2.8,No,Next Day Air,No,No,15,Cash,Weekly
3297,20,Female,Blouse,Clothing,1265,Rameswaram,M,Green,Spring,4.2,No,Next Day Air,No,No,47,GooglePay,Quarterly
3298,67,Female,Belt,Accessories,4510,Ranchi,M,Violet,Fall,4.1,No,Free Shipping,No,No,47,PhonPe,Monthly
3299,65,Female,Jacket,Outerwear,4015,Nanded,M,Brown,Fall,3.5,No,Express,No,No,6,Bank Transfer,Every 3 Months
3300,45,Female,Shorts,Clothing,1760,Ayodhya,L,Teal,Spring,4,No,2-Day Shipping,No,No,18,GooglePay,Monthly
3301,26,Female,Hat,Accessories,4400,Surat,M,Charcoal,Spring,4,No,Express,No,No,40,Bank Transfer,Bi-Weekly
3302,36,Female,Pants,Clothing,3190,Surat,XL,Charcoal,Summer,2.5,No,Free Shipping,No,No,31,Credit Card,Fortnightly
3303,36,Female,Blouse,Clothing,4510,Nellore,XL,Beige,Winter,4.2,No,Standard,No,No,31,GooglePay,Bi-Weekly
3304,20,Female,Belt,Accessories,3300,Indore,S,Turquoise,Summer,3.4,No,Next Day Air,No,No,4,Credit Card,Fortnightly
3305,30,Female,Handbag,Accessories,4345,Indore,XL,Orange,Fall,4.8,No,Next Day Air,No,No,36,Bank Transfer,Every 3 Months
3306,34,Female,Hoodie,Clothing,2255,Nainital,L,Cyan,Summer,4.9,No,Standard,No,No,31,PhonPe,Bi-Weekly
3307,63,Female,Jacket,Outerwear,2145,Dhanbad,L,Orange,Summer,3.6,No,Store Pickup,No,No,6,GooglePay,Fortnightly
3308,18,Female,Scarf,Accessories,1980,Kota,S,Green,Winter,4,No,Store Pickup,No,No,1,Cash,Monthly
3309,55,Female,Jeans,Clothing,3850,Jalandhar,M,Pink,Fall,2.6,No,Express,No,No,29,Cash,Monthly
3310,48,Female,Handbag,Accessories,2585,Kolkata,M,Blue,Summer,3.1,No,Store Pickup,No,No,19,PhonPe,Monthly
3311,45,Female,Jacket,Outerwear,1485,Sultanpur,M,Pink,Winter,3.6,No,Free Shipping,No,No,12,PhonPe,Fortnightly
3312,29,Female,Hat,Accessories,2860,Ghaziabad,L,Blue,Summer,4,No,Express,No,No,18,Bank Transfer,Annually
3313,55,Female,Sneakers,Footwear,4125,Lucknow,L,Black,Summer,3.9,No,Next Day Air,No,No,45,Cash,Quarterly
3314,55,Female,Hat,Accessories,1650,Varanasi,XL,Black,Fall,3.9,No,Express,No,No,45,Credit Card,Monthly
3315,55,Female,Socks,Clothing,5170,Varanasi,M,Violet,Spring,3.3,No,Standard,No,No,8,Credit Card,Quarterly
3316,48,Female,Scarf,Accessories,3740,Delhi,S,Gold,Summer,2.9,No,Standard,No,No,4,PhonPe,Every 3 Months
3317,42,Female,Socks,Clothing,2475,Nanded,M,Olive,Summer,3.1,No,Free Shipping,No,No,5,Debit Card,Fortnightly
3318,21,Female,Hat,Accessories,3685,Udaipur,XL,Pink,Summer,4.7,No,Standard,No,No,30,Cash,Quarterly
3319,45,Female,Jacket,Outerwear,2530,Bhubaneswar,M,Olive,Summer,3.9,No,Free Shipping,No,No,15,PhonPe,Monthly
3320,23,Female,Shorts,Clothing,1705,Bhubaneswar,M,Indigo,Summer,4.3,No,Next Day Air,No,No,17,Credit Card,Every 3 Months
3321,66,Female,Blouse,Clothing,2420,Visakhapatnam,XL,Silver,Fall,4.2,No,2-Day Shipping,No,No,45,Cash,Every 3 Months
3322,32,Female,Coat,Outerwear,5500,Mumbai,S,Charcoal,Winter,4.3,No,Next Day Air,No,No,3,GooglePay,Annually
3323,52,Female,Sweater,Clothing,5060,Vijaywada,XL,Orange,Winter,4.6,No,Next Day Air,No,No,43,PhonPe,Weekly
3324,54,Female,Handbag,Accessories,4290,Bhubaneswar,M,Yellow,Winter,3.8,No,Free Shipping,No,No,4,Credit Card,Monthly
3325,37,Female,T-shirt,Clothing,1760,Mussoorie,S,Red,Fall,3.3,No,Standard,No,No,41,GooglePay,Weekly
3326,29,Female,Sandals,Footwear,5335,Rameswaram,M,Maroon,Fall,3.7,No,2-Day Shipping,No,No,16,GooglePay,Monthly
3327,47,Female,Gloves,Accessories,5225,Bhubaneswar,M,Magenta,Summer,4.3,No,Standard,No,No,10,Debit Card,Annually
3328,47,Female,Shorts,Clothing,3520,Gwalior,M,Black,Spring,4.1,No,Express,No,No,2,Debit Card,Quarterly
3329,42,Female,Sandals,Footwear,1925,Gaya,M,Violet,Spring,3.2,No,Free Shipping,No,No,11,Cash,Bi-Weekly
3330,34,Female,Backpack,Accessories,2970,Mangaluru,M,Gray,Winter,3.8,No,Express,No,No,1,Debit Card,Bi-Weekly
3331,38,Female,Sneakers,Footwear,5280,Mussoorie,M,Black,Spring,3.2,No,2-Day Shipping,No,No,41,Bank Transfer,Quarterly
3332,55,Female,Sunglasses,Accessories,3190,Vadodara,M,Pink,Summer,3.5,No,Free Shipping,No,No,39,PhonPe,Quarterly
3333,27,Female,T-shirt,Clothing,1265,Patna,M,Silver,Summer,3.1,No,2-Day Shipping,No,No,1,PhonPe,Bi-Weekly
3334,55,Female,Jeans,Clothing,1925,Prayagraj,M,Violet,Spring,4.2,No,Express,No,No,3,PhonPe,Monthly
3335,66,Female,Shirt,Clothing,1265,Vadodara,M,Beige,Summer,3.4,No,Free Shipping,No,No,21,Credit Card,Annually
3336,44,Female,Hat,Accessories,5170,Amritsar,XL,Cyan,Winter,3.5,No,Express,No,No,48,Bank Transfer,Quarterly
3337,39,Female,Blouse,Clothing,2475,Ahmedabad,M,Brown,Fall,4,No,Free Shipping,No,No,24,Debit Card,Annually
3338,23,Female,Jacket,Outerwear,1265,Coimbatore,L,Blue,Winter,4.4,No,2-Day Shipping,No,No,45,Bank Transfer,Bi-Weekly
3339,29,Female,Skirt,Clothing,5170,Prayagraj,L,White,Winter,2.9,No,2-Day Shipping,No,No,46,Credit Card,Monthly
3340,20,Female,Gloves,Accessories,5445,Nainital,M,Cyan,Fall,3.6,No,Store Pickup,No,No,35,Cash,Fortnightly
3341,42,Female,T-shirt,Clothing,1980,Shimla,XL,Maroon,Fall,4.4,No,Free Shipping,No,No,47,Credit Card,Fortnightly
3342,55,Female,Jacket,Outerwear,2750,Gwalior,XL,Olive,Summer,4.5,No,Standard,No,No,35,Credit Card,Monthly
3343,66,Female,Jacket,Outerwear,4455,Mangaluru,M,Violet,Spring,3.8,No,Free Shipping,No,No,45,Credit Card,Weekly
3344,24,Female,Shorts,Clothing,1705,Delhi,XL,Green,Winter,3.6,No,2-Day Shipping,No,No,6,Cash,Bi-Weekly
3345,62,Female,Hat,Accessories,2640,Patna,XL,Magenta,Fall,4.3,No,Free Shipping,No,No,20,Cash,Annually
3346,28,Female,Handbag,Accessories,5005,Ghaziabad,M,Turquoise,Summer,4,No,2-Day Shipping,No,No,3,GooglePay,Bi-Weekly
3347,30,Female,Jeans,Clothing,5445,Surat,M,Black,Summer,3.4,No,Express,No,No,30,GooglePay,Quarterly
3348,22,Female,Shoes,Footwear,3850,Sultanpur,XL,Cyan,Summer,4.4,No,Standard,No,No,28,PhonPe,Bi-Weekly
3349,28,Female,T-shirt,Clothing,4070,Hyderabad,L,Gray,Winter,2.8,No,Standard,No,No,15,Cash,Every 3 Months
3350,35,Female,Jewelry,Accessories,4345,Bareily,M,Red,Fall,2.8,No,Store Pickup,No,No,29,PhonPe,Quarterly
3351,45,Female,Handbag,Accessories,1815,Indore,S,Olive,Fall,4.9,No,2-Day Shipping,No,No,15,Cash,Bi-Weekly
3352,43,Female,Shirt,Clothing,2695,Hyderabad,L,Cyan,Spring,4.2,No,2-Day Shipping,No,No,18,Bank Transfer,Fortnightly
3353,55,Female,Belt,Accessories,5280,Patna,M,Teal,Summer,2.9,No,Next Day Air,No,No,7,Bank Transfer,Bi-Weekly
3354,31,Female,Dress,Clothing,3630,Mysuru,L,Teal,Fall,4.6,No,Free Shipping,No,No,19,Credit Card,Every 3 Months
3355,42,Female,Skirt,Clothing,2475,Kolhapur,M,Orange,Fall,2.8,No,Next Day Air,No,No,15,PhonPe,Weekly
3356,40,Female,Blouse,Clothing,1540,Chennai,M,Peach,Spring,2.6,No,Store Pickup,No,No,3,Bank Transfer,Bi-Weekly
3357,39,Female,Jeans,Clothing,2640,Kochi,M,Silver,Summer,3.5,No,Store Pickup,No,No,13,PhonPe,Bi-Weekly
3358,41,Female,Hoodie,Clothing,3685,Gurgaon,M,Pink,Winter,3.5,No,Free Shipping,No,No,37,Credit Card,Monthly
3359,56,Female,T-shirt,Clothing,3245,Kochi,M,Magenta,Fall,3.4,No,2-Day Shipping,No,No,26,Cash,Annually
3360,43,Female,Sunglasses,Accessories,4070,Hyderabad,L,Red,Fall,3.9,No,Next Day Air,No,No,29,Debit Card,Monthly
3361,22,Female,Jacket,Outerwear,4455,Prayagraj,M,Maroon,Spring,3.3,No,2-Day Shipping,No,No,47,Cash,Every 3 Months
3362,47,Female,Shoes,Footwear,1430,Ghaziabad,M,Silver,Spring,4.1,No,Free Shipping,No,No,47,Credit Card,Bi-Weekly
3363,50,Female,Handbag,Accessories,3355,Kochi,M,Gray,Summer,3,No,Next Day Air,No,No,48,GooglePay,Fortnightly
3364,58,Female,Sweater,Clothing,1265,Vadodara,M,Turquoise,Winter,3,No,Next Day Air,No,No,46,Bank Transfer,Bi-Weekly
3365,50,Female,Scarf,Accessories,1815,Chandigarh,M,Peach,Fall,3.2,No,Standard,No,No,7,Credit Card,Monthly
3366,43,Female,Skirt,Clothing,3190,Kochi,L,Teal,Fall,3.9,No,Express,No,No,45,Credit Card,Every 3 Months
3367,38,Female,Gloves,Accessories,3575,Udaipur,M,Red,Spring,3.6,No,2-Day Shipping,No,No,47,Debit Card,Quarterly
3368,44,Female,T-shirt,Clothing,2640,Kochi,M,Blue,Summer,3.1,No,Store Pickup,No,No,6,GooglePay,Fortnightly
3369,30,Female,Sandals,Footwear,1375,Nainital,M,Blue,Spring,4.8,No,Express,No,No,29,Bank Transfer,Every 3 Months
3370,47,Female,Sweater,Clothing,2805,Mumbai,M,Indigo,Winter,3.8,No,2-Day Shipping,No,No,42,Cash,Monthly
3371,30,Female,Belt,Accessories,1705,Visakhapatnam,M,Charcoal,Summer,2.8,No,Store Pickup,No,No,46,Cash,Fortnightly
3372,49,Female,Hoodie,Clothing,5445,Dhanbad,S,Turquoise,Winter,4,No,Next Day Air,No,No,28,PhonPe,Annually
3373,56,Female,Socks,Clothing,1375,Kota,M,Maroon,Winter,4.6,No,Free Shipping,No,No,14,Credit Card,Every 3 Months
3374,70,Female,Sandals,Footwear,2860,Prayagraj,M,Purple,Spring,3.5,No,Store Pickup,No,No,12,Debit Card,Every 3 Months
3375,22,Female,Blouse,Clothing,2585,Srinagar,S,Lavender,Spring,3.7,No,2-Day Shipping,No,No,41,Debit Card,Annually
3376,51,Female,Boots,Footwear,5390,Gwalior,XL,Yellow,Fall,4.9,No,Express,No,No,8,Credit Card,Annually
3377,22,Female,Hat,Accessories,2530,Mysuru,M,Green,Winter,4.1,No,Store Pickup,No,No,24,Cash,Quarterly
3378,37,Female,Shirt,Clothing,1760,Delhi,M,Yellow,Winter,4.6,No,Next Day Air,No,No,18,PhonPe,Fortnightly
3379,49,Female,Shorts,Clothing,4125,Prayagraj,L,Gold,Fall,4.5,No,Next Day Air,No,No,6,Cash,Quarterly
3380,61,Female,Handbag,Accessories,2805,Kochi,L,Turquoise,Summer,5,No,Store Pickup,No,No,40,Cash,Weekly
3381,41,Female,Dress,Clothing,2860,Bhubaneswar,L,Blue,Summer,3.8,No,Standard,No,No,6,PhonPe,Every 3 Months
3382,57,Female,Hat,Accessories,3630,Prayagraj,L,Turquoise,Winter,4.7,No,Standard,No,No,27,Credit Card,Quarterly
3383,34,Female,Sweater,Clothing,1925,Nainital,M,Maroon,Spring,2.8,No,Express,No,No,2,Bank Transfer,Weekly
3384,27,Female,Coat,Outerwear,2365,Chennai,M,Pink,Fall,2.6,No,Next Day Air,No,No,39,GooglePay,Bi-Weekly
3385,39,Female,Hoodie,Clothing,1320,Prayagraj,L,Maroon,Summer,3.8,No,Free Shipping,No,No,9,GooglePay,Quarterly
3386,62,Female,Jewelry,Accessories,4565,Bangalore,M,Olive,Winter,2.8,No,Standard,No,No,16,Credit Card,Every 3 Months
3387,34,Female,T-shirt,Clothing,3410,Michigan,M,Lavender,Fall,2.6,No,2-Day Shipping,No,No,36,Cash,Quarterly
3388,53,Female,Pants,Clothing,4290,Mangaluru,S,Pink,Spring,3.4,No,2-Day Shipping,No,No,2,Credit Card,Bi-Weekly
3389,35,Female,Sweater,Clothing,3355,Ayodhya,M,Cyan,Spring,4.5,No,Store Pickup,No,No,21,Credit Card,Weekly
3390,38,Female,Pants,Clothing,3135,Udaipur,L,Maroon,Fall,3.8,No,Free Shipping,No,No,39,GooglePay,Annually
3391,32,Female,Socks,Clothing,3850,Chandigarh,S,Red,Summer,3,No,Next Day Air,No,No,38,PhonPe,Annually
3392,47,Female,Hoodie,Clothing,3135,Ahmedabad,M,Silver,Fall,3.7,No,2-Day Shipping,No,No,6,Debit Card,Every 3 Months
3393,53,Female,Scarf,Accessories,4070,Mangaluru,XL,Blue,Winter,4.4,No,Free Shipping,No,No,6,GooglePay,Bi-Weekly
3394,60,Female,Dress,Clothing,4950,Coimbatore,M,Gold,Fall,3.1,No,Next Day Air,No,No,50,Debit Card,Monthly
3395,31,Female,Sandals,Footwear,5390,Pune,S,Yellow,Spring,4.2,No,Store Pickup,No,No,9,PhonPe,Annually
3396,44,Female,Dress,Clothing,2365,Dhanbad,M,Silver,Winter,3.1,No,Free Shipping,No,No,15,Debit Card,Every 3 Months
3397,29,Female,Pants,Clothing,2035,Kochi,XL,Black,Winter,5,No,Next Day Air,No,No,5,PhonPe,Quarterly
3398,19,Female,Blouse,Clothing,2090,Mangaluru,L,Yellow,Summer,2.7,No,Standard,No,No,13,Bank Transfer,Bi-Weekly
3399,54,Female,Jeans,Clothing,3300,Ahmedabad,L,Pink,Winter,3.8,No,Standard,No,No,44,Cash,Fortnightly
3400,40,Female,Pants,Clothing,3025,Ahmedabad,XL,Yellow,Winter,3.3,No,Standard,No,No,36,Debit Card,Annually
3401,39,Female,Sunglasses,Accessories,2805,Srinagar,M,Lavender,Fall,4.8,No,Free Shipping,No,No,18,GooglePay,Fortnightly
3402,44,Female,Backpack,Accessories,3905,Srinagar,L,Peach,Winter,3.4,No,Standard,No,No,39,Credit Card,Weekly
3403,22,Female,Hoodie,Clothing,3355,Lucknow,M,Black,Spring,4.4,No,2-Day Shipping,No,No,11,PhonPe,Every 3 Months
3404,30,Female,Boots,Footwear,3575,Visakhapatnam,M,Olive,Summer,3.9,No,Standard,No,No,1,Cash,Bi-Weekly
3405,69,Female,Gloves,Accessories,1870,Nashik,L,Olive,Fall,3.9,No,2-Day Shipping,No,No,34,Credit Card,Annually
3406,28,Female,Blouse,Clothing,4785,Patna,M,White,Summer,4.2,No,Store Pickup,No,No,47,Bank Transfer,Bi-Weekly
3407,57,Female,Sweater,Clothing,4345,Nainital,M,Red,Spring,4,No,Store Pickup,No,No,24,GooglePay,Quarterly
3408,46,Female,Dress,Clothing,2530,Nellore,S,Purple,Spring,2.6,No,Store Pickup,No,No,20,Cash,Quarterly
3409,48,Female,Socks,Clothing,3960,Ahmedabad,L,Purple,Summer,4.4,No,Standard,No,No,11,Bank Transfer,Annually
3410,24,Female,Shirt,Clothing,5115,Prayagraj,M,Teal,Summer,3.2,No,Next Day Air,No,No,3,Credit Card,Every 3 Months
3411,50,Female,Sandals,Footwear,4180,Mysuru,L,Teal,Summer,4.3,No,Free Shipping,No,No,38,Bank Transfer,Bi-Weekly
3412,29,Female,Shoes,Footwear,3080,Chandrapur,L,Gray,Winter,4.9,No,2-Day Shipping,No,No,45,Cash,Weekly
3413,61,Female,Sandals,Footwear,4565,Vijaywada,M,Magenta,Fall,3.8,No,Store Pickup,No,No,31,GooglePay,Quarterly
3414,34,Female,Gloves,Accessories,4950,Chennai,XL,Black,Winter,2.5,No,Express,No,No,16,PhonPe,Bi-Weekly
3415,27,Female,Boots,Footwear,5170,Gwalior,M,Maroon,Spring,4.9,No,Next Day Air,No,No,3,Bank Transfer,Quarterly
3416,38,Female,Blouse,Clothing,3740,Chandrapur,M,Gold,Fall,3,No,2-Day Shipping,No,No,15,Bank Transfer,Annually
3417,25,Female,Sandals,Footwear,2915,Nellore,M,Purple,Spring,3.2,No,Store Pickup,No,No,11,Bank Transfer,Every 3 Months
3418,54,Female,Coat,Outerwear,1925,Kolkata,M,Blue,Summer,2.9,No,2-Day Shipping,No,No,22,Debit Card,Fortnightly
3419,53,Female,Jacket,Outerwear,1650,Nashik,M,Beige,Summer,2.8,No,Free Shipping,No,No,35,Debit Card,Annually
3420,23,Female,Jewelry,Accessories,1430,Ranchi,L,Indigo,Winter,3.1,No,Store Pickup,No,No,5,GooglePay,Bi-Weekly
3421,19,Female,Hat,Accessories,3300,Delhi,M,Purple,Winter,3.4,No,Express,No,No,35,PhonPe,Bi-Weekly
3422,57,Female,Shoes,Footwear,1650,Mangaluru,M,Maroon,Summer,2.9,No,Free Shipping,No,No,27,PhonPe,Weekly
3423,19,Female,Coat,Outerwear,5005,Chandrapur,L,Beige,Winter,3.2,No,Next Day Air,No,No,9,GooglePay,Monthly
3424,33,Female,Boots,Footwear,3905,Kolkata,M,Brown,Spring,3.8,No,Next Day Air,No,No,21,PhonPe,Bi-Weekly
3425,33,Female,Scarf,Accessories,3520,Ghaziabad,L,Green,Summer,3.6,No,2-Day Shipping,No,No,23,Credit Card,Monthly
3426,38,Female,Hat,Accessories,2970,Michigan,M,Blue,Summer,4.3,No,Next Day Air,No,No,3,Debit Card,Bi-Weekly
3427,47,Female,Socks,Clothing,1925,Chandigarh,XL,Magenta,Fall,4.8,No,2-Day Shipping,No,No,31,Credit Card,Annually
3428,39,Female,T-shirt,Clothing,2090,Michigan,XL,Turquoise,Winter,2.5,No,Store Pickup,No,No,44,Cash,Annually
3429,32,Female,Jewelry,Accessories,3795,Patna,M,Gray,Fall,2.5,No,Next Day Air,No,No,20,GooglePay,Monthly
3430,27,Female,Skirt,Clothing,5280,Rameswaram,S,Purple,Winter,4.6,No,Express,No,No,34,Debit Card,Weekly
3431,67,Female,Socks,Clothing,4015,Ahmedabad,M,Lavender,Winter,4.2,No,Next Day Air,No,No,17,Bank Transfer,Every 3 Months
3432,46,Female,Belt,Accessories,2695,Nanded,S,Green,Summer,4.2,No,Express,No,No,20,GooglePay,Annually
3433,36,Female,Boots,Footwear,2420,Gwalior,M,Gray,Summer,4.8,No,2-Day Shipping,No,No,46,PhonPe,Every 3 Months
3434,62,Female,Socks,Clothing,5115,Rameswaram,M,Yellow,Spring,4.5,No,Free Shipping,No,No,28,PhonPe,Annually
3435,31,Female,Pants,Clothing,3960,Mysuru,S,Orange,Summer,3.3,No,2-Day Shipping,No,No,6,GooglePay,Fortnightly
3436,68,Female,Socks,Clothing,5005,Ahmedabad,M,Beige,Summer,2.7,No,2-Day Shipping,No,No,50,Debit Card,Bi-Weekly
3437,57,Female,Belt,Accessories,4565,Nainital,L,Peach,Winter,2.8,No,2-Day Shipping,No,No,41,Bank Transfer,Monthly
3438,22,Female,Jacket,Outerwear,3410,Surat,S,Green,Winter,3.5,No,2-Day Shipping,No,No,50,PhonPe,Annually
3439,26,Female,Shirt,Clothing,3905,Delhi,M,Violet,Fall,3,No,Store Pickup,No,No,33,Credit Card,Monthly
3440,43,Female,Gloves,Accessories,5115,Ujjain,M,Gray,Summer,4.5,No,Express,No,No,25,GooglePay,Quarterly
3441,45,Female,Handbag,Accessories,3465,Kolhapur,L,Magenta,Fall,4.3,No,2-Day Shipping,No,No,2,PhonPe,Weekly
3442,64,Female,Sweater,Clothing,5280,Kochi,XL,Charcoal,Fall,4.1,No,Standard,No,No,15,Credit Card,Annually
3443,28,Female,Skirt,Clothing,4290,Michigan,M,Violet,Spring,4.3,No,Next Day Air,No,No,12,PhonPe,Weekly
3444,47,Female,Dress,Clothing,1320,Kochi,L,Silver,Summer,5,No,Free Shipping,No,No,28,Cash,Bi-Weekly
3445,53,Female,Pants,Clothing,3465,Bangalore,S,Green,Summer,3.8,No,2-Day Shipping,No,No,12,Bank Transfer,Bi-Weekly
3446,42,Female,Hat,Accessories,3190,Ghaziabad,M,Magenta,Fall,4.9,No,Standard,No,No,3,Debit Card,Annually
3447,51,Female,Boots,Footwear,3025,Lucknow,S,Purple,Spring,5,No,2-Day Shipping,No,No,20,Cash,Weekly
3448,62,Female,Sandals,Footwear,3190,Gurgaon,M,Blue,Fall,4.3,No,Express,No,No,3,Bank Transfer,Bi-Weekly
3449,18,Female,Coat,Outerwear,1540,Delhi,S,Yellow,Winter,4.1,No,Express,No,No,32,Bank Transfer,Fortnightly
3450,48,Female,Blouse,Clothing,2035,Varanasi,M,Brown,Spring,4.5,No,Standard,No,No,35,Cash,Monthly
3451,20,Female,Shorts,Clothing,4290,Pune,M,Pink,Spring,3.6,No,Store Pickup,No,No,31,PhonPe,Monthly
3452,32,Female,Blouse,Clothing,4015,Srinagar,XL,Silver,Fall,3,No,Free Shipping,No,No,13,Credit Card,Annually
3453,26,Female,Jacket,Outerwear,1100,Surat,M,Indigo,Spring,3.7,No,Next Day Air,No,No,3,GooglePay,Fortnightly
3454,31,Female,Shirt,Clothing,3300,Nellore,L,Pink,Winter,4.3,No,Standard,No,No,48,GooglePay,Bi-Weekly
3455,55,Female,Handbag,Accessories,3905,Lucknow,S,Lavender,Fall,4.6,No,Store Pickup,No,No,15,PhonPe,Bi-Weekly
3456,49,Female,T-shirt,Clothing,4895,Mysuru,M,Orange,Fall,4.7,No,Standard,No,No,13,GooglePay,Annually
3457,42,Female,Hoodie,Clothing,2915,Amritsar,M,Red,Fall,4.6,No,Express,No,No,21,GooglePay,Monthly
3458,64,Female,Jewelry,Accessories,4785,Kolhapur,M,Gray,Summer,3,No,Express,No,No,29,Cash,Fortnightly
3459,68,Female,Jewelry,Accessories,2035,Ranchi,L,Violet,Spring,3.4,No,Standard,No,No,24,GooglePay,Quarterly
3460,68,Female,Hoodie,Clothing,2035,Mysuru,L,Green,Fall,3.8,No,Express,No,No,21,PhonPe,Annually
3461,41,Female,Scarf,Accessories,4290,Vijaywada,M,Gold,Spring,3.1,No,Express,No,No,5,Bank Transfer,Bi-Weekly
3462,51,Female,Shoes,Footwear,1265,Nagpur,S,Maroon,Spring,4.4,No,Standard,No,No,47,Cash,Quarterly
3463,44,Female,Jeans,Clothing,4015,Michigan,L,Olive,Spring,4.5,No,Standard,No,No,34,Credit Card,Every 3 Months
3464,27,Female,Jewelry,Accessories,1485,Mumbai,M,Yellow,Fall,2.8,No,2-Day Shipping,No,No,45,PhonPe,Fortnightly
3465,36,Female,Coat,Outerwear,3245,Jalandhar,S,Peach,Winter,2.7,No,Next Day Air,No,No,12,PhonPe,Annually
3466,19,Female,Backpack,Accessories,2915,Sultanpur,M,Gold,Spring,3.4,No,Standard,No,No,31,Debit Card,Weekly
3467,49,Female,Socks,Clothing,2310,Kolhapur,S,Purple,Summer,4.6,No,Standard,No,No,43,Bank Transfer,Annually
3468,18,Female,Scarf,Accessories,2475,Amritsar,M,Charcoal,Fall,5,No,Next Day Air,No,No,5,Credit Card,Annually
3469,36,Female,Sunglasses,Accessories,4895,Mysuru,S,Indigo,Winter,3.5,No,Standard,No,No,36,Debit Card,Quarterly
3470,36,Female,Socks,Clothing,4675,Bhubaneswar,L,Magenta,Fall,3.3,No,Store Pickup,No,No,12,Cash,Annually
3471,19,Female,Coat,Outerwear,3795,Ranchi,S,Olive,Summer,4.5,No,Free Shipping,No,No,31,Cash,Bi-Weekly
3472,43,Female,Sandals,Footwear,3630,Udaipur,S,Blue,Spring,3.1,No,Store Pickup,No,No,31,Cash,Bi-Weekly
3473,31,Female,Blouse,Clothing,2310,Bareily,S,White,Summer,4,No,Free Shipping,No,No,15,Debit Card,Weekly
3474,63,Female,Dress,Clothing,2200,Varanasi,M,Cyan,Spring,2.5,No,Express,No,No,11,Cash,Weekly
3475,41,Female,Pants,Clothing,4510,Mumbai,M,Cyan,Winter,4.4,No,Store Pickup,No,No,18,GooglePay,Monthly
3476,48,Female,Sneakers,Footwear,4840,Nashik,M,Orange,Spring,4.4,No,Express,No,No,9,Cash,Quarterly
3477,68,Female,Boots,Footwear,5445,Nashik,XL,Orange,Summer,3.2,No,Free Shipping,No,No,11,Cash,Weekly
3478,53,Female,Handbag,Accessories,4675,Delhi,S,Teal,Spring,3.8,No,Store Pickup,No,No,38,Debit Card,Bi-Weekly
3479,36,Female,Handbag,Accessories,3135,Coimbatore,M,Magenta,Fall,4.6,No,Store Pickup,No,No,42,PhonPe,Quarterly
3480,46,Female,Sweater,Clothing,3080,Chandrapur,S,Orange,Summer,4.9,No,Standard,No,No,41,Cash,Monthly
3481,21,Female,Sandals,Footwear,4345,Hyderabad,L,Peach,Winter,3.5,No,Free Shipping,No,No,45,PhonPe,Monthly
3482,52,Female,Socks,Clothing,3685,Mysuru,S,Maroon,Summer,3.4,No,Store Pickup,No,No,41,Debit Card,Bi-Weekly
3483,66,Female,Gloves,Accessories,3355,Raipur,M,Gold,Winter,3.9,No,Next Day Air,No,No,35,Debit Card,Weekly
3484,19,Female,Hoodie,Clothing,2035,Amritsar,L,White,Winter,3.9,No,Express,No,No,21,Credit Card,Every 3 Months
3485,44,Female,Dress,Clothing,4125,Visakhapatnam,L,Gray,Fall,4.2,No,Free Shipping,No,No,13,Credit Card,Bi-Weekly
3486,50,Female,Shirt,Clothing,1155,Kolkata,XL,Brown,Winter,3.4,No,Standard,No,No,23,Debit Card,Fortnightly
3487,51,Female,Shorts,Clothing,4895,Udaipur,L,Charcoal,Winter,4.9,No,Standard,No,No,6,PhonPe,Weekly
3488,25,Female,Sandals,Footwear,1320,Ranchi,L,Beige,Fall,2.9,No,Store Pickup,No,No,39,Bank Transfer,Annually
3489,62,Female,Sweater,Clothing,1485,Chennai,XL,Teal,Spring,4.9,No,Store Pickup,No,No,7,Cash,Quarterly
3490,48,Female,Dress,Clothing,1430,Ujjain,L,Black,Summer,4.6,No,2-Day Shipping,No,No,32,PhonPe,Every 3 Months
3491,62,Female,Boots,Footwear,4510,Chandigarh,M,Violet,Spring,3.6,No,Store Pickup,No,No,43,Credit Card,Quarterly
3492,22,Female,Pants,Clothing,1540,Mumbai,M,Orange,Winter,4.3,No,Express,No,No,15,Cash,Monthly
3493,48,Female,Gloves,Accessories,3575,Ayodhya,M,Turquoise,Fall,4.6,No,Standard,No,No,48,Bank Transfer,Annually
3494,48,Female,Pants,Clothing,4510,Nanded,XL,Black,Winter,4.7,No,Store Pickup,No,No,35,Credit Card,Weekly
3495,62,Female,Scarf,Accessories,2090,Patna,M,Silver,Winter,3.5,No,Free Shipping,No,No,41,PhonPe,Quarterly
3496,24,Female,Shorts,Clothing,1815,Bareily,XL,Gray,Spring,2.8,No,Free Shipping,No,No,14,Cash,Weekly
3497,39,Female,Shoes,Footwear,2090,Ujjain,M,Pink,Summer,4,No,Free Shipping,No,No,22,PhonPe,Monthly
3498,35,Female,Handbag,Accessories,2640,Dhanbad,M,Red,Spring,4.3,No,Store Pickup,No,No,16,GooglePay,Every 3 Months
3499,47,Female,Sandals,Footwear,1925,Delhi,M,Lavender,Summer,3.8,No,Standard,No,No,2,Bank Transfer,Bi-Weekly
3500,22,Female,Socks,Clothing,1595,Mangaluru,L,Indigo,Fall,3,No,Next Day Air,No,No,13,PhonPe,Every 3 Months
3501,38,Female,Shirt,Clothing,2640,Chandigarh,S,Silver,Fall,4.6,No,Next Day Air,No,No,38,Debit Card,Fortnightly
3502,53,Female,Shoes,Footwear,4785,Nainital,M,Silver,Fall,4.8,No,Standard,No,No,43,Bank Transfer,Weekly
3503,31,Female,Backpack,Accessories,3410,Kolkata,M,Green,Fall,4.7,No,Next Day Air,No,No,26,Bank Transfer,Quarterly
3504,31,Female,Shirt,Clothing,5280,Nainital,M,Pink,Spring,3.9,No,Free Shipping,No,No,39,Cash,Weekly
3505,65,Female,Handbag,Accessories,2255,Raipur,S,Violet,Fall,4,No,Next Day Air,No,No,50,GooglePay,Monthly
3506,48,Female,Jewelry,Accessories,2310,Vijaywada,L,Red,Winter,3.7,No,2-Day Shipping,No,No,40,Bank Transfer,Every 3 Months
3507,18,Female,Shirt,Clothing,3135,Visakhapatnam,L,Olive,Winter,3.7,No,2-Day Shipping,No,No,12,Cash,Fortnightly
3508,46,Female,Handbag,Accessories,3575,Dhanbad,S,Purple,Spring,4.2,No,Store Pickup,No,No,33,Credit Card,Every 3 Months
3509,52,Female,Pants,Clothing,2970,Kota,M,Gray,Fall,4.7,No,Standard,No,No,49,Bank Transfer,Weekly
3510,50,Female,T-shirt,Clothing,1210,Mysuru,L,Brown,Winter,4.3,No,Next Day Air,No,No,43,GooglePay,Bi-Weekly
3511,49,Female,Sneakers,Footwear,5280,Kota,S,Orange,Fall,4.9,No,2-Day Shipping,No,No,14,GooglePay,Monthly
3512,69,Female,Jewelry,Accessories,4455,Indore,M,Blue,Summer,3.9,No,2-Day Shipping,No,No,21,Credit Card,Every 3 Months
3513,36,Female,Shirt,Clothing,2530,Delhi,M,White,Fall,3.4,No,Free Shipping,No,No,31,Debit Card,Quarterly
3514,30,Female,Blouse,Clothing,4070,Rameswaram,XL,Charcoal,Spring,4.2,No,Store Pickup,No,No,29,Credit Card,Fortnightly
3515,25,Female,Sneakers,Footwear,2750,Bareily,XL,Gray,Winter,4.7,No,Express,No,No,32,Cash,Monthly
3516,19,Female,Dress,Clothing,4400,Ayodhya,XL,Charcoal,Winter,4,No,Next Day Air,No,No,16,Debit Card,Bi-Weekly
3517,34,Female,Boots,Footwear,3080,Nashik,S,White,Summer,4,No,Free Shipping,No,No,38,PhonPe,Bi-Weekly
3518,29,Female,Skirt,Clothing,3795,Kochi,M,Orange,Winter,3.1,No,Next Day Air,No,No,34,Debit Card,Every 3 Months
3519,50,Female,Shirt,Clothing,5335,Dhanbad,M,Black,Spring,4.2,No,Standard,No,No,30,PhonPe,Quarterly
3520,31,Female,Shorts,Clothing,3630,Gaya,M,White,Winter,3.7,No,Next Day Air,No,No,14,Bank Transfer,Fortnightly
3521,41,Female,Hat,Accessories,3850,Bareily,S,Brown,Spring,3.1,No,Express,No,No,33,Bank Transfer,Monthly
3522,52,Female,Shoes,Footwear,2750,Kolhapur,M,Pink,Winter,3.7,No,Store Pickup,No,No,35,GooglePay,Weekly
3523,27,Female,Pants,Clothing,4675,Mangaluru,M,Yellow,Spring,3.2,No,Store Pickup,No,No,13,Cash,Quarterly
3524,49,Female,Backpack,Accessories,3245,Srinagar,M,Cyan,Summer,2.8,No,Standard,No,No,30,Cash,Fortnightly
3525,69,Female,Pants,Clothing,4070,Michigan,L,Silver,Summer,2.9,No,Free Shipping,No,No,30,Credit Card,Monthly
3526,45,Female,Sunglasses,Accessories,2090,Nagpur,L,Olive,Winter,3.5,No,Standard,No,No,47,Bank Transfer,Annually
3527,20,Female,Sweater,Clothing,5445,Kolkata,M,Olive,Spring,3.8,No,Express,No,No,1,PhonPe,Every 3 Months
3528,25,Female,Blouse,Clothing,5335,Patna,S,Charcoal,Spring,4.7,No,Free Shipping,No,No,1,Cash,Weekly
3529,38,Female,Scarf,Accessories,3685,Mumbai,L,Gray,Summer,4.5,No,Free Shipping,No,No,33,PhonPe,Annually
3530,55,Female,T-shirt,Clothing,1100,Ahmedabad,S,Maroon,Winter,3.9,No,Next Day Air,No,No,43,Bank Transfer,Weekly
3531,62,Female,Sunglasses,Accessories,2475,Surat,L,Black,Spring,3.4,No,Express,No,No,37,PhonPe,Weekly
3532,54,Female,Shoes,Footwear,2860,Bhubaneswar,XL,Violet,Winter,4.6,No,2-Day Shipping,No,No,23,Cash,Quarterly
3533,61,Female,Pants,Clothing,3740,Gwalior,L,Indigo,Fall,4.6,No,Standard,No,No,12,Credit Card,Annually
3534,50,Female,Sneakers,Footwear,5390,Amritsar,L,Yellow,Fall,4.7,No,Standard,No,No,30,GooglePay,Fortnightly
3535,65,Female,Shoes,Footwear,4565,Chennai,M,Gray,Fall,3.2,No,Express,No,No,7,Cash,Weekly
3536,68,Female,Shorts,Clothing,2805,Indore,M,Red,Summer,5,No,Express,No,No,20,Debit Card,Monthly
3537,55,Female,Handbag,Accessories,1155,Prayagraj,L,Peach,Spring,4.5,No,Express,No,No,10,GooglePay,Monthly
3538,57,Female,Handbag,Accessories,5060,Bareily,M,Gray,Spring,3.5,No,Standard,No,No,40,Credit Card,Every 3 Months
3539,56,Female,Shoes,Footwear,3465,Sultanpur,S,White,Spring,4.5,No,Store Pickup,No,No,21,GooglePay,Monthly
3540,29,Female,Jewelry,Accessories,3080,Chandrapur,S,Green,Spring,3.2,No,Express,No,No,17,Credit Card,Bi-Weekly
3541,24,Female,Shorts,Clothing,5225,Srinagar,M,Magenta,Spring,4.6,No,Free Shipping,No,No,5,Bank Transfer,Weekly
3542,59,Female,Blouse,Clothing,3630,Shimla,M,Olive,Winter,4,No,Next Day Air,No,No,22,PhonPe,Annually
3543,62,Female,Coat,Outerwear,1540,Ujjain,S,Olive,Spring,4.2,No,Express,No,No,5,GooglePay,Weekly
3544,58,Female,Hat,Accessories,4565,Dhanbad,M,Blue,Winter,4.1,No,Standard,No,No,18,PhonPe,Every 3 Months
3545,64,Female,Socks,Clothing,3025,Gaya,XL,Charcoal,Fall,3.6,No,2-Day Shipping,No,No,42,Cash,Every 3 Months
3546,48,Female,Sandals,Footwear,1540,Gwalior,M,Yellow,Spring,3.7,No,2-Day Shipping,No,No,22,Debit Card,Annually
3547,60,Female,Scarf,Accessories,4345,Varanasi,M,Violet,Summer,3.6,No,Free Shipping,No,No,37,Bank Transfer,Bi-Weekly
3548,52,Female,Scarf,Accessories,1705,Kota,L,Magenta,Summer,3.8,No,Standard,No,No,23,Credit Card,Annually
3549,63,Female,Blouse,Clothing,2035,Jalandhar,M,Red,Fall,3,No,Standard,No,No,47,Debit Card,Fortnightly
3550,44,Female,T-shirt,Clothing,1870,Chandigarh,M,Cyan,Summer,3.4,No,2-Day Shipping,No,No,11,Bank Transfer,Fortnightly
3551,63,Female,Shoes,Footwear,4070,Ranchi,S,Orange,Winter,4.8,No,Standard,No,No,32,Cash,Weekly
3552,66,Female,Gloves,Accessories,1705,Ahmedabad,L,Black,Spring,2.6,No,Store Pickup,No,No,20,GooglePay,Weekly
3553,22,Female,Sunglasses,Accessories,3630,Delhi,M,Blue,Winter,2.9,No,Next Day Air,No,No,3,PhonPe,Quarterly
3554,62,Female,Shoes,Footwear,5445,Prayagraj,M,Charcoal,Spring,4.9,No,Free Shipping,No,No,32,Bank Transfer,Weekly
3555,39,Female,Dress,Clothing,3025,Lucknow,M,Indigo,Spring,5,No,Free Shipping,No,No,5,Credit Card,Fortnightly
3556,25,Female,Blouse,Clothing,1265,Chennai,L,Silver,Spring,4.6,No,Next Day Air,No,No,45,Cash,Quarterly
3557,70,Female,Sweater,Clothing,4840,Coimbatore,M,Brown,Fall,4.2,No,Express,No,No,43,Cash,Bi-Weekly
3558,52,Female,Jacket,Outerwear,1430,Srinagar,M,Peach,Summer,4.9,No,Next Day Air,No,No,1,PhonPe,Every 3 Months
3559,68,Female,Backpack,Accessories,5170,Rameswaram,L,Magenta,Summer,4.8,No,Standard,No,No,9,GooglePay,Quarterly
3560,18,Female,Shorts,Clothing,1375,Jalandhar,M,Beige,Fall,3,No,Next Day Air,No,No,13,GooglePay,Every 3 Months
3561,18,Female,Socks,Clothing,5280,Varanasi,XL,Violet,Fall,3.5,No,Express,No,No,5,Credit Card,Annually
3562,63,Female,Sneakers,Footwear,1595,Udaipur,L,Black,Spring,3.4,No,Standard,No,No,39,Credit Card,Fortnightly
3563,47,Female,Sneakers,Footwear,1980,Kolhapur,M,Cyan,Winter,3.4,No,Free Shipping,No,No,7,Bank Transfer,Weekly
3564,43,Female,Blouse,Clothing,4950,Mumbai,M,Green,Summer,4.9,No,Standard,No,No,8,Credit Card,Every 3 Months
3565,60,Female,Gloves,Accessories,2090,Visakhapatnam,S,Brown,Summer,4.4,No,Free Shipping,No,No,40,GooglePay,Annually
3566,49,Female,Handbag,Accessories,2860,Kota,S,Gray,Spring,4.2,No,Store Pickup,No,No,35,PhonPe,Monthly
3567,28,Female,Jeans,Clothing,4840,Rameswaram,S,Orange,Spring,3.1,No,Next Day Air,No,No,14,GooglePay,Monthly
3568,32,Female,Scarf,Accessories,3080,Nanded,S,Silver,Summer,4,No,Next Day Air,No,No,26,Credit Card,Monthly
3569,29,Female,Sandals,Footwear,3905,Gurgaon,M,Purple,Spring,4.8,No,Next Day Air,No,No,14,PhonPe,Quarterly
3570,35,Female,Sandals,Footwear,5170,Rameswaram,M,Olive,Fall,3.3,No,Express,No,No,9,Bank Transfer,Fortnightly
3571,23,Female,Dress,Clothing,5335,Lucknow,XL,Teal,Winter,4.7,No,Standard,No,No,32,Debit Card,Annually
3572,70,Female,Skirt,Clothing,1485,Bhubaneswar,M,White,Summer,3.2,No,Standard,No,No,15,Bank Transfer,Every 3 Months
3573,23,Female,Shorts,Clothing,1540,Bangalore,M,Black,Spring,5,No,Standard,No,No,25,Credit Card,Monthly
3574,43,Female,Jeans,Clothing,3685,Gwalior,L,Maroon,Fall,4.9,No,Free Shipping,No,No,27,PhonPe,Monthly
3575,29,Female,Socks,Clothing,3850,Chandrapur,M,Cyan,Fall,4.9,No,Express,No,No,39,Bank Transfer,Quarterly
3576,61,Female,Coat,Outerwear,5225,Delhi,M,Violet,Fall,3.7,No,Express,No,No,49,GooglePay,Bi-Weekly
3577,29,Female,Boots,Footwear,1320,Mumbai,L,Yellow,Spring,3,No,Express,No,No,12,GooglePay,Bi-Weekly
3578,66,Female,Belt,Accessories,1925,Mussoorie,S,Yellow,Winter,2.6,No,Standard,No,No,13,Bank Transfer,Weekly
3579,46,Female,Shoes,Footwear,1210,Bareily,L,Olive,Winter,2.6,No,Standard,No,No,22,Bank Transfer,Quarterly
3580,34,Female,Scarf,Accessories,3630,Coimbatore,L,Olive,Fall,4.8,No,Standard,No,No,19,Credit Card,Every 3 Months
3581,51,Female,Blouse,Clothing,4565,Hyderabad,M,Magenta,Summer,3.2,No,2-Day Shipping,No,No,3,Cash,Bi-Weekly
3582,26,Female,Dress,Clothing,5225,Bareily,M,Orange,Fall,4.9,No,Next Day Air,No,No,50,Credit Card,Weekly
3583,23,Female,Shorts,Clothing,2255,Vadodara,S,Beige,Summer,3.4,No,2-Day Shipping,No,No,15,PhonPe,Annually
3584,52,Female,Blouse,Clothing,4235,Coimbatore,L,Brown,Summer,2.7,No,Store Pickup,No,No,44,Credit Card,Every 3 Months
3585,39,Female,Sneakers,Footwear,2860,Ghaziabad,L,Indigo,Fall,4.8,No,Express,No,No,48,Debit Card,Monthly
3586,39,Female,Gloves,Accessories,2255,Chandrapur,XL,Gray,Winter,4.1,No,Standard,No,No,4,GooglePay,Bi-Weekly
3587,33,Female,Hoodie,Clothing,1540,Ujjain,M,Yellow,Winter,4.6,No,Store Pickup,No,No,12,PhonPe,Bi-Weekly
3588,33,Female,Sweater,Clothing,4950,Shimla,S,Violet,Summer,4.4,No,Standard,No,No,33,Debit Card,Annually
3589,23,Female,Sunglasses,Accessories,3025,Michigan,M,Magenta,Spring,3.5,No,2-Day Shipping,No,No,40,Cash,Annually
3590,31,Female,Belt,Accessories,4015,Hyderabad,M,Blue,Spring,4.8,No,Next Day Air,No,No,38,Cash,Every 3 Months
3591,27,Female,Dress,Clothing,4785,Ayodhya,M,Gray,Fall,2.9,No,2-Day Shipping,No,No,19,GooglePay,Every 3 Months
3592,48,Female,Jacket,Outerwear,4895,Ayodhya,M,Gold,Winter,3.2,No,2-Day Shipping,No,No,38,Bank Transfer,Quarterly
3593,61,Female,Boots,Footwear,4510,Mangaluru,L,Lavender,Spring,4.4,No,2-Day Shipping,No,No,18,GooglePay,Fortnightly
3594,63,Female,Sandals,Footwear,4400,Nagpur,M,Black,Spring,4.6,No,Next Day Air,No,No,24,PhonPe,Monthly
3595,19,Female,Scarf,Accessories,4785,Nellore,L,Charcoal,Summer,2.6,No,2-Day Shipping,No,No,29,GooglePay,Quarterly
3596,21,Female,Blouse,Clothing,2255,Ayodhya,M,Violet,Spring,3.1,No,Store Pickup,No,No,14,PhonPe,Annually
3597,28,Female,Hoodie,Clothing,4565,Nashik,M,Charcoal,Spring,4.3,No,Standard,No,No,44,Cash,Fortnightly
3598,29,Female,Sunglasses,Accessories,3905,Nanded,M,Maroon,Summer,3.1,No,Standard,No,No,18,Bank Transfer,Quarterly
3599,23,Female,Hoodie,Clothing,4180,Gwalior,XL,Purple,Spring,4.6,No,Store Pickup,No,No,19,Bank Transfer,Bi-Weekly
3600,37,Female,Scarf,Accessories,1870,Varanasi,S,Peach,Spring,4.6,No,Express,No,No,4,Cash,Weekly
3601,67,Female,Dress,Clothing,4455,Nashik,XL,Olive,Spring,2.7,No,Free Shipping,No,No,25,Cash,Bi-Weekly
3602,34,Female,T-shirt,Clothing,2585,Udaipur,M,Indigo,Summer,3,No,Next Day Air,No,No,3,PhonPe,Monthly
3603,58,Female,Skirt,Clothing,1980,Nagpur,S,Magenta,Summer,3.3,No,Store Pickup,No,No,40,Debit Card,Quarterly
3604,45,Female,Jeans,Clothing,2805,Lucknow,M,Gold,Spring,2.7,No,Free Shipping,No,No,5,Cash,Weekly
3605,63,Female,Hoodie,Clothing,4730,Lucknow,M,Orange,Fall,3.3,No,Standard,No,No,17,Debit Card,Annually
3606,68,Female,Jeans,Clothing,2255,Nellore,M,Gold,Fall,4.3,No,Store Pickup,No,No,36,Bank Transfer,Every 3 Months
3607,41,Female,Sandals,Footwear,4950,Prayagraj,XL,Purple,Fall,4.8,No,Express,No,No,41,GooglePay,Annually
3608,50,Female,Hat,Accessories,5115,Nanded,L,Charcoal,Fall,3.3,No,Standard,No,No,20,GooglePay,Bi-Weekly
3609,24,Female,Gloves,Accessories,3080,Kochi,M,Cyan,Fall,4.3,No,Next Day Air,No,No,2,Cash,Every 3 Months
3610,21,Female,Socks,Clothing,2145,Nanded,M,Cyan,Summer,3,No,2-Day Shipping,No,No,31,Debit Card,Monthly
3611,18,Female,Jacket,Outerwear,4730,Amritsar,XL,Green,Fall,4.8,No,2-Day Shipping,No,No,23,Bank Transfer,Fortnightly
3612,63,Female,T-shirt,Clothing,4510,Patna,M,Silver,Spring,2.9,No,Standard,No,No,30,Credit Card,Annually
3613,47,Female,Sandals,Footwear,1595,Michigan,M,Teal,Summer,3.6,No,Standard,No,No,26,Cash,Every 3 Months
3614,58,Female,Hat,Accessories,1485,Prayagraj,M,Magenta,Fall,3.5,No,Store Pickup,No,No,40,GooglePay,Annually
3615,46,Female,Gloves,Accessories,1375,Chennai,L,Maroon,Spring,4.7,No,2-Day Shipping,No,No,19,Bank Transfer,Annually
3616,35,Female,Dress,Clothing,1705,Vadodara,M,Gold,Winter,4.4,No,Free Shipping,No,No,4,Credit Card,Monthly
3617,42,Female,Hoodie,Clothing,1265,Gaya,L,Purple,Winter,3.3,No,Store Pickup,No,No,33,Debit Card,Fortnightly
3618,48,Female,Belt,Accessories,2585,Delhi,M,Lavender,Fall,4.3,No,Express,No,No,29,Debit Card,Monthly
3619,28,Female,Gloves,Accessories,3685,Srinagar,M,Maroon,Fall,4,No,2-Day Shipping,No,No,47,PhonPe,Bi-Weekly
3620,44,Female,Scarf,Accessories,4125,Udaipur,S,Magenta,Winter,4.9,No,2-Day Shipping,No,No,50,GooglePay,Weekly
3621,60,Female,Sandals,Footwear,4510,Lucknow,M,Turquoise,Summer,2.9,No,Express,No,No,28,Credit Card,Fortnightly
3622,38,Female,Sneakers,Footwear,1760,Mangaluru,XL,Silver,Summer,4,No,2-Day Shipping,No,No,5,Cash,Fortnightly
3623,46,Female,Dress,Clothing,2255,Gaya,M,Purple,Fall,4.3,No,Store Pickup,No,No,12,Credit Card,Annually
3624,39,Female,Jewelry,Accessories,4895,Gurgaon,M,Violet,Winter,2.7,No,2-Day Shipping,No,No,4,PhonPe,Weekly
3625,22,Female,Hat,Accessories,4510,Amritsar,XL,Peach,Fall,5,No,Store Pickup,No,No,22,Bank Transfer,Bi-Weekly
3626,44,Female,Scarf,Accessories,5445,Visakhapatnam,L,Green,Winter,4.4,No,Express,No,No,32,PhonPe,Weekly
3627,69,Female,Blouse,Clothing,5390,Indore,L,Teal,Fall,3.5,No,Express,No,No,32,GooglePay,Quarterly
3628,39,Female,Belt,Accessories,2970,Chennai,M,Silver,Winter,3.3,No,Next Day Air,No,No,48,Cash,Every 3 Months
3629,53,Female,Blouse,Clothing,4840,Bareily,L,Purple,Summer,3.8,No,Free Shipping,No,No,35,Credit Card,Monthly
3630,52,Female,T-shirt,Clothing,2365,Varanasi,L,Lavender,Summer,4.5,No,Standard,No,No,44,Debit Card,Fortnightly
3631,65,Female,Hat,Accessories,4015,Surat,M,Lavender,Winter,4.8,No,Store Pickup,No,No,29,Cash,Weekly
3632,48,Female,Hat,Accessories,2750,Mangaluru,M,Peach,Fall,2.9,No,Store Pickup,No,No,26,Credit Card,Monthly
3633,27,Female,Sneakers,Footwear,4015,Jalandhar,L,Green,Spring,3.2,No,Express,No,No,3,Debit Card,Quarterly
3634,39,Female,Gloves,Accessories,2805,Ahmedabad,M,Orange,Spring,2.8,No,Free Shipping,No,No,1,Bank Transfer,Bi-Weekly
3635,59,Female,Socks,Clothing,1210,Mysuru,M,Pink,Winter,3.3,No,Standard,No,No,17,PhonPe,Annually
3636,52,Female,Sandals,Footwear,1760,Dhanbad,L,Cyan,Fall,3.3,No,Free Shipping,No,No,17,Credit Card,Fortnightly
3637,50,Female,Sandals,Footwear,2090,Vadodara,L,Lavender,Summer,4.2,No,2-Day Shipping,No,No,36,Cash,Weekly
3638,32,Female,Boots,Footwear,3630,Jalandhar,L,Yellow,Winter,3.6,No,Express,No,No,32,Credit Card,Fortnightly
3639,40,Female,Backpack,Accessories,1100,Varanasi,M,Olive,Spring,4.6,No,Express,No,No,50,PhonPe,Bi-Weekly
3640,26,Female,Coat,Outerwear,2420,Visakhapatnam,M,Brown,Summer,3.6,No,2-Day Shipping,No,No,39,GooglePay,Annually
3641,47,Female,Sunglasses,Accessories,1705,Prayagraj,L,Pink,Spring,4,No,Next Day Air,No,No,17,PhonPe,Monthly
3642,51,Female,Jacket,Outerwear,2475,Chandrapur,M,Cyan,Fall,2.7,No,Free Shipping,No,No,39,Bank Transfer,Every 3 Months
3643,47,Female,Dress,Clothing,3905,Coimbatore,L,Maroon,Summer,4.4,No,Store Pickup,No,No,5,PhonPe,Annually
3644,53,Female,Scarf,Accessories,5280,Kochi,XL,Magenta,Fall,3.2,No,Standard,No,No,47,Debit Card,Annually
3645,35,Female,Blouse,Clothing,1760,Gurgaon,M,Violet,Winter,2.6,No,Next Day Air,No,No,18,GooglePay,Weekly
3646,38,Female,Backpack,Accessories,4950,Dhanbad,L,Silver,Summer,3.4,No,Free Shipping,No,No,31,Credit Card,Every 3 Months
3647,69,Female,Jewelry,Accessories,3740,Srinagar,M,Maroon,Spring,5,No,2-Day Shipping,No,No,39,Debit Card,Fortnightly
3648,47,Female,Shorts,Clothing,2475,Varanasi,M,Gray,Winter,2.9,No,Store Pickup,No,No,12,Bank Transfer,Weekly
3649,31,Female,Skirt,Clothing,3685,Chandrapur,M,White,Winter,5,No,Free Shipping,No,No,45,Cash,Bi-Weekly
3650,68,Female,Skirt,Clothing,3135,Prayagraj,M,Brown,Fall,4.4,No,Standard,No,No,33,Credit Card,Fortnightly
3651,51,Female,Jeans,Clothing,3300,Mysuru,M,Silver,Summer,3.5,No,2-Day Shipping,No,No,3,PhonPe,Annually
3652,20,Female,Handbag,Accessories,1760,Coimbatore,M,Yellow,Spring,3.8,No,Express,No,No,5,GooglePay,Every 3 Months
3653,27,Female,Handbag,Accessories,1595,Delhi,S,Magenta,Fall,3.8,No,Store Pickup,No,No,23,Debit Card,Monthly
3654,67,Female,Coat,Outerwear,1100,Prayagraj,M,Blue,Spring,3.9,No,Next Day Air,No,No,39,Credit Card,Fortnightly
3655,21,Female,Jewelry,Accessories,5390,Gurgaon,M,Green,Winter,3.3,No,Next Day Air,No,No,10,Credit Card,Annually
3656,20,Female,Sweater,Clothing,1485,Nagpur,M,Yellow,Fall,2.9,No,Next Day Air,No,No,4,Credit Card,Bi-Weekly
3657,35,Female,Jacket,Outerwear,3685,Bhubaneswar,XL,Cyan,Spring,3.7,No,2-Day Shipping,No,No,18,Credit Card,Monthly
3658,58,Female,Shoes,Footwear,4510,Nellore,L,Gold,Winter,3.7,No,Express,No,No,1,Debit Card,Every 3 Months
3659,28,Female,T-shirt,Clothing,3960,Indore,M,Magenta,Fall,4.6,No,Standard,No,No,18,PhonPe,Fortnightly
3660,27,Female,Sandals,Footwear,4235,Visakhapatnam,S,Gray,Fall,4.9,No,Store Pickup,No,No,46,Bank Transfer,Annually
3661,19,Female,Shoes,Footwear,4070,Gurgaon,L,Indigo,Winter,3.1,No,2-Day Shipping,No,No,13,Bank Transfer,Fortnightly
3662,63,Female,Sandals,Footwear,2145,Varanasi,S,White,Winter,3.5,No,Next Day Air,No,No,5,Credit Card,Fortnightly
3663,69,Female,Shorts,Clothing,4400,Bangalore,M,Indigo,Spring,4.9,No,Next Day Air,No,No,11,Debit Card,Weekly
3664,65,Female,Backpack,Accessories,3245,Ghaziabad,M,Green,Summer,4.4,No,Express,No,No,49,Credit Card,Weekly
3665,63,Female,Jacket,Outerwear,3740,Mussoorie,M,Turquoise,Fall,4.4,No,Store Pickup,No,No,1,Debit Card,Fortnightly
3666,28,Female,Socks,Clothing,4235,Udaipur,M,Peach,Fall,3.4,No,Next Day Air,No,No,11,Credit Card,Quarterly
3667,67,Female,Jewelry,Accessories,2750,Nellore,M,Olive,Winter,3,No,2-Day Shipping,No,No,47,Cash,Every 3 Months
3668,51,Female,Pants,Clothing,2475,Patna,L,Cyan,Fall,2.6,No,Next Day Air,No,No,20,GooglePay,Monthly
3669,59,Female,Blouse,Clothing,3905,Michigan,XL,Magenta,Summer,3.2,No,Store Pickup,No,No,18,GooglePay,Annually
3670,25,Female,Socks,Clothing,2860,Patna,S,Silver,Fall,4.6,No,Store Pickup,No,No,43,PhonPe,Quarterly
3671,31,Female,Shoes,Footwear,2750,Pune,S,White,Winter,3.8,No,Free Shipping,No,No,4,PhonPe,Every 3 Months
3672,62,Female,Handbag,Accessories,3630,Visakhapatnam,L,Pink,Summer,4.8,No,2-Day Shipping,No,No,20,GooglePay,Quarterly
3673,51,Female,Sandals,Footwear,4455,Chandrapur,S,Pink,Fall,4.5,No,Free Shipping,No,No,7,PhonPe,Monthly
3674,32,Female,Socks,Clothing,1540,Bangalore,M,Pink,Summer,4.2,No,2-Day Shipping,No,No,31,Bank Transfer,Fortnightly
3675,35,Female,Handbag,Accessories,3575,Patna,M,Blue,Winter,2.7,No,2-Day Shipping,No,No,41,GooglePay,Fortnightly
3676,70,Female,Hat,Accessories,4400,Shimla,M,White,Winter,4.5,No,Express,No,No,3,Bank Transfer,Monthly
3677,19,Female,Jewelry,Accessories,5170,Gaya,S,Teal,Spring,4.9,No,Free Shipping,No,No,16,PhonPe,Monthly
3678,32,Female,Backpack,Accessories,1650,Michigan,M,Gray,Fall,2.8,No,Standard,No,No,43,Cash,Annually
3679,56,Female,Shirt,Clothing,2475,Amritsar,S,Beige,Fall,3.5,No,Standard,No,No,29,Bank Transfer,Fortnightly
3680,53,Female,Coat,Outerwear,5005,Ujjain,M,Violet,Summer,2.5,No,Store Pickup,No,No,5,Cash,Bi-Weekly
3681,22,Female,Sunglasses,Accessories,1980,Sultanpur,S,Blue,Winter,2.9,No,Standard,No,No,30,Debit Card,Quarterly
3682,26,Female,Gloves,Accessories,4015,Gwalior,XL,Magenta,Fall,4.2,No,Next Day Air,No,No,33,Debit Card,Monthly
3683,42,Female,Shirt,Clothing,3300,Nagpur,M,Maroon,Fall,4.6,No,Store Pickup,No,No,46,GooglePay,Bi-Weekly
3684,30,Female,Socks,Clothing,4235,Indore,M,Purple,Winter,3,No,Free Shipping,No,No,17,GooglePay,Fortnightly
3685,29,Female,Skirt,Clothing,4730,Kota,L,Charcoal,Spring,4.4,No,Free Shipping,No,No,47,Credit Card,Bi-Weekly
3686,47,Female,Shorts,Clothing,2310,Kochi,L,Red,Summer,2.6,No,Standard,No,No,17,Cash,Bi-Weekly
3687,59,Female,Sandals,Footwear,3850,Lucknow,M,Charcoal,Spring,4.8,No,Free Shipping,No,No,17,Cash,Bi-Weekly
3688,34,Female,Shirt,Clothing,2420,Gurgaon,L,Lavender,Summer,2.9,No,Next Day Air,No,No,28,Bank Transfer,Every 3 Months
3689,52,Female,Sunglasses,Accessories,5005,Ranchi,L,White,Spring,3,No,Next Day Air,No,No,8,Cash,Monthly
3690,47,Female,Jewelry,Accessories,1650,Nashik,L,Red,Fall,4.5,No,Standard,No,No,8,Bank Transfer,Quarterly
3691,24,Female,Blouse,Clothing,1265,Varanasi,S,Violet,Fall,3.7,No,Store Pickup,No,No,4,Bank Transfer,Bi-Weekly
3692,63,Female,Sandals,Footwear,1155,Michigan,XL,Orange,Summer,4.8,No,Next Day Air,No,No,24,PhonPe,Weekly
3693,59,Female,Coat,Outerwear,1870,Nellore,L,Turquoise,Spring,4.8,No,Free Shipping,No,No,29,Cash,Fortnightly
3694,66,Female,Blouse,Clothing,2530,Ayodhya,M,Violet,Summer,4.7,No,2-Day Shipping,No,No,10,GooglePay,Weekly
3695,45,Female,Sweater,Clothing,2255,Bangalore,M,Blue,Winter,2.6,No,Express,No,No,11,PhonPe,Bi-Weekly
3696,38,Female,Skirt,Clothing,1815,Ghaziabad,M,White,Fall,4.6,No,Standard,No,No,18,Bank Transfer,Fortnightly
3697,63,Female,Blouse,Clothing,2640,Gwalior,L,Turquoise,Fall,3.4,No,Next Day Air,No,No,26,Bank Transfer,Annually
3698,55,Female,Hoodie,Clothing,3630,Kota,L,Pink,Winter,3,No,Standard,No,No,39,Cash,Weekly
3699,25,Female,Skirt,Clothing,2970,Vadodara,XL,Maroon,Spring,4,No,2-Day Shipping,No,No,4,GooglePay,Annually
3700,51,Female,Backpack,Accessories,3025,Surat,M,Olive,Fall,2.6,No,Store Pickup,No,No,24,Bank Transfer,Weekly
3701,28,Female,Handbag,Accessories,4620,Bhubaneswar,XL,Charcoal,Summer,3.4,No,Store Pickup,No,No,2,Bank Transfer,Every 3 Months
3702,46,Female,Sandals,Footwear,3630,Nanded,M,Charcoal,Spring,4.5,No,Store Pickup,No,No,36,Cash,Annually
3703,58,Female,Shoes,Footwear,3575,Nashik,M,Indigo,Spring,2.7,No,Store Pickup,No,No,36,GooglePay,Weekly
3704,30,Female,Sandals,Footwear,4565,Michigan,S,Teal,Fall,2.9,No,Standard,No,No,23,PhonPe,Every 3 Months
3705,68,Female,Sunglasses,Accessories,3355,Mussoorie,L,Black,Winter,4,No,Store Pickup,No,No,36,Credit Card,Quarterly
3706,28,Female,Skirt,Clothing,3575,Dhanbad,L,Teal,Summer,3.2,No,Free Shipping,No,No,2,Debit Card,Annually
3707,26,Female,Sandals,Footwear,3025,Varanasi,M,Green,Spring,4,No,Store Pickup,No,No,17,Cash,Bi-Weekly
3708,35,Female,Gloves,Accessories,4345,Visakhapatnam,M,Gold,Fall,3.4,No,2-Day Shipping,No,No,19,GooglePay,Weekly
3709,40,Female,Hoodie,Clothing,5280,Nashik,M,Red,Fall,4.9,No,Express,No,No,41,PhonPe,Monthly
3710,31,Female,Socks,Clothing,2365,Jalandhar,M,Silver,Fall,3.6,No,Free Shipping,No,No,27,PhonPe,Quarterly
3711,60,Female,Jewelry,Accessories,2200,Raipur,M,Yellow,Summer,3.6,No,2-Day Shipping,No,No,32,Bank Transfer,Fortnightly
3712,69,Female,Hat,Accessories,3410,Amritsar,XL,Peach,Fall,3.2,No,Free Shipping,No,No,33,Cash,Annually
3713,51,Female,Blouse,Clothing,3960,Chandigarh,M,Turquoise,Spring,3.7,No,2-Day Shipping,No,No,24,PhonPe,Quarterly
3714,49,Female,Shoes,Footwear,4785,Coimbatore,M,Peach,Spring,2.6,No,Express,No,No,31,Debit Card,Every 3 Months
3715,18,Female,Hat,Accessories,1705,Chandrapur,S,Peach,Winter,3.9,No,Express,No,No,35,Credit Card,Weekly
3716,63,Female,Sunglasses,Accessories,1870,Nainital,S,Orange,Fall,3.4,No,Free Shipping,No,No,2,Bank Transfer,Monthly
3717,57,Female,Shirt,Clothing,2915,Pune,M,Charcoal,Fall,3.4,No,Next Day Air,No,No,42,Debit Card,Every 3 Months
3718,45,Female,T-shirt,Clothing,4675,Kolhapur,XL,White,Summer,4.2,No,Express,No,No,47,Bank Transfer,Every 3 Months
3719,36,Female,Pants,Clothing,2750,Kochi,L,Turquoise,Fall,2.9,No,Standard,No,No,44,Bank Transfer,Bi-Weekly
3720,20,Female,Pants,Clothing,5005,Kota,M,Red,Summer,4.1,No,Free Shipping,No,No,8,Bank Transfer,Every 3 Months
3721,21,Female,Hat,Accessories,3080,Nashik,M,Peach,Fall,3.6,No,Free Shipping,No,No,13,Credit Card,Quarterly
3722,62,Female,Coat,Outerwear,3300,Gwalior,L,Pink,Fall,4,No,Next Day Air,No,No,10,Cash,Annually
3723,23,Female,Jacket,Outerwear,1870,Delhi,XL,Yellow,Fall,4,No,Standard,No,No,1,Credit Card,Fortnightly
3724,26,Female,Sandals,Footwear,1650,Bangalore,M,Beige,Spring,3.6,No,Free Shipping,No,No,1,Debit Card,Monthly
3725,30,Female,Gloves,Accessories,3905,Dhanbad,L,Green,Winter,3.1,No,Express,No,No,18,Bank Transfer,Annually
3726,18,Female,Dress,Clothing,5500,Surat,S,Turquoise,Winter,4.4,No,Next Day Air,No,No,2,PhonPe,Annually
3727,47,Female,Belt,Accessories,4675,Ujjain,XL,Orange,Fall,4.3,No,Next Day Air,No,No,36,Debit Card,Every 3 Months
3728,41,Female,Socks,Clothing,4565,Mumbai,M,Gold,Summer,3.5,No,Next Day Air,No,No,17,Debit Card,Bi-Weekly
3729,62,Female,Jacket,Outerwear,1705,Pune,L,Red,Winter,3,No,Standard,No,No,1,Debit Card,Annually
3730,28,Female,Boots,Footwear,4510,Bangalore,M,Teal,Spring,4.7,No,2-Day Shipping,No,No,50,Cash,Quarterly
3731,46,Female,Shirt,Clothing,4345,Ghaziabad,M,Teal,Summer,2.5,No,2-Day Shipping,No,No,3,Credit Card,Bi-Weekly
3732,54,Female,Hat,Accessories,3410,Ranchi,M,Lavender,Spring,3.1,No,2-Day Shipping,No,No,45,PhonPe,Quarterly
3733,36,Female,Shoes,Footwear,5060,Vijaywada,L,Pink,Spring,3.3,No,Free Shipping,No,No,28,PhonPe,Annually
3734,25,Female,Socks,Clothing,3190,Visakhapatnam,M,Maroon,Fall,4.7,No,Next Day Air,No,No,6,Debit Card,Every 3 Months
3735,38,Female,Hoodie,Clothing,4840,Vadodara,M,Beige,Spring,3.4,No,Next Day Air,No,No,33,Debit Card,Every 3 Months
3736,38,Female,Sandals,Footwear,2420,Kolkata,L,Orange,Spring,3.1,No,2-Day Shipping,No,No,29,PhonPe,Annually
3737,42,Female,Jeans,Clothing,3080,Ujjain,M,Red,Spring,4.6,No,Store Pickup,No,No,2,PhonPe,Every 3 Months
3738,19,Female,Jewelry,Accessories,1265,Delhi,S,Maroon,Winter,4.9,No,Free Shipping,No,No,43,PhonPe,Bi-Weekly
3739,34,Female,Shorts,Clothing,2475,Chennai,M,Brown,Spring,2.7,No,Free Shipping,No,No,48,Cash,Fortnightly
3740,38,Female,Sunglasses,Accessories,1705,Ujjain,M,Olive,Fall,4.2,No,Free Shipping,No,No,43,Credit Card,Weekly
3741,42,Female,Pants,Clothing,5280,Shimla,M,Silver,Summer,2.6,No,Store Pickup,No,No,26,Debit Card,Bi-Weekly
3742,58,Female,Shirt,Clothing,5280,Coimbatore,M,Purple,Spring,3.2,No,2-Day Shipping,No,No,26,Debit Card,Bi-Weekly
3743,56,Female,Shirt,Clothing,4400,Kolhapur,M,Gray,Fall,4.4,No,Standard,No,No,50,Credit Card,Bi-Weekly
3744,62,Female,Pants,Clothing,1540,Ujjain,L,Cyan,Fall,3.6,No,Free Shipping,No,No,36,Debit Card,Quarterly
3745,24,Female,Hoodie,Clothing,2805,Mangaluru,M,Gray,Summer,2.7,No,Next Day Air,No,No,26,Bank Transfer,Fortnightly
3746,60,Female,Socks,Clothing,2255,Patna,L,Gold,Spring,4.3,No,Express,No,No,2,Debit Card,Monthly
3747,53,Female,Coat,Outerwear,5445,Ujjain,XL,Cyan,Summer,2.6,No,Next Day Air,No,No,49,PhonPe,Monthly
3748,26,Female,Sweater,Clothing,2915,Bangalore,L,Olive,Spring,4.3,No,Store Pickup,No,No,32,Bank Transfer,Bi-Weekly
3749,34,Female,Backpack,Accessories,1375,Chennai,M,Violet,Fall,3.9,No,2-Day Shipping,No,No,3,GooglePay,Annually
3750,24,Female,Blouse,Clothing,5225,Rameswaram,L,Yellow,Winter,2.9,No,2-Day Shipping,No,No,38,GooglePay,Every 3 Months
3751,42,Female,Hoodie,Clothing,4840,Coimbatore,M,Gold,Fall,3.1,No,Free Shipping,No,No,5,PhonPe,Monthly
3752,36,Female,Jewelry,Accessories,5335,Nellore,S,Silver,Fall,4.2,No,Free Shipping,No,No,8,Credit Card,Every 3 Months
3753,24,Female,Coat,Outerwear,4455,Patna,L,Pink,Winter,4.1,No,2-Day Shipping,No,No,43,GooglePay,Weekly
3754,39,Female,Sunglasses,Accessories,1430,Lucknow,S,Turquoise,Winter,4.2,No,Next Day Air,No,No,22,Bank Transfer,Fortnightly
3755,46,Female,Shoes,Footwear,2255,Nainital,M,Turquoise,Summer,4.4,No,Express,No,No,10,Cash,Every 3 Months
3756,64,Female,Skirt,Clothing,5115,Kota,M,Peach,Fall,3.4,No,Free Shipping,No,No,26,Credit Card,Monthly
3757,64,Female,Skirt,Clothing,3795,Nashik,L,Teal,Spring,4.8,No,Express,No,No,42,Debit Card,Bi-Weekly
3758,61,Female,Skirt,Clothing,2420,Vadodara,L,Red,Fall,4.5,No,2-Day Shipping,No,No,33,Cash,Weekly
3759,61,Female,Sandals,Footwear,2970,Vijaywada,S,Black,Spring,2.7,No,Store Pickup,No,No,23,Bank Transfer,Quarterly
3760,44,Female,Sneakers,Footwear,3355,Mussoorie,M,Pink,Spring,3.5,No,Store Pickup,No,No,30,GooglePay,Quarterly
3761,65,Female,Socks,Clothing,4400,Gwalior,M,Peach,Fall,3.1,No,Next Day Air,No,No,36,PhonPe,Weekly
3762,60,Female,Backpack,Accessories,1650,Srinagar,M,Green,Summer,2.8,No,Next Day Air,No,No,3,GooglePay,Every 3 Months
3763,65,Female,Shorts,Clothing,5170,Chandrapur,L,Green,Fall,2.9,No,Store Pickup,No,No,13,PhonPe,Annually
3764,27,Female,Shirt,Clothing,1320,Surat,XL,Red,Winter,4.5,No,Standard,No,No,38,Cash,Every 3 Months
3765,36,Female,Socks,Clothing,1155,Ayodhya,M,Maroon,Fall,3.5,No,Next Day Air,No,No,19,GooglePay,Monthly
3766,22,Female,Jewelry,Accessories,2860,Mussoorie,M,Green,Summer,4.3,No,Standard,No,No,14,Bank Transfer,Bi-Weekly
3767,62,Female,Handbag,Accessories,3245,Amritsar,M,Black,Fall,4.9,No,Next Day Air,No,No,43,Debit Card,Annually
3768,59,Female,Shorts,Clothing,2805,Chandrapur,XL,Black,Summer,3.1,No,Free Shipping,No,No,10,Bank Transfer,Fortnightly
3769,50,Female,Sweater,Clothing,1925,Pune,M,Yellow,Winter,4,No,Free Shipping,No,No,34,Bank Transfer,Quarterly
3770,51,Female,Gloves,Accessories,4785,Coimbatore,L,Green,Summer,3.6,No,Standard,No,No,31,GooglePay,Annually
3771,23,Female,Pants,Clothing,2310,Ahmedabad,L,Black,Summer,4,No,Store Pickup,No,No,34,Bank Transfer,Weekly
3772,21,Female,T-shirt,Clothing,4730,Surat,M,Red,Winter,2.6,No,Express,No,No,28,GooglePay,Bi-Weekly
3773,44,Female,Pants,Clothing,1430,Hyderabad,L,Yellow,Fall,3.1,No,Next Day Air,No,No,35,Cash,Annually
3774,25,Female,Sweater,Clothing,3300,Gaya,M,Violet,Summer,3.5,No,Store Pickup,No,No,41,Cash,Quarterly
3775,57,Female,Gloves,Accessories,4565,Rameswaram,S,Cyan,Winter,3.9,No,Standard,No,No,48,PhonPe,Fortnightly
3776,41,Female,Belt,Accessories,3465,Ayodhya,S,Pink,Spring,2.7,No,2-Day Shipping,No,No,45,Cash,Quarterly
3777,19,Female,Sneakers,Footwear,1375,Rameswaram,L,Olive,Spring,4.1,No,Standard,No,No,10,Credit Card,Fortnightly
3778,43,Female,Shorts,Clothing,3575,Jalandhar,M,Maroon,Fall,4.3,No,Express,No,No,9,Cash,Weekly
3779,25,Female,Sneakers,Footwear,3300,Ayodhya,M,Cyan,Fall,2.9,No,Free Shipping,No,No,30,Debit Card,Annually
3780,60,Female,Jeans,Clothing,4125,Vadodara,XL,Lavender,Spring,4,No,Express,No,No,45,PhonPe,Annually
3781,54,Female,Sneakers,Footwear,3135,Indore,L,Yellow,Fall,4.1,No,Free Shipping,No,No,41,GooglePay,Quarterly
3782,52,Female,Boots,Footwear,5445,Kochi,M,Pink,Winter,3.7,No,Standard,No,No,40,PhonPe,Fortnightly
3783,40,Female,Jacket,Outerwear,2475,Nellore,L,Orange,Spring,2.8,No,Free Shipping,No,No,42,PhonPe,Fortnightly
3784,39,Female,Gloves,Accessories,3630,Mumbai,XL,Orange,Summer,3.2,No,Free Shipping,No,No,17,Debit Card,Fortnightly
3785,54,Female,Socks,Clothing,2915,Shimla,M,Violet,Winter,4.5,No,Next Day Air,No,No,4,GooglePay,Annually
3786,64,Female,Jeans,Clothing,5170,Hyderabad,L,Lavender,Winter,3.8,No,Standard,No,No,6,Cash,Monthly
3787,31,Female,Boots,Footwear,2585,Kochi,L,Yellow,Fall,3.6,No,2-Day Shipping,No,No,22,GooglePay,Weekly
3788,37,Female,Blouse,Clothing,4400,Chandrapur,M,Pink,Fall,3.6,No,2-Day Shipping,No,No,46,PhonPe,Every 3 Months
3789,43,Female,Hat,Accessories,3575,Varanasi,XL,Teal,Spring,3.2,No,Next Day Air,No,No,27,Debit Card,Monthly
3790,56,Female,Shirt,Clothing,4125,Bhubaneswar,M,Magenta,Summer,3.8,No,Express,No,No,18,Bank Transfer,Every 3 Months
3791,27,Female,Handbag,Accessories,2475,Rameswaram,XL,Beige,Summer,4.4,No,Standard,No,No,31,Credit Card,Weekly
3792,40,Female,Sunglasses,Accessories,2805,Amritsar,M,Gray,Spring,3.7,No,Store Pickup,No,No,1,GooglePay,Weekly
3793,43,Female,Scarf,Accessories,3190,Kolkata,S,Turquoise,Summer,2.6,No,Express,No,No,2,PhonPe,Fortnightly
3794,62,Female,Sunglasses,Accessories,1100,Chennai,M,Pink,Fall,4,No,Standard,No,No,46,Bank Transfer,Annually
3795,44,Female,Scarf,Accessories,4510,Ayodhya,M,Violet,Summer,3.6,No,2-Day Shipping,No,No,27,GooglePay,Weekly
3796,45,Female,Gloves,Accessories,5060,Gurgaon,M,Charcoal,Spring,2.5,No,Express,No,No,3,Cash,Weekly
3797,40,Female,Shorts,Clothing,4455,Jalandhar,M,Lavender,Fall,3.2,No,Free Shipping,No,No,47,Bank Transfer,Quarterly
3798,68,Female,Sunglasses,Accessories,2420,Vadodara,M,Gray,Summer,2.5,No,Next Day Air,No,No,20,Cash,Quarterly
3799,63,Female,Jewelry,Accessories,3960,Bangalore,S,Brown,Winter,3.2,No,Next Day Air,No,No,23,Credit Card,Annually
3800,60,Female,Jacket,Outerwear,1430,Surat,L,Violet,Winter,2.6,No,Store Pickup,No,No,13,Credit Card,Monthly
3801,19,Female,Sweater,Clothing,1430,Pune,M,Turquoise,Fall,4.8,No,Next Day Air,No,No,12,GooglePay,Bi-Weekly
3802,26,Female,Blouse,Clothing,4620,Delhi,M,Peach,Spring,5,No,Store Pickup,No,No,36,PhonPe,Fortnightly
3803,70,Female,Scarf,Accessories,3960,Visakhapatnam,S,Turquoise,Spring,3.2,No,2-Day Shipping,No,No,1,Bank Transfer,Monthly
3804,48,Female,Handbag,Accessories,3025,Gwalior,M,Violet,Spring,3.6,No,Standard,No,No,14,Debit Card,Weekly
3805,37,Female,Hat,Accessories,4235,Ghaziabad,M,Olive,Fall,2.7,No,2-Day Shipping,No,No,45,Cash,Annually
3806,48,Female,Scarf,Accessories,3135,Mangaluru,M,Green,Fall,3.1,No,Standard,No,No,31,Credit Card,Quarterly
3807,18,Female,Boots,Footwear,3905,Mussoorie,M,Teal,Spring,3,No,Standard,No,No,41,PhonPe,Weekly
3808,38,Female,Blouse,Clothing,2145,Michigan,L,Peach,Spring,2.9,No,Next Day Air,No,No,36,PhonPe,Annually
3809,33,Female,Socks,Clothing,1540,Patna,M,Pink,Winter,4.7,No,Express,No,No,6,Debit Card,Bi-Weekly
3810,57,Female,Shoes,Footwear,1815,Chandrapur,S,Maroon,Winter,3.7,No,Standard,No,No,28,Credit Card,Annually
3811,46,Female,Skirt,Clothing,4345,Gaya,L,Peach,Fall,3.9,No,Free Shipping,No,No,29,GooglePay,Monthly
3812,46,Female,Belt,Accessories,1650,Ujjain,M,Maroon,Winter,4,No,Standard,No,No,14,Cash,Monthly
3813,50,Female,Skirt,Clothing,4125,Michigan,M,Pink,Spring,2.8,No,Next Day Air,No,No,7,Bank Transfer,Every 3 Months
3814,61,Female,Pants,Clothing,4895,Bareily,M,Orange,Summer,4.1,No,Express,No,No,31,GooglePay,Bi-Weekly
3815,45,Female,Dress,Clothing,5225,Michigan,M,Orange,Winter,4.2,No,Free Shipping,No,No,26,Bank Transfer,Every 3 Months
3816,32,Female,Hat,Accessories,2420,Mumbai,M,Brown,Fall,4.3,No,Express,No,No,12,GooglePay,Fortnightly
3817,29,Female,Coat,Outerwear,4730,Kolhapur,S,Silver,Summer,4.3,No,Store Pickup,No,No,45,Credit Card,Fortnightly
3818,66,Female,Scarf,Accessories,5005,Mussoorie,M,Magenta,Fall,2.6,No,Express,No,No,40,PhonPe,Annually
3819,70,Female,Sneakers,Footwear,2255,Chandigarh,XL,Indigo,Winter,3.8,No,Free Shipping,No,No,42,Cash,Monthly
3820,36,Female,Pants,Clothing,5445,Gurgaon,S,Gold,Spring,2.9,No,Express,No,No,45,Cash,Quarterly
3821,34,Female,Belt,Accessories,3575,Hyderabad,M,Purple,Winter,5,No,Standard,No,No,34,Debit Card,Quarterly
3822,20,Female,Sneakers,Footwear,2640,Chandigarh,M,Gold,Summer,4.6,No,Free Shipping,No,No,34,Credit Card,Every 3 Months
3823,70,Female,Hat,Accessories,2255,Varanasi,S,Gold,Spring,3.2,No,Free Shipping,No,No,17,PhonPe,Every 3 Months
3824,50,Female,Shirt,Clothing,2310,Vadodara,M,Gold,Summer,3,No,Standard,No,No,27,Bank Transfer,Weekly
3825,54,Female,Shorts,Clothing,1430,Bareily,M,Olive,Summer,4,No,Free Shipping,No,No,31,Credit Card,Quarterly
3826,49,Female,Shorts,Clothing,1925,Raipur,L,Green,Fall,4.1,No,Express,No,No,47,Debit Card,Fortnightly
3827,50,Female,Jacket,Outerwear,1705,Ahmedabad,M,Gray,Summer,4,No,Express,No,No,25,Bank Transfer,Annually
3828,62,Female,Jewelry,Accessories,4015,Ahmedabad,M,Red,Summer,4.1,No,Standard,No,No,47,Cash,Fortnightly
3829,42,Female,Blouse,Clothing,4510,Indore,M,Charcoal,Spring,3.4,No,Free Shipping,No,No,8,Cash,Weekly
3830,69,Female,Pants,Clothing,1760,Patna,M,Indigo,Spring,2.9,No,Free Shipping,No,No,32,Debit Card,Fortnightly
3831,22,Female,Hat,Accessories,1485,Kota,M,Indigo,Summer,3,No,2-Day Shipping,No,No,33,Bank Transfer,Every 3 Months
3832,36,Female,Backpack,Accessories,4730,Srinagar,L,Silver,Spring,4,No,Next Day Air,No,No,16,Debit Card,Every 3 Months
3833,64,Female,Boots,Footwear,2090,Varanasi,XL,Purple,Winter,4.8,No,2-Day Shipping,No,No,27,Cash,Weekly
3834,44,Female,Jacket,Outerwear,5115,Coimbatore,L,Gray,Summer,4.6,No,Free Shipping,No,No,17,PhonPe,Every 3 Months
3835,43,Female,Hoodie,Clothing,3245,Kochi,M,Magenta,Winter,4.1,No,2-Day Shipping,No,No,17,Cash,Quarterly
3836,58,Female,Sandals,Footwear,3190,Kota,L,Silver,Winter,2.6,No,Express,No,No,28,PhonPe,Bi-Weekly
3837,62,Female,Skirt,Clothing,4620,Rameswaram,M,Violet,Spring,2.5,No,Free Shipping,No,No,38,PhonPe,Fortnightly
3838,45,Female,Hoodie,Clothing,5500,Nanded,M,Green,Spring,4.8,No,Free Shipping,No,No,33,Bank Transfer,Fortnightly
3839,47,Female,Dress,Clothing,1375,Bangalore,L,Green,Summer,4.2,No,Express,No,No,24,GooglePay,Every 3 Months
3840,66,Female,Sandals,Footwear,1595,Gwalior,M,Peach,Spring,3.9,No,Free Shipping,No,No,14,GooglePay,Quarterly
3841,30,Female,Jeans,Clothing,2310,Ujjain,M,Turquoise,Spring,3.7,No,Express,No,No,5,GooglePay,Fortnightly
3842,68,Female,Jeans,Clothing,3135,Indore,L,Pink,Fall,4.2,No,2-Day Shipping,No,No,8,Bank Transfer,Monthly
3843,35,Female,Jacket,Outerwear,4620,Dhanbad,L,Lavender,Winter,4.2,No,Next Day Air,No,No,42,Debit Card,Monthly
3844,64,Female,Hat,Accessories,3905,Bareily,L,Silver,Winter,4,No,Free Shipping,No,No,48,GooglePay,Every 3 Months
3845,30,Female,Shorts,Clothing,4785,Ahmedabad,S,Cyan,Fall,5,No,Next Day Air,No,No,40,GooglePay,Quarterly
3846,58,Female,Sweater,Clothing,2860,Vadodara,M,Green,Winter,4.9,No,Standard,No,No,46,GooglePay,Annually
3847,57,Female,Blouse,Clothing,3190,Kota,L,Orange,Summer,4,No,Express,No,No,40,PhonPe,Every 3 Months
3848,60,Female,Sweater,Clothing,1870,Chennai,S,Blue,Fall,3.2,No,2-Day Shipping,No,No,31,PhonPe,Fortnightly
3849,22,Female,Jewelry,Accessories,3300,Hyderabad,M,Magenta,Winter,3,No,Next Day Air,No,No,39,Cash,Every 3 Months
3850,46,Female,Hoodie,Clothing,3740,Ghaziabad,S,Cyan,Winter,2.6,No,Express,No,No,36,PhonPe,Fortnightly
3851,27,Female,Jewelry,Accessories,4070,Indore,L,Indigo,Summer,4.4,No,2-Day Shipping,No,No,25,Debit Card,Every 3 Months
3852,50,Female,Scarf,Accessories,4565,Ahmedabad,M,Pink,Summer,3.9,No,Free Shipping,No,No,24,Debit Card,Annually
3853,65,Female,Hat,Accessories,4345,Indore,M,Peach,Fall,4,No,2-Day Shipping,No,No,19,PhonPe,Weekly
3854,61,Female,Sunglasses,Accessories,4180,Kochi,M,Lavender,Fall,4,No,Store Pickup,No,No,49,Debit Card,Bi-Weekly
3855,57,Female,T-shirt,Clothing,1100,Ghaziabad,M,Black,Spring,4.2,No,Free Shipping,No,No,4,GooglePay,Annually
3856,40,Female,Shirt,Clothing,3355,Visakhapatnam,XL,Lavender,Summer,4.4,No,Next Day Air,No,No,36,Cash,Quarterly
3857,39,Female,Sandals,Footwear,4290,Shimla,S,Brown,Summer,2.5,No,Free Shipping,No,No,8,Debit Card,Quarterly
3858,42,Female,Hat,Accessories,1155,Amritsar,S,Yellow,Summer,3.1,No,Store Pickup,No,No,29,Credit Card,Every 3 Months
3859,30,Female,T-shirt,Clothing,4235,Mussoorie,M,Olive,Winter,3.5,No,Store Pickup,No,No,26,Credit Card,Quarterly
3860,65,Female,Shorts,Clothing,4840,Indore,S,Blue,Fall,3,No,2-Day Shipping,No,No,47,Bank Transfer,Bi-Weekly
3861,57,Female,Sunglasses,Accessories,3520,Kota,M,Turquoise,Summer,4.4,No,Next Day Air,No,No,44,Cash,Annually
3862,64,Female,Jacket,Outerwear,3135,Nagpur,M,Yellow,Spring,4.9,No,Standard,No,No,49,Credit Card,Monthly
3863,56,Female,Shirt,Clothing,2695,Ujjain,L,Turquoise,Winter,2.8,No,Next Day Air,No,No,9,GooglePay,Monthly
3864,40,Female,Scarf,Accessories,1925,Hyderabad,M,Orange,Summer,3.3,No,Free Shipping,No,No,28,Cash,Fortnightly
3865,55,Female,T-shirt,Clothing,5445,Nagpur,S,Blue,Winter,4.9,No,Express,No,No,1,Debit Card,Fortnightly
3866,25,Female,Shorts,Clothing,2310,Nainital,M,Olive,Spring,4.2,No,Store Pickup,No,No,28,Cash,Every 3 Months
3867,58,Female,Hat,Accessories,1760,Rameswaram,M,Beige,Winter,3.3,No,2-Day Shipping,No,No,33,Credit Card,Fortnightly
3868,46,Female,Jacket,Outerwear,1155,Kolhapur,L,Lavender,Summer,2.7,No,Standard,No,No,28,Credit Card,Monthly
3869,18,Female,Dress,Clothing,1595,Kolhapur,XL,Magenta,Winter,3.3,No,2-Day Shipping,No,No,9,Cash,Annually
3870,26,Female,Coat,Outerwear,3520,Coimbatore,L,Cyan,Spring,3.8,No,Free Shipping,No,No,28,Bank Transfer,Annually
3871,61,Female,Sandals,Footwear,2530,Mysuru,L,Lavender,Fall,3.2,No,Next Day Air,No,No,19,Cash,Every 3 Months
3872,55,Female,T-shirt,Clothing,5335,Prayagraj,M,Black,Fall,4.1,No,2-Day Shipping,No,No,20,Bank Transfer,Every 3 Months
3873,41,Female,Jacket,Outerwear,5170,Hyderabad,M,Green,Spring,4.3,No,Standard,No,No,3,Cash,Monthly
3874,42,Female,Sandals,Footwear,2365,Lucknow,L,Silver,Summer,4,No,Standard,No,No,22,Credit Card,Weekly
3875,70,Female,Sweater,Clothing,2970,Srinagar,XL,Beige,Summer,3.9,No,2-Day Shipping,No,No,33,Credit Card,Bi-Weekly
3876,63,Female,Hat,Accessories,2805,Hyderabad,M,Pink,Winter,3.3,No,2-Day Shipping,No,No,21,Credit Card,Annually
3877,60,Female,Shoes,Footwear,4675,Gaya,S,Cyan,Fall,2.6,No,2-Day Shipping,No,No,7,Cash,Annually
3878,28,Female,Hoodie,Clothing,5280,Srinagar,M,Olive,Spring,4.2,No,Next Day Air,No,No,46,Debit Card,Monthly
3879,60,Female,Hat,Accessories,2310,Nashik,M,Pink,Summer,3.4,No,2-Day Shipping,No,No,24,Credit Card,Annually
3880,26,Female,Skirt,Clothing,3465,Ghaziabad,L,Maroon,Winter,4.1,No,Free Shipping,No,No,6,Debit Card,Quarterly
3881,42,Female,Shirt,Clothing,1100,Kolkata,M,Red,Winter,3.9,No,Free Shipping,No,No,40,PhonPe,Monthly
3882,56,Female,Scarf,Accessories,1375,Bareily,L,Silver,Spring,2.8,No,2-Day Shipping,No,No,17,Debit Card,Weekly
3883,35,Female,Pants,Clothing,5225,Bhubaneswar,L,Blue,Fall,2.6,No,Free Shipping,No,No,24,Cash,Fortnightly
3884,34,Female,Hat,Accessories,2090,Bhubaneswar,XL,Purple,Fall,4,No,Next Day Air,No,No,22,Cash,Fortnightly
3885,47,Female,Sandals,Footwear,1595,Kolhapur,M,Brown,Fall,4.9,No,Express,No,No,3,PhonPe,Weekly
3886,49,Female,Socks,Clothing,3520,Nanded,L,Purple,Winter,3.2,No,Free Shipping,No,No,39,Cash,Quarterly
3887,37,Female,Jewelry,Accessories,5060,Sultanpur,S,Brown,Summer,3.9,No,Express,No,No,40,Debit Card,Quarterly
3888,40,Female,Shirt,Clothing,1870,Varanasi,M,Charcoal,Spring,2.7,No,Express,No,No,1,Credit Card,Quarterly
3889,45,Female,Sneakers,Footwear,3795,Shimla,M,Violet,Spring,3.4,No,Standard,No,No,14,GooglePay,Bi-Weekly
3890,57,Female,Dress,Clothing,3575,Rameswaram,S,Yellow,Spring,3.5,No,Express,No,No,49,Bank Transfer,Annually
3891,35,Female,Shirt,Clothing,4455,Nainital,XL,Green,Winter,2.6,No,Standard,No,No,33,Debit Card,Annually
3892,36,Female,Dress,Clothing,1650,Dhanbad,L,Peach,Winter,4.7,No,Free Shipping,No,No,6,Bank Transfer,Quarterly
3893,35,Female,Jewelry,Accessories,4730,Michigan,L,Indigo,Summer,3.5,No,Standard,No,No,5,PhonPe,Fortnightly
3894,21,Female,Hat,Accessories,3520,Kolkata,L,White,Fall,3.3,No,Store Pickup,No,No,29,Bank Transfer,Bi-Weekly
3895,66,Female,Skirt,Clothing,4290,Gwalior,L,White,Spring,3.9,No,2-Day Shipping,No,No,44,Credit Card,Every 3 Months
3896,40,Female,Hoodie,Clothing,1540,Shimla,L,Turquoise,Summer,4.2,No,2-Day Shipping,No,No,32,GooglePay,Weekly
3897,52,Female,Backpack,Accessories,2695,Sultanpur,L,White,Spring,4.5,No,Store Pickup,No,No,41,Bank Transfer,Bi-Weekly
3898,46,Female,Belt,Accessories,1815,Mangaluru,L,Green,Spring,2.9,No,Standard,No,No,24,GooglePay,Quarterly
3899,44,Female,Shoes,Footwear,4235,Prayagraj,S,Brown,Summer,3.8,No,Express,No,No,24,GooglePay,Weekly
3900,52,Female,Handbag,Accessories,4455,Vadodara,M,Beige,Spring,3.1,No,Store Pickup,No,No,33,GooglePay,Quarterly
